date	factor_premium_factor_1	factor_premium_factor_2	factor_premium_factor_3	factor_premium_factor_4	factor_premium_factor_5	factor_premium_factor_6	factor_premium_factor_7	factor_premium_factor_8	factor_premium_factor_9	factor_premium_factor_10	factor_premium_factor_11	factor_premium_factor_12	factor_premium_factor_13	factor_premium_factor_14	factor_premium_factor_15	factor_premium_factor_16	factor_premium_factor_17	factor_premium_factor_18	factor_premium_factor_19	factor_premium_factor_20	factor_premium_factor_21	factor_premium_factor_22	factor_premium_factor_23	factor_premium_factor_24	factor_premium_factor_25	factor_premium_factor_26	factor_premium_factor_27	factor_premium_factor_28	factor_premium_factor_29	factor_premium_factor_30	factor_premium_factor_31	factor_premium_factor_32	factor_premium_factor_33	factor_premium_factor_34	factor_premium_factor_35	factor_premium_factor_36	factor_premium_factor_37	factor_premium_factor_38	factor_premium_factor_39	factor_premium_factor_40	factor_premium_factor_41	factor_premium_factor_42	factor_premium_factor_43	factor_premium_factor_44	factor_premium_factor_45	factor_premium_factor_46	factor_premium_factor_47	factor_premium_factor_48	factor_premium_factor_49	factor_premium_factor_50	factor_premium_factor_51	factor_premium_factor_52	factor_premium_factor_53	factor_premium_factor_54	factor_premium_factor_55	factor_premium_factor_56	factor_premium_factor_57	factor_premium_factor_58	factor_premium_factor_59	factor_premium_factor_60	factor_premium_factor_61	factor_premium_factor_62	factor_premium_factor_63	factor_premium_factor_64	factor_premium_factor_65	factor_premium_factor_66	factor_premium_factor_67	factor_premium_factor_68	factor_premium_factor_69	factor_premium_factor_70	factor_premium_factor_71	factor_premium_factor_72	factor_premium_factor_73	factor_premium_factor_74	factor_premium_factor_75	factor_premium_factor_76	factor_premium_factor_77	factor_premium_factor_78	factor_premium_factor_79	factor_premium_factor_80	factor_mu_factor_1	factor_mu_factor_2	factor_mu_factor_3	factor_mu_factor_4	factor_mu_factor_5	factor_mu_factor_6	factor_mu_factor_7	factor_mu_factor_8	factor_mu_factor_9	factor_mu_factor_10	factor_mu_factor_11	factor_mu_factor_12	factor_mu_factor_13	factor_mu_factor_14	factor_mu_factor_15	factor_mu_factor_16	factor_mu_factor_17	factor_mu_factor_18	factor_mu_factor_19	factor_mu_factor_20	factor_mu_factor_21	factor_mu_factor_22	factor_mu_factor_23	factor_mu_factor_24	factor_mu_factor_25	factor_mu_factor_26	factor_mu_factor_27	factor_mu_factor_28	factor_mu_factor_29	factor_mu_factor_30	factor_mu_factor_31	factor_mu_factor_32	factor_mu_factor_33	factor_mu_factor_34	factor_mu_factor_35	factor_mu_factor_36	factor_mu_factor_37	factor_mu_factor_38	factor_mu_factor_39	factor_mu_factor_40	factor_mu_factor_41	factor_mu_factor_42	factor_mu_factor_43	factor_mu_factor_44	factor_mu_factor_45	factor_mu_factor_46	factor_mu_factor_47	factor_mu_factor_48	factor_mu_factor_49	factor_mu_factor_50	factor_mu_factor_51	factor_mu_factor_52	factor_mu_factor_53	factor_mu_factor_54	factor_mu_factor_55	factor_mu_factor_56	factor_mu_factor_57	factor_mu_factor_58	factor_mu_factor_59	factor_mu_factor_60	factor_mu_factor_61	factor_mu_factor_62	factor_mu_factor_63	factor_mu_factor_64	factor_mu_factor_65	factor_mu_factor_66	factor_mu_factor_67	factor_mu_factor_68	factor_mu_factor_69	factor_mu_factor_70	factor_mu_factor_71	factor_mu_factor_72	factor_mu_factor_73	factor_mu_factor_74	factor_mu_factor_75	factor_mu_factor_76	factor_mu_factor_77	factor_mu_factor_78	factor_mu_factor_79	factor_mu_factor_80	industry_return_ind1	industry_return_ind2	industry_return_ind3	industry_return_ind4	industry_return_ind5	industry_return_ind6	industry_return_ind7	industry_return_ind8	industry_return_ind9	industry_return_ind10	country_return_ct1	country_return_ct2	country_return_ct3	country_return_ct4	country_return_ct5	country_return_ct6	country_return_ct7	country_return_ct8	country_return_ct9	country_return_ct10	factor_regime
1996-01-31	0.015169198259845286	0.022108171929722947	0.02520065973238309	0.025118889006850116	0.014706257518553173	-0.0019921128634165586	-0.01815779714355941	-0.026047944948769525	-0.0031070852403013555	-0.00485549530904434	0.0016393311740801044	0.012080544353818326	0.022082761438244062	-0.010749946096953308	-0.011976950982396052	0.011013716298878254	0.0015606316020627586	-0.006641905874217139	0.011094311832701133	0.01959990945208744	0.00590530873838107	0.01234122091909462	0.010646985421265501	-0.017561672122087497	0.014797339849538316	0.02649142886825269	0.007184236243181535	-0.0015104989581477542	-0.0019977812197552566	0.013720199732019734	-0.005789519299113125	-0.000509374104068275	-0.0025376226773079747	0.012595221554023383	0.007355855713532603	0.009347823153143019	-0.008340821338555232	0.025267085763477182	-0.02120544904906575	-0.008766298026090505	0.012603488241187068	-0.002457904345051383	0.008732254596141811	0.003225486998618771	-0.010812959631920117	-0.0024526620834989343	0.01629838247053661	0.012168473772022712	-0.012073128264074888	0.00515425243787666	-0.014460363839557212	0.0023901220436986356	0.0025010085767932606	0.0019810676744102	-0.0031464628006949795	-0.008433636302874515	0.0037053062722236336	-0.0020880373702329945	-0.001797306383804165	-0.023957431130023753	-0.004119589997055843	-0.005342782009457834	-0.014177162634786024	-0.013137592106165627	0.009437608753727404	-0.0027681641386940827	0.01738215496247047	-0.01768651589016615	-0.00014094660181487883	0.0021887492230943575	0.0021343839195575374	-0.008672561765741639	-0.025373627051583927	-0.007799793716678847	-0.00697332481494623	0.0007402074116093226	-0.014284236723670268	-0.011116838039336297	0.008471698446382812	0.002195502814206087	0.0055	0.004482142857142857	0.0034642857142857145	0.002446428571428571	0.0014285714285714284	0.00041071428571428563	-0.0006071428571428575	-0.0016250000000000001	0.0	0.0	0.0	0.0	0.0	0.0	0.0	0.0	0.0	0.0	0.0	0.0	0.0	0.0	0.0	0.0	0.0	0.0	0.0	0.0	0.0	0.0	0.0	0.0	0.0	0.0	0.0	0.0	0.0	0.0	0.0	0.0	0.0	0.0	0.0	0.0	0.0	0.0	0.0	0.0	0.0	0.0	0.0	0.0	0.0	0.0	0.0	0.0	0.0	0.0	0.0	0.0	0.0	0.0	0.0	0.0	0.0	0.0	0.0	0.0	0.0	0.0	0.0	0.0	0.0	0.0	0.0	0.0	0.0	0.0	0.0	0.0	0.009393765086478463	0.012417611811135711	0.0009660619029605737	0.005023801978965965	-0.0005837919739527575	-0.016489835129682044	0.012575341464379436	-0.010684584256093883	0.005990623146669951	0.00856033077893984	0.003108361480312758	-0.011522234653657653	0.004214025665752438	-0.0028620339055494552	0.006832751145876364	-0.006404822520431068	-0.0058248348877984624	0.002742598346180364	0.004639017879833387	-0.005120369292398672	bull
1996-02-29	0.008508328920375258	0.00178996836549928	-0.0012635993437695183	0.024999013023810402	-0.0015729646862946544	0.004450775766679178	0.003875725098325714	-0.009760681913726385	0.013444191935491337	0.010175857742507165	-0.0025100529119171286	0.009250965578866184	0.005759323992245507	-0.012949113313089861	3.778750080564898e-05	0.007853036241082478	0.010693352898130176	-0.016625814363159245	-0.006387817054180732	-0.0050106956805449025	-0.005447734962212196	0.014084762574898593	-0.008353508117271343	-0.01758565763658187	-0.02297421460202993	0.0009578447183848446	0.00020891710889711255	0.0019817379512987914	0.0007014667534084244	0.010699124542901301	0.011035707719656732	0.0037664040997147314	0.014381536622205614	-0.020722720105355967	0.020587771713317334	-0.009134540695015875	-0.028541111041501234	-0.006349207752841796	-0.022483438035441883	-0.0011881965672505903	0.0004723271029035683	0.00444883213481765	-0.01290012774004656	0.00174536262521134	-0.015302691364862947	-0.01782459140467388	0.005485109340758067	0.002736623448918807	0.012204488669741932	-0.016816858766141685	0.004142719789499051	0.0031426412596709708	-0.016453265786121822	-0.018755790531918906	-0.0025619371797524133	-0.005444496241567445	-0.010748344525269153	0.014606198062748502	-0.005992735950730711	0.016271517909925075	-0.0014731060720566186	-0.005817495755072193	0.0013142444060536545	0.00458742188757875	0.00525198540959229	-0.0073831682279413904	0.00970093402711578	-0.0012823502991131477	0.002460588341780211	-0.012424639998599009	0.01480954333608338	0.0069157979336217975	0.004622191182067189	0.00029789005666264624	-0.008138528068066305	-0.027951157656690418	-0.009411739749517867	0.0011629129185590815	-0.013065889444660117	-0.003607223406906764	0.0055	0.004482142857142857	0.0034642857142857145	0.002446428571428571	0.0014285714285714284	0.00041071428571428563	-0.0006071428571428575	-0.0016250000000000001	0.0	0.0	0.0	0.0	0.0	0.0	0.0	0.0	0.0	0.0	0.0	0.0	0.0	0.0	0.0	0.0	0.0	0.0	0.0	0.0	0.0	0.0	0.0	0.0	0.0	0.0	0.0	0.0	0.0	0.0	0.0	0.0	0.0	0.0	0.0	0.0	0.0	0.0	0.0	0.0	0.0	0.0	0.0	0.0	0.0	0.0	0.0	0.0	0.0	0.0	0.0	0.0	0.0	0.0	0.0	0.0	0.0	0.0	0.0	0.0	0.0	0.0	0.0	0.0	0.0	0.0	0.0	0.0	0.0	0.0	0.0	0.0	0.0032819176686551903	0.01521232808301461	0.002748332228767722	0.013063762143464592	0.005846722825543412	-0.0025876836968284377	-0.009641357216488497	-0.009154221662157685	-0.010578733372486708	-0.005790077148200347	0.003359998398763928	0.006444025839194646	-0.00405001307369365	-0.005455899317864345	7.046597344599983e-05	0.0067283445271350524	-0.004387531456064562	0.00538613167222144	-0.0048394415815217065	0.010276624819522967	bull
1996-03-31	-0.006754947136522466	-0.015899931686950475	0.007954228394896262	0.013238392394744992	-0.01952811572905753	-0.015591007128335516	-0.01657463280116428	0.008091865887895714	-0.007129048297172722	0.009598310410485379	-0.0031479886662963796	0.0035969780357692086	0.019813161521128546	0.013528608956602921	-0.016274230510389936	-0.002145143941142413	-0.004491233572128055	-0.006092317603441804	0.009720832130934899	0.02672601936223964	0.018757843924279486	0.012897567181580503	0.02004908600657367	0.009381313753552995	-0.03224307007787284	0.010917504867652928	-0.00213450290950744	-0.002425310279408867	-0.005544360180855132	-0.01201844634232469	-0.009751847421738864	-0.008586128738285542	-0.01030592705452411	-0.007433975697624055	0.002633591940288399	-0.0028721893496468404	0.02336904338115653	0.014525118224909633	0.0065582421949589	-0.0011776945845374815	-0.02703124185410974	0.0032149044746943873	-0.009499659642617111	0.01473812923931813	0.011360756414351716	0.005919182642567	-0.009190864465132861	-0.012760728038261908	0.017609556772614512	0.009759030061177973	-0.007969584149587176	0.010831914301424467	0.012836291710244387	0.009070948200784924	-0.015591801075280404	-0.018881905244410323	0.012937159338289322	0.015268617255486495	0.003135847255255094	0.0027151077824812578	-0.008025057085590419	-0.014538292365017233	-0.0018163561346121804	-0.003602840566236563	0.012875379146843708	0.01249312672770265	0.0033614698810716247	-0.004869660612821161	0.01766136500771471	-0.00011688868169862705	-0.00137914019959278	-0.007694516213896843	0.01147497166149248	0.007558933844349916	-0.004326008782816205	-0.02393992211829324	0.03557233106387081	0.01247229555483298	-0.012568390566807875	0.002184159189916832	0.0055	0.004482142857142857	0.0034642857142857145	0.002446428571428571	0.0014285714285714284	0.00041071428571428563	-0.0006071428571428575	-0.0016250000000000001	0.0	0.0	0.0	0.0	0.0	0.0	0.0	0.0	0.0	0.0	0.0	0.0	0.0	0.0	0.0	0.0	0.0	0.0	0.0	0.0	0.0	0.0	0.0	0.0	0.0	0.0	0.0	0.0	0.0	0.0	0.0	0.0	0.0	0.0	0.0	0.0	0.0	0.0	0.0	0.0	0.0	0.0	0.0	0.0	0.0	0.0	0.0	0.0	0.0	0.0	0.0	0.0	0.0	0.0	0.0	0.0	0.0	0.0	0.0	0.0	0.0	0.0	0.0	0.0	0.0	0.0	0.0	0.0	0.0	0.0	0.0	0.0	-0.01427572843981866	0.010739278156584868	0.013016173974319523	-0.0009146293862304267	-0.01018529745862794	0.021116025028502555	-0.014468938140982155	-0.00753108626894703	-0.0078934360845993	6.670963187156796e-05	-4.656048609296055e-05	0.00342731686082697	0.00883724465829283	-0.00522108005753681	0.013896947511236562	0.003112806769694663	0.0034879920716996554	-0.00025705771930338334	-0.005784719041277905	0.012203781122636124	bull
1996-04-30	0.012473333576371832	0.003832771730941229	0.010138529940993702	0.0013308333838809641	-0.001355479444463294	-0.01891475101804709	0.01587096126117727	0.009090713605379767	-0.012990187355001667	-0.006709372455900748	-0.01005871591927194	-0.0026679568085712273	0.02451114813694543	-0.02227088955306565	-4.7386893523555286e-05	0.012852975852148042	0.00012478258439082147	0.0009928112735618196	-0.005608468176947742	0.0019829233335492617	-0.00997274555459987	0.008551430607961994	0.013366292908326086	-0.014982268363397378	-0.007701957460322739	0.004516550060153308	0.003964261141219341	-0.01337165462158868	0.005538301362404217	0.004586186290787428	0.010417129091825218	-0.019023809606693972	0.010246628021248153	-0.015873257132236356	-0.0016392961088156422	-0.0047824351354360415	0.0024836658956942483	-0.003637635574787838	0.014301488006159479	-0.02187076019124135	-0.016333594555661957	-0.01221806111936408	0.015213497464810174	-0.02178293819278085	-0.00209573512778716	-0.010376846204443338	0.0035568949319047145	0.009391901305410635	0.001225989695423861	0.013965901935074541	-0.001429020301390884	-0.009317454168587804	0.017408591983811592	-0.01778773542028526	0.01834437649617443	-0.014946321442248937	-0.008896170804230656	-0.028975801355906154	0.015095051198393857	-0.013903046421056393	-0.005888895298645355	-0.014793778324421103	-0.009674857736822228	-0.006854743162668723	-0.009845086660344837	0.014369886201886015	0.0021156617672310387	-0.0009220060941876726	0.01668745275834953	0.019366655606930485	0.011364049362538079	-0.005145625232390304	-0.022722797726350087	-0.006222341990198122	-0.001407799004628358	0.012514001342016003	-0.0032677879084264654	0.021521259634016562	0.00983402578003524	-0.01195856874032669	0.0055	0.004482142857142857	0.0034642857142857145	0.002446428571428571	0.0014285714285714284	0.00041071428571428563	-0.0006071428571428575	-0.0016250000000000001	0.0	0.0	0.0	0.0	0.0	0.0	0.0	0.0	0.0	0.0	0.0	0.0	0.0	0.0	0.0	0.0	0.0	0.0	0.0	0.0	0.0	0.0	0.0	0.0	0.0	0.0	0.0	0.0	0.0	0.0	0.0	0.0	0.0	0.0	0.0	0.0	0.0	0.0	0.0	0.0	0.0	0.0	0.0	0.0	0.0	0.0	0.0	0.0	0.0	0.0	0.0	0.0	0.0	0.0	0.0	0.0	0.0	0.0	0.0	0.0	0.0	0.0	0.0	0.0	0.0	0.0	0.0	0.0	0.0	0.0	0.0	0.0	-0.00631884779972893	0.021775304626062163	0.005570993579389314	-0.018311413704564926	-0.007403996982611643	0.02972693577151518	-0.010408883705095505	0.0045352787997763365	-0.0022626909749874757	0.012908581047858355	0.007140236131095135	-0.0019834999157653755	-0.0095028631836973	0.006202814246990752	0.00676496175010162	0.000607669322372665	0.008821156507130822	-0.0035671608594975306	-0.0011287588493267824	0.009020951711771051	bull
1996-05-31	-0.007888403410723511	-0.016513998800716374	0.0032161160322432404	0.00849943579978594	0.0038021907688119893	0.019999275725125238	-0.008366957527130485	0.002782124457244546	-0.008926413037852356	-0.007436027712087566	-0.012302060745593759	-0.007165121385974165	0.0034093136460532523	0.013089816854876962	-0.002512452286068752	-0.007938312887192787	0.006268466553890703	0.004533275508381033	0.004422774065678197	-0.0029935703471473864	0.009109969905442895	0.0020039838002795284	0.02278824300469739	-0.00607749928975426	-0.00046992461195791743	0.008996016454531032	-0.0005358163652536996	0.005330590349545032	0.009299700231067463	-0.03383936942498676	-0.02057691674238343	0.0017459324815683177	0.014615944342350641	0.00355179695483165	0.01309545669261238	0.033067922971075914	0.019765228630231748	-0.02016934067346827	-0.0027566054130140454	-0.003873597576543493	0.017081988332359098	-0.01685795293292744	0.013186506267950381	0.0035167057171043444	0.0008340753505901746	-0.006957434793160164	-0.0009406294887524315	-0.011002454090547136	-0.007229649914220634	0.019928308425047617	-0.021603915582427736	0.008689658289559562	0.016251128051808776	-0.0008677802869796751	-0.007834680531469374	-0.004259310271818403	-0.006207898470048363	0.004736936048183952	-0.015182860355780634	-0.004180044117109269	0.006905506522635112	-0.007406818477193875	-0.011675043703548521	0.020412826200756653	0.01934872716042442	-0.0187408188362482	0.005609917503058619	-0.03795247650231701	0.010283959425938904	0.0064232221487133525	-0.0031009927299674345	-0.0013850849144768985	0.004020300015618267	0.031724751662251076	0.02293549244004101	0.006184855343609225	-0.008245697660662198	0.006540777401665388	-0.0018308646841269972	0.006309451784882882	0.0055	0.004482142857142857	0.0034642857142857145	0.002446428571428571	0.0014285714285714284	0.00041071428571428563	-0.0006071428571428575	-0.0016250000000000001	0.0	0.0	0.0	0.0	0.0	0.0	0.0	0.0	0.0	0.0	0.0	0.0	0.0	0.0	0.0	0.0	0.0	0.0	0.0	0.0	0.0	0.0	0.0	0.0	0.0	0.0	0.0	0.0	0.0	0.0	0.0	0.0	0.0	0.0	0.0	0.0	0.0	0.0	0.0	0.0	0.0	0.0	0.0	0.0	0.0	0.0	0.0	0.0	0.0	0.0	0.0	0.0	0.0	0.0	0.0	0.0	0.0	0.0	0.0	0.0	0.0	0.0	0.0	0.0	0.0	0.0	0.0	0.0	0.0	0.0	0.0	0.0	0.0008769089411992741	-0.0005772792932827947	0.0043630841878117554	0.011049377288884896	-0.0057767657087241745	0.019430413720694345	-0.0018161937600873067	0.006946001611391114	-0.0021188797534233113	0.008041502968517316	0.0018372974220971332	0.004744608287095168	0.008646913924462334	0.0019672266311339453	0.008615279497540504	-0.008488145158804401	-0.010232621493864714	-0.008364853650553474	0.0006938464820089383	0.009309694483664296	bull
1996-06-30	0.008856777554360358	-0.00162921875665787	0.0030273279240408085	-0.002974093944574508	0.0017125178766131755	-0.0058987328636695546	0.008557386517023658	0.014609762472642366	-0.0007627178993336501	0.012768678710564207	-0.0003554185070125522	0.015589433707896035	0.0017944960958338892	-0.013641309301925511	-0.008992071286650112	-0.0064597304452686174	0.011212115876642989	0.0182744113750449	-0.007705588160832597	-0.007413438013418548	-0.0203673623743117	0.017401635497506337	-0.0013307632463758813	0.010871666991411722	-0.0024284141628335364	-0.00648287542273054	0.014722971815308027	-0.0007841991792807164	-0.003143029994403602	0.010129105302767434	-0.006409159066748965	0.004917740467373534	0.010893469021559245	0.0005380977391789616	-0.01070714853205772	-0.005124995301061793	-0.021690166244189152	-0.00979955119616254	-0.01180467672980223	0.00579081886425423	0.017984724714647814	-0.015067412434788388	-0.022955800678746616	0.00982293838319455	-0.008697940641089972	0.002634206391822067	0.023306664232064806	0.003745609403966221	-0.03308182272596279	0.014388555002554478	-0.00792756128148838	0.0008165368887031793	-0.009548997715145145	0.0222673295244117	-0.014631406780753742	-0.004783900689834126	0.011336775050116722	0.006752456704623008	-0.02176172700312176	-0.004115421503214592	-0.002436663643349779	0.007174404363358461	0.01743964050304871	-0.006202504725563922	-0.012099891452556771	0.021518201310859218	0.03590346482699831	-0.011139547005689414	-0.010951889766861123	-0.019323495001429367	-0.00016666070976715502	-0.02661932154186827	-0.015234949465818673	0.012942131340705671	-0.011874513299392243	-0.017749238863081898	-0.010283805902671755	0.011941502757546218	-0.00812050186758642	-0.005901977255182227	0.0055	0.004482142857142857	0.0034642857142857145	0.002446428571428571	0.0014285714285714284	0.00041071428571428563	-0.0006071428571428575	-0.0016250000000000001	0.0	0.0	0.0	0.0	0.0	0.0	0.0	0.0	0.0	0.0	0.0	0.0	0.0	0.0	0.0	0.0	0.0	0.0	0.0	0.0	0.0	0.0	0.0	0.0	0.0	0.0	0.0	0.0	0.0	0.0	0.0	0.0	0.0	0.0	0.0	0.0	0.0	0.0	0.0	0.0	0.0	0.0	0.0	0.0	0.0	0.0	0.0	0.0	0.0	0.0	0.0	0.0	0.0	0.0	0.0	0.0	0.0	0.0	0.0	0.0	0.0	0.0	0.0	0.0	0.0	0.0	0.0	0.0	0.0	0.0	0.0	0.0	-0.0008816537029058288	0.011430436367205376	0.007030697125867626	0.00619380499210077	0.005715116690417553	0.0062017728748032155	0.015904445985437447	-0.013002901341755788	-0.005032109077916125	0.011206603545393762	-0.006303161227316237	0.0094836990382711	-0.0012837703026291046	0.0035529396032355403	0.007617881284298934	-0.003899197806930849	0.0007873543989572319	-0.009715207975695256	0.00245361928494661	0.0019369822195626487	bull
1996-07-31	0.006437074643895484	0.0017811724350927437	0.018539692615506677	0.009938783845941221	0.0005035679009155573	0.0011784938187076963	-0.0025869630104267656	0.011933276011312298	0.006954770806909502	-0.016316281452547834	-0.0006696931575201092	0.03254465224801196	-0.007376822320326509	-0.009225832880058318	-0.006879083550464192	-0.005527501363627155	-0.016173013710191027	-0.007370803338033783	0.00040564774323605064	0.02290208732057423	0.011969064624174065	-0.019170406442295757	0.008173195061672096	-0.016130226364553277	0.0032775612356284473	-0.008073305685790325	-0.0037518799629832796	0.014372297692020584	0.01576957450846835	-0.005203328107652336	0.006903497269782306	-0.004402396674248687	-0.01941398185752068	-0.006683465681780473	0.014307039898512883	-0.014337716996159095	0.0009102266525834397	-0.011864862332045844	-0.0033530621942583234	0.0009743907860120775	0.004428864237624261	-0.012313860901741596	0.0046254080550591666	-0.02780033150255997	0.005058711817133577	-0.009461766765781678	-0.0095002412914103	0.0149135252279491	-0.02400093083972712	0.030908647548153458	-0.0006829011730304142	-0.030665129648781347	0.015392956338815272	0.007078216929242191	-0.009722851654545207	-0.00389977114558106	-0.0020674646114937746	0.0030957823206916282	0.009395145488078465	-0.008953137135819095	-0.0030512951640033594	-0.006663651751209338	-0.010009521584970822	-0.006643613486854495	-0.0007007610441618221	-0.008150749673714524	-0.021142768439844185	-0.0045550387768764815	-0.0012227560685949327	0.007721726588780844	-0.0038841634888230466	-0.0019439662291469392	0.003944420929862885	0.004899107277783096	-0.0015443777455405598	0.00210090820685189	-0.0005950107683486411	-0.002669701735958765	-0.027970051926563426	0.018245895069509993	0.0055	0.004482142857142857	0.0034642857142857145	0.002446428571428571	0.0014285714285714284	0.00041071428571428563	-0.0006071428571428575	-0.0016250000000000001	0.0	0.0	0.0	0.0	0.0	0.0	0.0	0.0	0.0	0.0	0.0	0.0	0.0	0.0	0.0	0.0	0.0	0.0	0.0	0.0	0.0	0.0	0.0	0.0	0.0	0.0	0.0	0.0	0.0	0.0	0.0	0.0	0.0	0.0	0.0	0.0	0.0	0.0	0.0	0.0	0.0	0.0	0.0	0.0	0.0	0.0	0.0	0.0	0.0	0.0	0.0	0.0	0.0	0.0	0.0	0.0	0.0	0.0	0.0	0.0	0.0	0.0	0.0	0.0	0.0	0.0	0.0	0.0	0.0	0.0	0.0	0.0	-0.0011158493145031394	-0.0017071269619663512	0.0026984907281073405	-0.0033215294793660696	-0.007806626458609408	0.005212798279114578	0.005522151624245603	-0.006674127794928714	0.002081852208429525	-0.00948897445571497	0.00298364708667739	-0.0009441339490774813	-0.011597132235708256	-0.013144611613529837	0.0018502500604905437	0.005085151592855372	-0.008046578763476973	0.0036262808766119757	-0.0008210328083240457	0.009615097727558508	bull
1996-08-31	0.0291130177603117	0.004416555796331773	-0.00032715376510039596	0.01353609829095293	0.010474393425174634	0.0005637135675345421	0.0018895469265583756	0.012174226093369312	0.004509516516712923	-0.01122289356632126	0.002058301102509319	0.003310450148323808	0.0007775224971919405	0.0022185713280834757	0.0010547184439655926	0.0023845317042186717	0.0018559678958376589	-0.01036687827704948	-0.0074493647077332956	0.005723333211248262	0.004662168511705556	-0.017213250681890526	0.007691022516687611	-0.010555520666647316	-0.004079990718673806	0.023300814323383545	0.009024652261135366	-0.010264648348961479	0.004516523875340812	0.010982588241087051	0.0032260521639069038	-0.020307329326647777	0.009756862507230893	-0.016541936983417063	0.012338996851926704	-0.017430361071088623	0.004456946637532919	-0.009571071830060915	-0.0032414739258872067	0.010018609972931922	0.003583931693406804	0.0040699197181528176	-0.01785167266202007	0.004704149520603528	0.012575781522069462	0.0016760902030436297	-0.014288248330392632	-0.002313129945634283	-0.007700414725731011	-0.01063063188259273	0.0042098639630900915	-0.021289058916192732	-0.011304131004718478	0.004879428929337126	0.003072230967132976	-0.005804249132450784	0.0022386956290148287	0.0072355530494348525	0.0021411401601494325	-0.008384807336555935	0.0019181261602974915	0.004976476639553132	0.013901365272741993	0.008582735357463523	0.005019741473945726	0.013709483995941274	-0.007073602480936319	-0.016075999236573612	-0.004779022094984409	-0.01175552571046358	0.011018162565981251	0.006624952196724913	0.008454766024677207	0.002690087943526947	-0.010045761922444767	0.003283748600063374	-0.01824203328685505	0.0025883184105349047	0.005860664271874394	-0.018029479506010835	0.0055	0.004482142857142857	0.0034642857142857145	0.002446428571428571	0.0014285714285714284	0.00041071428571428563	-0.0006071428571428575	-0.0016250000000000001	0.0	0.0	0.0	0.0	0.0	0.0	0.0	0.0	0.0	0.0	0.0	0.0	0.0	0.0	0.0	0.0	0.0	0.0	0.0	0.0	0.0	0.0	0.0	0.0	0.0	0.0	0.0	0.0	0.0	0.0	0.0	0.0	0.0	0.0	0.0	0.0	0.0	0.0	0.0	0.0	0.0	0.0	0.0	0.0	0.0	0.0	0.0	0.0	0.0	0.0	0.0	0.0	0.0	0.0	0.0	0.0	0.0	0.0	0.0	0.0	0.0	0.0	0.0	0.0	0.0	0.0	0.0	0.0	0.0	0.0	0.0	0.0	0.013989212493909437	0.005433817383539742	-0.012356118068410237	-0.0029296978178782315	0.0003849769043287204	-0.016251120662009115	0.0057143658541901916	-0.006152883662934305	0.004816378763742892	0.0018079072412188614	-0.012234321916665255	0.01309709222303263	-0.013028525474036995	-0.0022953520213390907	0.010128712806820924	0.0017155571802070307	0.004934216596973748	-0.0010986128536643245	0.00010926747259998803	-0.0034246655014670076	bull
1996-09-30	0.008787145901176921	-0.003296799517721858	0.013946094618077668	0.004518313094051447	0.004267834826993617	-0.02515690877933604	-0.009174773422959056	-0.001059407128650769	-0.007640684969654441	-0.0038533694004238253	-0.006400231463086492	-0.0026470303819968394	-0.014262764431129428	-0.014187472180371728	-0.0043535286214003875	-0.01228196648627892	0.01108210153724697	-0.01013742168795999	-0.0037200228941487203	-0.007373734733734455	-0.018900275378784318	0.0079452245991845	-0.010452743132468481	0.011410823706973213	0.0027935693196615395	0.00648880521244275	0.01939393050955968	0.010923470986868262	-0.010701201801588019	-0.009523355103642479	0.010153569273726156	0.011177567901813748	-0.005575430012224805	0.009530678906851	0.0040526504942141614	0.011457760566590541	0.009792186248548756	0.006505993497566534	-0.0028270182321910916	-0.005314770376008159	0.0033631807000548608	0.005079098841067356	-0.0005305134570100683	-0.02864960772056269	-0.00012245601670602744	-0.03212373090624226	-0.006535493581996804	0.019879316219290722	-0.004615221708026883	0.0011414333005025	0.014348627820549232	0.016429781090888763	0.001295957119612904	-0.009880496699113438	0.016828865166548485	-0.0029698320122073033	0.0014085453108799342	0.004479338312282252	0.003938451724868189	-0.008097729068140233	-0.006101558889204791	0.0031682451814959655	0.009990779602475072	0.0020082423121855733	0.019179632581762134	0.0012736579877551993	0.0067287878169915135	0.014048552524950415	0.0011940173836523034	-0.011422077709123884	-0.0026000574355972456	0.017113402977999934	-0.00917653373571968	0.005588391333241701	-0.010994038510118907	0.001891185201104373	0.00027011523817867256	0.004756169416168555	0.0004673311106693063	-0.02564826479378805	0.0055	0.004482142857142857	0.0034642857142857145	0.002446428571428571	0.0014285714285714284	0.00041071428571428563	-0.0006071428571428575	-0.0016250000000000001	0.0	0.0	0.0	0.0	0.0	0.0	0.0	0.0	0.0	0.0	0.0	0.0	0.0	0.0	0.0	0.0	0.0	0.0	0.0	0.0	0.0	0.0	0.0	0.0	0.0	0.0	0.0	0.0	0.0	0.0	0.0	0.0	0.0	0.0	0.0	0.0	0.0	0.0	0.0	0.0	0.0	0.0	0.0	0.0	0.0	0.0	0.0	0.0	0.0	0.0	0.0	0.0	0.0	0.0	0.0	0.0	0.0	0.0	0.0	0.0	0.0	0.0	0.0	0.0	0.0	0.0	0.0	0.0	0.0	0.0	0.0	0.0	0.017481949107226957	-0.0011048945984436333	-0.01590154306282452	-0.003001051730065399	0.0026019100383708068	0.0035753316184452123	-0.00030437160521332336	-0.012435141766821135	-0.006020700103551654	0.000868618947041127	-0.0006890236405198499	0.005354110874214691	-0.0015719462845500153	-0.0008329009035100694	0.001647490147838578	0.007030485360808362	-0.003348016807754131	-0.01162066592886834	0.00047913742761326655	-0.009015325548490948	bull
1996-10-31	0.02285748954508441	0.002800204493573063	0.009116477940009464	0.009342263348664852	0.01621013939852902	0.014121355037280525	0.009430774844742407	0.010437560016145856	-0.0037122101843130484	-0.01449014451178896	-0.0068575454926011565	0.002115900195105534	-0.006166922565356202	0.0068915442276124205	-0.0009509664209489075	0.006519788447014615	-0.01830499734692251	0.02631845780358082	0.007379267981963736	0.006901452683752844	-0.002027564701871572	0.009239034631194586	0.014187090808443426	-0.013015034211817636	0.013223565042720136	0.003886802389367373	0.006358361322842588	0.015130496128765434	0.004558098147330697	-0.0013857131241905287	-0.008333529382826407	-0.0033026268544047634	-0.010569327596496429	-0.0029807003626012387	0.004331590600196457	0.00979579903963066	0.014115534885095987	0.014961942548572723	-0.006091256157447577	-0.017620262718082647	-0.009246924921389713	-0.004127224342652518	0.0007182788066466856	0.0029128312490332626	-0.006768475019383233	0.007518399938455485	0.001528437578179925	-0.02430281974013064	0.0041224674317610855	-0.006917785110465932	-0.0005524264554437216	7.121187293586119e-05	-0.0028485586314469943	0.011785802468499817	0.010863781480723476	0.009307727283597144	0.00048749839636283546	-0.02121733861356937	-0.023258923880536974	-0.004647426377969635	-0.004070657494284629	-0.025083216092056645	0.013023254775310796	-0.003881415192620613	0.00651190188048607	0.0037991520855304487	0.014451651729372902	0.012639156999460485	0.008158621282920445	-0.005047621236932588	0.006512570336163222	-0.00389411163396193	-0.009579621758653288	-0.0054235086416337345	-0.004553864253342788	-0.012533730417944764	-0.013053957902807065	0.0025683328232729793	-0.003849242267932723	-0.011519111187374035	0.0055	0.004482142857142857	0.0034642857142857145	0.002446428571428571	0.0014285714285714284	0.00041071428571428563	-0.0006071428571428575	-0.0016250000000000001	0.0	0.0	0.0	0.0	0.0	0.0	0.0	0.0	0.0	0.0	0.0	0.0	0.0	0.0	0.0	0.0	0.0	0.0	0.0	0.0	0.0	0.0	0.0	0.0	0.0	0.0	0.0	0.0	0.0	0.0	0.0	0.0	0.0	0.0	0.0	0.0	0.0	0.0	0.0	0.0	0.0	0.0	0.0	0.0	0.0	0.0	0.0	0.0	0.0	0.0	0.0	0.0	0.0	0.0	0.0	0.0	0.0	0.0	0.0	0.0	0.0	0.0	0.0	0.0	0.0	0.0	0.0	0.0	0.0	0.0	0.0	0.0	0.008429072887316431	0.018045239717719992	-0.008597974804660909	0.003215179507669786	0.002678349645406042	0.004434339678263911	-0.011473370751216056	0.0034355742118378756	0.00781795528907415	0.01679694296079019	-0.0029246613458712083	0.007707184776599988	0.004801534640384993	-0.00501992025060873	-0.005976295053179462	0.0007636322657866693	0.0032723930209804923	0.009135391084260341	-0.011357539881876495	-0.010336265624752424	bull
1996-11-30	0.0057233390211719765	-0.00563603389341025	0.01251900749188843	-0.011462735324045353	0.007963415804292058	0.0020988338605709787	0.0023069586781848013	-0.005713156365561028	-0.017059394863670366	-0.02209298510457346	-0.007913124258416388	-0.0215346522172799	-0.0003114619000645493	-0.001662067146143705	0.01567031126880011	0.0035293129718701544	0.01472425261983258	0.00309984860215883	-0.0015489202563354054	0.00884553022935115	-0.00525159036884562	0.01504370426459484	0.0017809357318864208	0.008169987096290354	-0.012413494558650205	-0.0034144682555453322	0.00900237672015348	-0.0052989256017167505	0.01204670926910638	0.012613629427194448	-0.0038470972210429976	-0.02162346313961347	-0.004877500457870536	9.993997246538683e-05	0.005354791515297593	-0.015777618936984858	0.008970864465421901	0.016833361490899968	0.01304343576314575	0.00755074658552211	-0.011166350631658625	-0.008989825859518252	0.008710782674016726	-0.01223338310504379	0.015362544628254619	-0.010901782008243287	-0.010661825860714643	-0.008749030072996057	0.008258792345362581	-0.0025586657318433315	-0.006547243827860903	-0.015163897889608554	0.012548953822205963	-0.012020552504787854	-0.020255291494657587	-0.0017235744324975123	0.02365447869276577	0.006069271626032259	-0.010049155166261193	-0.011821085963414671	-0.0016346404199991083	0.0025679975403243675	-0.002473203736614855	0.006862247620004743	-0.0005381416051295966	0.007854373065942855	-0.030974114890147574	-0.0019260448850936	0.020807528803696865	-0.004021198322565675	-0.009711462013204983	-0.006293357402738174	-0.013505073790522874	0.008882155454841487	-0.006440923285738043	-0.002485666683952043	0.008675896311493432	-0.0024597210421905924	-0.002878408357367882	0.015611860511912748	0.0055	0.004482142857142857	0.0034642857142857145	0.002446428571428571	0.0014285714285714284	0.00041071428571428563	-0.0006071428571428575	-0.0016250000000000001	0.0	0.0	0.0	0.0	0.0	0.0	0.0	0.0	0.0	0.0	0.0	0.0	0.0	0.0	0.0	0.0	0.0	0.0	0.0	0.0	0.0	0.0	0.0	0.0	0.0	0.0	0.0	0.0	0.0	0.0	0.0	0.0	0.0	0.0	0.0	0.0	0.0	0.0	0.0	0.0	0.0	0.0	0.0	0.0	0.0	0.0	0.0	0.0	0.0	0.0	0.0	0.0	0.0	0.0	0.0	0.0	0.0	0.0	0.0	0.0	0.0	0.0	0.0	0.0	0.0	0.0	0.0	0.0	0.0	0.0	0.0	0.0	0.005811052914267045	-0.003446646520663308	-0.00287126101747117	0.02200377402318211	0.0027987368155243377	-0.005072363110856742	-0.011618505214723816	-0.004802830611223817	-0.002613974761031763	-0.005415191761905772	0.005483058933643843	0.0060865210364010845	0.001618035663539845	0.005172711772321941	-0.004917378542041963	-0.008138582327526856	0.0032394684388004817	0.00040206233105196526	0.00922313409735348	0.0028751802529183683	bull
1996-12-31	0.010527007799562867	0.018937593807330587	-0.001117356142415414	0.010519147360772708	-0.005662590217754196	0.0017788960270425777	-0.009769611322802957	-0.003144663465832018	-0.012212221104372051	-0.00889517054954684	-0.02032202886229569	-0.004853846690667493	0.006154897955640514	0.018071476508932944	-0.008167814753456463	-0.0141087139412101	-0.0011991343296485495	0.009105466499205954	-0.02409197096053381	-0.003434090057136833	-0.0001334857085769855	0.0016261819332139928	-0.0056273026227384336	0.0053520588822454805	0.007710037593845119	-0.009363152790448488	0.011199625365848032	-0.01753231042452276	-0.005730199776972742	-0.0006201664095145277	-0.01598627519193882	0.004029032598020268	0.018467383847967447	-0.006901506931038461	0.006232115743182841	-0.019661320375106598	0.006147878008652308	0.007736422877463087	-0.012735792998082337	-0.00109361661448314	-0.012811111379586801	-0.01449513992245853	-0.01113319345380343	-0.012376072218548462	-0.0021151909672814852	0.015887404027671595	0.00841399289192471	-0.014316642308503866	-0.008810690827896808	-0.004323910903109763	-0.009237004316225077	0.006687737544980226	-0.0066626531111733224	0.010210674766341132	-0.014175103715354496	0.011150875841517988	-0.016786304570519044	-0.006737450030171639	-0.004448262732375886	0.007159511720931868	0.009126784211296831	0.010827060530190323	-0.011425525051008722	0.007338849212425554	-0.0014325369715297103	-0.008471418631129542	-0.00444531626698601	-0.025693820808907437	0.011350575806347601	-0.01284099286928091	-0.004074390129656721	-0.011045289594260878	-0.010106961103480508	0.015268116281686181	-0.005491114436381548	-0.003799557778208389	-0.010057900823717462	-0.0084454569508622	0.004235229161039736	0.0055825028094855095	0.0055	0.004482142857142857	0.0034642857142857145	0.002446428571428571	0.0014285714285714284	0.00041071428571428563	-0.0006071428571428575	-0.0016250000000000001	0.0	0.0	0.0	0.0	0.0	0.0	0.0	0.0	0.0	0.0	0.0	0.0	0.0	0.0	0.0	0.0	0.0	0.0	0.0	0.0	0.0	0.0	0.0	0.0	0.0	0.0	0.0	0.0	0.0	0.0	0.0	0.0	0.0	0.0	0.0	0.0	0.0	0.0	0.0	0.0	0.0	0.0	0.0	0.0	0.0	0.0	0.0	0.0	0.0	0.0	0.0	0.0	0.0	0.0	0.0	0.0	0.0	0.0	0.0	0.0	0.0	0.0	0.0	0.0	0.0	0.0	0.0	0.0	0.0	0.0	0.0	0.0	0.016118309378803427	-0.006865977484741723	0.007423486162354366	0.00046280634594110005	0.001060049961981323	-0.005551370847733312	-0.0013482446180485066	0.003913779284199361	0.008405705212430205	0.0006776370501839668	0.006279705698867558	-0.0004726176589566959	-0.0026680719006578002	0.010130636281618253	-0.0006636849279828779	0.00021641672875788724	-0.004572965118440221	0.006906344794353618	0.004904343914166491	-0.00039166226445516055	bull
1997-01-31	0.023920497267626795	0.003373400527331928	-0.008968146415237695	0.0071129952714689085	-0.00803971866278247	0.02304085058107326	0.005538991144927359	0.0028394450956831722	0.008470012919166357	-0.014669723399808828	-0.012940739245366298	-0.008898027435348184	0.02700475622858911	0.000823832876667567	-0.006276109390198166	0.004410320504774786	0.0006852212417936971	0.004616729705750183	-0.003078606633754267	-0.003083796610244948	-0.001968238216839144	-0.006923614029281691	0.005397431674148952	-0.010351976475572006	0.014506026158713391	0.01496131348546318	-0.003714604911767554	-0.012471917961144413	-0.008472203628736753	0.001719486281304197	0.005398002171083684	0.009774610427324146	-0.0027239594963057597	-0.0049508519769272405	-0.0015838220470157072	-0.0007017224854867243	-0.018101443161871046	-0.008901025291610135	-0.00422037788580029	0.0004542545651511155	-0.00317772772087263	0.006486460478346574	-0.0027372631210591516	0.017921647939833207	-0.015937538576568763	0.004362640770912434	-0.0019154867244965746	-0.022831137688535817	-0.007008225565909597	-0.017727362803572545	0.003434517064399402	0.00033761688043590387	0.01574933200238081	-0.006641220679506015	-0.004770838533110095	0.018010961693550487	0.0028174889447739955	0.003012701066425149	0.012396884635924322	-0.0011861621734864346	0.002564471932646929	0.004147169816195538	-0.014449270264688577	-0.002104636471466627	0.024404195520357823	0.004200506162832755	-0.0028336669780735712	0.014817352541099822	-0.0023041061519200753	-0.017876295768976768	-0.009071007473607345	0.008027140856792146	0.0035011354742127835	0.009391286051566567	-0.001099116919629861	0.008437526330537674	-0.006239785675554198	-0.023050489148510715	-0.017484725921807245	-0.0187282016819174	0.0055	0.004482142857142857	0.0034642857142857145	0.002446428571428571	0.0014285714285714284	0.00041071428571428563	-0.0006071428571428575	-0.0016250000000000001	0.0	0.0	0.0	0.0	0.0	0.0	0.0	0.0	0.0	0.0	0.0	0.0	0.0	0.0	0.0	0.0	0.0	0.0	0.0	0.0	0.0	0.0	0.0	0.0	0.0	0.0	0.0	0.0	0.0	0.0	0.0	0.0	0.0	0.0	0.0	0.0	0.0	0.0	0.0	0.0	0.0	0.0	0.0	0.0	0.0	0.0	0.0	0.0	0.0	0.0	0.0	0.0	0.0	0.0	0.0	0.0	0.0	0.0	0.0	0.0	0.0	0.0	0.0	0.0	0.0	0.0	0.0	0.0	0.0	0.0	0.0	0.0	0.004217259670137181	0.0013475781180436889	0.0016834510625572657	0.0049339002033848105	0.0004471142340439562	-0.004880834925171057	0.0019920478894346412	0.0033776734334650203	-0.005348913298252616	-0.002688256863464887	0.008528693678590165	0.0027221455808941046	-2.635213062520032e-05	-0.00567286778072975	-0.0025936361583648823	-0.0031914146093097178	0.0036165771004365867	0.00880492859704181	-0.007942704008629625	0.009697308394524908	bull
1997-02-28	0.0015512505756726889	-0.005671771890305666	-0.0005277147218154866	-0.002565730197533518	0.0061886099569904	-0.006584565708173326	-0.013813535755201181	-0.003465095183346773	0.019594762834524004	0.0018163925353312583	-0.009856108041799753	0.01181599915060877	0.008106904474048608	-0.006513617062392881	-0.011672859224213888	-0.014025329895592067	0.015391501696321436	0.01518259150392982	-0.002618618611870131	-0.02342321619319706	0.0013655524052682642	-0.021386105035065023	0.005130189011437864	0.00578010488566518	-0.0045643151222676875	-0.002881792274380083	0.0023449027710586534	0.011056502797560114	-0.011539224945851797	0.0039434393000433755	0.0183211685385854	-0.004229658982448012	0.0010589532677293305	-0.01711432595938293	-0.0063177520803115875	0.0036302935828698034	-0.012989902570538133	-0.01756857892535313	0.007924663983210622	-0.010396866299322847	-0.019128454496701582	-0.026296414538304957	-0.012226985188290608	-0.005934276622116415	0.036096719666616005	-0.001654085699567882	-0.01834916861391262	-0.0036632072929017115	0.002132975925719926	-0.004545272499268459	0.015971487594743854	0.014531459978688483	0.01001137652867058	-0.013960571825738477	0.0006353359400052698	-0.02110796160768905	0.01415289723060058	0.005069676647907202	0.00027829682395472707	-0.004586866037990576	0.01791039780267179	0.0048141301333568835	0.019201300201532902	-0.009130539585841927	-0.0031523481751643237	-0.0020621905579104507	-0.01336336969722797	0.014676404656753385	-0.012424339590358121	0.006895533702902454	0.00213130151899155	-0.006055295919954458	-0.0007435522989892443	0.002268780744013569	-0.0047179877212847905	-0.0204623113375227	0.004351897250836263	0.01265602516497768	0.0017440376264277527	-0.01905657974590864	0.0055	0.004482142857142857	0.0034642857142857145	0.002446428571428571	0.0014285714285714284	0.00041071428571428563	-0.0006071428571428575	-0.0016250000000000001	0.0	0.0	0.0	0.0	0.0	0.0	0.0	0.0	0.0	0.0	0.0	0.0	0.0	0.0	0.0	0.0	0.0	0.0	0.0	0.0	0.0	0.0	0.0	0.0	0.0	0.0	0.0	0.0	0.0	0.0	0.0	0.0	0.0	0.0	0.0	0.0	0.0	0.0	0.0	0.0	0.0	0.0	0.0	0.0	0.0	0.0	0.0	0.0	0.0	0.0	0.0	0.0	0.0	0.0	0.0	0.0	0.0	0.0	0.0	0.0	0.0	0.0	0.0	0.0	0.0	0.0	0.0	0.0	0.0	0.0	0.0	0.0	-0.0019434861372819355	-0.010227801803206505	0.014420970027235261	-0.0018928718696927288	-0.002444097251335377	-0.0032342623059715336	-0.00847508757080628	0.002111414714705297	-0.00372692798939566	-0.0005235761526762223	0.006435820111077915	0.002798338171167364	-0.00535443543423722	-0.0039090643213397745	0.004520601415333667	0.002043830418625287	-0.004746637619008536	0.007821991454972047	0.0005684726378010494	0.004477789064492467	bull
1997-03-31	0.01653716759586813	-3.12847119891017e-05	0.008235216601223191	0.012840697893821395	-4.1348286084744515e-05	-0.012121898499900531	0.003349772658395183	-0.030929014342340685	0.021479769682058045	0.016228310369405845	0.0019599809599833125	-0.007807922284786107	0.0012313676900299255	-0.00705202095382501	0.01868559898496945	-0.0002322665403164802	-0.005102485902203872	0.0025918681298494296	-5.431845565113406e-05	-0.003351953303348853	0.018362338977561385	-0.024307339086062533	-0.005520978891191016	0.0030523851158906364	-0.0020615170010953123	-0.014957691583066684	0.010427545476750252	-0.0011641773336683767	0.001173697596484031	-0.005823083376632785	-0.0015009521910750267	-0.01726481561952505	-0.010860002510195012	0.024196495133763783	0.0012112807062809017	0.0035617510515974717	0.008560855240665598	0.0102868582876253	0.007648394093499914	0.005044781273132723	-0.007560925267820058	0.016526310896064853	0.01007083292341291	0.025950607153883018	-0.021214615524184088	-0.002138675380242831	-0.00835690131772679	-0.0021273578667048753	-0.010321685160656121	-0.011098994487828997	0.007323945692986974	-0.004718293360444253	-0.00471298910525804	-0.01890668045595543	0.016474956133653705	0.0053975361464437535	-0.005327356287435153	0.0031529969379328416	0.00352407925365121	0.0010902036078753886	0.012937830366666035	0.004892696604175872	-0.009641285886771529	0.014959704085985738	-0.011572330936101572	0.0007007192378895485	0.001042616952861421	-0.005643204924288677	0.007139255520842039	-0.023996712136473523	-0.000525952251549632	-0.0015496693801434014	-0.017974120961269928	0.008143325724303346	-0.007460288984447661	0.01002943926948898	0.014949122981669593	-0.019763989899236604	0.008962821525717427	0.0011329525796104061	0.0055	0.004482142857142857	0.0034642857142857145	0.002446428571428571	0.0014285714285714284	0.00041071428571428563	-0.0006071428571428575	-0.0016250000000000001	0.0	0.0	0.0	0.0	0.0	0.0	0.0	0.0	0.0	0.0	0.0	0.0	0.0	0.0	0.0	0.0	0.0	0.0	0.0	0.0	0.0	0.0	0.0	0.0	0.0	0.0	0.0	0.0	0.0	0.0	0.0	0.0	0.0	0.0	0.0	0.0	0.0	0.0	0.0	0.0	0.0	0.0	0.0	0.0	0.0	0.0	0.0	0.0	0.0	0.0	0.0	0.0	0.0	0.0	0.0	0.0	0.0	0.0	0.0	0.0	0.0	0.0	0.0	0.0	0.0	0.0	0.0	0.0	0.0	0.0	0.0	0.0	-0.007962054144840316	-7.99713577854847e-05	-0.0076366115052405	0.0032465590010550133	0.0012334987917201814	-0.0024653986724880875	0.001113463546278785	0.006899231461195282	0.0018712780416137724	-0.016000287690390903	-0.004229788637593979	0.011551048239578428	0.003287874859794452	0.00010227476893922833	-0.0047474166791105325	0.003812342365836524	-0.009057513378541418	-0.005172467194359607	-0.0071726423432054475	0.008561399516571989	bull
1997-04-30	0.004378692966466716	0.0010450892816710436	0.014210818335179613	-0.006855217109462866	0.008388897683879983	-0.008701322501296238	0.019036166938971637	0.016567947087158374	0.0002536008371122264	-0.007169060457664796	-0.01753112404066627	-0.010575186132042124	-0.0008932872686532884	0.00409770338731841	-0.0015693747498844873	0.0029123190630831676	0.027565586044422486	0.0030772615107589247	-0.004911592179850435	0.015492630417523655	0.022233271778866793	0.015655194132880693	-0.0041561854372697505	0.007079852487262508	-0.0008790692722123309	-0.004159011763137677	0.00640477134989266	0.0007367862488722222	0.004449341908741692	-0.026384058867714576	-0.00017696076041506714	0.001294076071432752	0.00520868789346239	-0.004960845761382576	-0.009685377013508713	-0.011669272169825974	-0.0037298432584552095	-0.004900576547156999	-0.007889976506638663	-0.007786072929830398	-0.005247555770504332	-0.007991413980727806	0.008065323966859776	0.005682603592000533	-0.020740528921672333	0.0032375331467361956	-0.019415144168642776	0.02674226685457038	0.0038350684147047346	0.0017899938407581876	-0.01488505734427867	-0.010329098884055827	0.0075171805422966495	0.013749627140003932	-0.007979031709306217	0.0044637485956325685	0.014946970165535844	0.007605713710026288	-0.0026577594932815107	-0.003083561348446642	0.004041239487208779	-0.005260610122005077	0.005387464178478326	-0.011317460577253038	0.007454196650595223	-0.010544773669193753	-0.009950277352223515	0.006144446553542417	-0.022381358020046364	-0.01661265585866661	0.002442383920468872	-0.008445547635724788	-0.0026402121985249745	-0.011414613028415035	-0.008985454306970429	-0.0009642101625833019	0.005522652732270343	-0.0035809827719029677	0.018632125816790777	0.005257745201275793	0.0055	0.004482142857142857	0.0034642857142857145	0.002446428571428571	0.0014285714285714284	0.00041071428571428563	-0.0006071428571428575	-0.0016250000000000001	0.0	0.0	0.0	0.0	0.0	0.0	0.0	0.0	0.0	0.0	0.0	0.0	0.0	0.0	0.0	0.0	0.0	0.0	0.0	0.0	0.0	0.0	0.0	0.0	0.0	0.0	0.0	0.0	0.0	0.0	0.0	0.0	0.0	0.0	0.0	0.0	0.0	0.0	0.0	0.0	0.0	0.0	0.0	0.0	0.0	0.0	0.0	0.0	0.0	0.0	0.0	0.0	0.0	0.0	0.0	0.0	0.0	0.0	0.0	0.0	0.0	0.0	0.0	0.0	0.0	0.0	0.0	0.0	0.0	0.0	0.0	0.0	0.002812295855039312	0.019025626418179776	-0.009497151330453297	-0.0031531946548704823	-0.003918394499424932	0.00886002124226527	0.010620320494509452	0.0009452576155587077	0.008724142461751521	-0.0008474389122238891	0.005649043179906016	-0.00027494822925508986	0.0027620667792806128	-0.0031074481319363872	-0.00934977732774206	0.010197974515305862	-0.009486203982405548	0.014318157057252784	-0.007529474001238214	0.00023068800969006055	bull
1997-05-31	0.0009675742686040692	0.019939870060198994	0.0044629540620061275	0.003014292703198828	0.021614561803128624	-0.00017928094460450972	0.00019068647579609515	-0.0011030047916841623	-0.023737072113225285	-0.004849387880730473	0.0016780555035317767	0.014460493723775465	0.0052402569052966315	-0.004048715194974179	0.01877532709326484	0.016629450540733493	-0.006898290528684999	-0.011725742516929991	-0.018205770479056853	-0.04568601050133563	0.021061703980644202	0.0014668231830289515	-0.0054995129368861076	0.007325883452415015	0.010921343053702392	0.022622738389976874	0.007219190103129724	0.0020049710058634867	-0.0173727836739889	0.018500499759677564	-0.00537604483805164	-0.0007886423425208003	-0.0029064176777698443	-0.01941362725967785	-0.013286723311676567	0.006414904840102551	-0.004465608481881046	0.0027821071856500455	0.004022310540629613	-0.013344832450716082	0.0015422426477260298	0.004153733825725354	0.010930627057646957	0.000423653915830045	-0.004266931170752088	-0.0013542110945937544	0.0019504458471967037	-0.016576278528358017	0.008841482962537336	0.005101779042634858	0.002774209194433814	0.014457051421237098	0.00044485404225022367	0.017491165399921637	-0.01001081515561047	0.003917730513536763	-0.010956911906465312	-0.003945198786775862	-0.0050614108101848364	0.010562480618181843	-0.005614391644789698	-0.0015949946718644148	-0.009560131341565789	0.00742266554679046	0.006034419836446074	0.0029791907835666842	-0.014179122604942312	0.00408339675924321	0.035055799010717446	0.004499947300568711	-0.007556962217862733	0.010628633363961823	-0.009139051420255546	0.0016885308032631653	0.01777149718104143	0.00403642803689011	0.011225344702082862	0.013045117849467101	-0.016398519024900977	0.00976849190819891	0.0055	0.004482142857142857	0.0034642857142857145	0.002446428571428571	0.0014285714285714284	0.00041071428571428563	-0.0006071428571428575	-0.0016250000000000001	0.0	0.0	0.0	0.0	0.0	0.0	0.0	0.0	0.0	0.0	0.0	0.0	0.0	0.0	0.0	0.0	0.0	0.0	0.0	0.0	0.0	0.0	0.0	0.0	0.0	0.0	0.0	0.0	0.0	0.0	0.0	0.0	0.0	0.0	0.0	0.0	0.0	0.0	0.0	0.0	0.0	0.0	0.0	0.0	0.0	0.0	0.0	0.0	0.0	0.0	0.0	0.0	0.0	0.0	0.0	0.0	0.0	0.0	0.0	0.0	0.0	0.0	0.0	0.0	0.0	0.0	0.0	0.0	0.0	0.0	0.0	0.0	-0.007731605308911992	-0.00915747928106991	0.00704883264858797	-0.0045194193813630976	-0.005218819179064483	0.003236568242159452	-0.009529491069857787	-0.014444912149420348	-0.0007593728163263719	0.011908729310677752	-0.0024719031966523026	0.002507708418644049	-0.008046446283090352	0.006392238740477267	-0.0005084242987820919	0.003401572357399602	0.003188361997231367	0.00511190983432255	-0.002129194691514865	-0.0027717995297464023	bull
1997-06-30	0.010973931308339081	0.007083372094037777	0.010493547405260427	-0.016357462620510452	-0.004641101788341958	-0.01996491401649499	-0.022664098218785417	-0.007106718646931024	0.012088032270194627	0.0013955613213583347	-0.007621530904671753	0.01180501893019274	0.010351268880044623	-0.009106771988197288	0.012501780840496501	0.017436397727584988	-0.020661053106928593	-0.0067981729555773385	0.017410282655678594	-0.019820029131148345	0.006650682384322486	0.008224746399628358	-0.0025231215636832937	-0.017105276137303043	-0.004084617341089678	-0.006371408528935573	-0.018421894559354092	0.025585401121223657	0.0009802063607812232	-0.016680932797298285	-0.016868015375003244	-0.005305330730462935	0.017343870310278595	-0.0021237303924005533	0.02133563594297359	-0.015268032908046035	0.012401862264365118	0.0027386190281080518	0.02066089595702139	0.008438736073133894	-0.002101340642780633	-0.010426500271282016	0.03222783735256989	0.006149126010116011	-0.020590419836683017	0.003990099691889402	0.0020913419107194665	-0.009171221619853613	-0.01938419210621415	-0.009043795012714082	0.006661972822689665	0.0017437060304562855	0.026586682538800595	0.016273245887382992	-0.0028163457611592333	0.002627784370670755	0.012910413892741958	0.004334927933726903	0.0028384476826643296	0.006974399706144828	-0.013465612865874887	0.010601586120854349	0.00789174275351756	-0.00428924622391424	0.014700773439489018	0.018368992439979123	-0.0016443205644990967	0.014688312111091508	-0.004800276508524054	-0.018957666601896406	0.019708690968097176	0.0013230412623771804	0.004387921086936691	0.008627589906424394	-0.0006110350436663493	-0.017361351799254122	-0.01182824634331161	0.013858406954947014	0.022841675082775074	0.001088842409430732	0.0055	0.004482142857142857	0.0034642857142857145	0.002446428571428571	0.0014285714285714284	0.00041071428571428563	-0.0006071428571428575	-0.0016250000000000001	0.0	0.0	0.0	0.0	0.0	0.0	0.0	0.0	0.0	0.0	0.0	0.0	0.0	0.0	0.0	0.0	0.0	0.0	0.0	0.0	0.0	0.0	0.0	0.0	0.0	0.0	0.0	0.0	0.0	0.0	0.0	0.0	0.0	0.0	0.0	0.0	0.0	0.0	0.0	0.0	0.0	0.0	0.0	0.0	0.0	0.0	0.0	0.0	0.0	0.0	0.0	0.0	0.0	0.0	0.0	0.0	0.0	0.0	0.0	0.0	0.0	0.0	0.0	0.0	0.0	0.0	0.0	0.0	0.0	0.0	0.0	0.0	0.0003870306849476479	0.00361970930313472	0.00941525647128294	0.0068184134169509795	-0.010496260736984005	0.005289948973975932	-0.013552876223341124	-0.0032388300765959243	0.005951930110203908	0.014731958583652425	0.0029435258868269996	0.007947818545372413	0.0036232880657324443	0.0035373691065375473	0.00858681963367427	0.0035102068497773163	-0.0032895121870276586	0.010840459503481078	0.0014263641150025009	-0.00234832181122556	bull
1997-07-31	-0.004276839172951928	-0.003690999231420842	-0.008792989813286021	-0.001232049962808982	-0.0002748661024935331	0.0012077977925808688	0.011228080996757919	-0.001369671510452963	-0.005646201248732354	-0.010685476839451022	-0.016288745803458505	-0.0107826386746015	-0.009340343907897976	-0.004339859939195697	0.0062573541860556125	-0.0013791969149620606	-0.004727492392068677	0.013831776862663804	-0.007149717886177035	0.0042477281768323084	-0.01564815073032432	0.00576066690236955	0.0031132175164432074	-0.002126353951586644	-0.02566792355044148	-0.00445666183477812	0.021920619034133493	0.004800527070935255	-0.01517749197631594	0.009879848286534288	0.012168415995510048	0.02951026183133749	0.00398361764670335	-0.031093534444810524	-0.01602783223166403	0.006144446984640207	-0.013074495799281757	0.01777352395012621	0.014990172742368461	-0.0006395682737449728	0.00474348793952589	0.032602058486435354	0.008782321857000746	-0.007284054194057852	0.003797275259356959	3.886996607263843e-05	0.007675138386939515	-0.008821711153198025	-0.002355284303395404	0.012200330531052675	0.009129656595866696	-0.00732262724882103	-0.01582559912305037	-0.0038081702410296477	0.027708230675717836	0.0013004040175043146	-0.023785948411895397	0.008224614039832155	0.007174870898303935	-0.002197946698205884	-0.00743368408884858	-0.0038331157967597573	0.011417306028493297	-0.0019669575163577583	0.0007377522268705469	-0.008027175081808086	0.002702308624903938	-0.007407477194371404	0.007248496310493807	-0.0022804146969044583	0.0011472215964279998	-0.002282512011265468	-0.007242869445786406	-0.013546666306200987	-0.006235510680473005	0.0034549081785446014	0.03529766257701288	-0.015626088972469396	-0.0041586195516078485	0.009130905746285459	0.0055	0.004482142857142857	0.0034642857142857145	0.002446428571428571	0.0014285714285714284	0.00041071428571428563	-0.0006071428571428575	-0.0016250000000000001	0.0	0.0	0.0	0.0	0.0	0.0	0.0	0.0	0.0	0.0	0.0	0.0	0.0	0.0	0.0	0.0	0.0	0.0	0.0	0.0	0.0	0.0	0.0	0.0	0.0	0.0	0.0	0.0	0.0	0.0	0.0	0.0	0.0	0.0	0.0	0.0	0.0	0.0	0.0	0.0	0.0	0.0	0.0	0.0	0.0	0.0	0.0	0.0	0.0	0.0	0.0	0.0	0.0	0.0	0.0	0.0	0.0	0.0	0.0	0.0	0.0	0.0	0.0	0.0	0.0	0.0	0.0	0.0	0.0	0.0	0.0	0.0	0.009098536823254802	0.00513543938068564	0.007882676436261539	-0.005285639388005822	0.007873307641276802	-0.012327722072109186	-0.0009886515633650004	0.0006295684880931983	-0.009130952822427433	0.005079764228654932	0.0009984577250125432	0.0060798920347422715	-0.002039673913301713	0.004388901943713747	0.0038896183893081682	-0.0035372282201538248	0.001969390239874779	0.008826533369535967	-0.005122927557116595	-0.011583743593264802	bull
1997-08-31	0.009590304740995927	0.01080721851505739	-0.012226973778062384	0.006895533662539524	0.029855245497013398	-0.03205438437123203	0.01480144643395498	-0.0037345726329251995	-0.010658375028367344	-0.014070228012618313	-0.010331186807006499	-0.007980700437588683	-0.005788118428004702	0.004003266853610871	0.00205365920266428	-0.009381492158626667	-0.009412722882105776	-0.0014004759462425455	-2.154293068413252e-06	0.01556759157169879	0.023150480199382588	-0.012385439420629302	0.018158423886556405	-0.0005047293946963786	0.0012392520239205573	-0.006794795731052647	-0.00035053506581700307	0.005970861326327898	0.007534078110854113	-0.004806004963782873	0.008684565607435775	0.001074679663533449	-0.009916670556885308	0.0107826336577551	0.020693676443470026	0.00413625765999104	0.009563690541423345	-0.005617723335641957	-0.01972714798289683	0.014212441320962608	-0.0039185374779962595	0.020654172277741273	-0.00611746379463756	0.024076507327233085	-0.01682395079941598	0.0017773367882183378	-0.008090788531317545	0.007281078311689362	-0.003977698589178255	0.02214489134395541	-0.01030804052796569	-0.0011344496684822538	-0.030280859812100342	-0.003008937564243065	0.019811252755619225	-0.015529203173899345	0.004129326753569846	0.02328938700172859	-0.004608207303806924	-0.003072791136906757	-0.011614052898045964	0.012798567162847954	-0.011421794060068042	-0.0020804527818461677	-0.016746374536357897	0.005270695614685775	0.0033055733248849362	0.0025270192031928455	-0.0024253981366089404	-0.004308864420333526	-0.009040823777193787	0.004277070750440879	0.025304160262665784	-0.006653561595487228	0.0013814336849644162	0.02210053566015062	0.008349766528549308	0.009843925520514694	0.00846757452860801	0.007699497179525465	0.0055	0.004482142857142857	0.0034642857142857145	0.002446428571428571	0.0014285714285714284	0.00041071428571428563	-0.0006071428571428575	-0.0016250000000000001	0.0	0.0	0.0	0.0	0.0	0.0	0.0	0.0	0.0	0.0	0.0	0.0	0.0	0.0	0.0	0.0	0.0	0.0	0.0	0.0	0.0	0.0	0.0	0.0	0.0	0.0	0.0	0.0	0.0	0.0	0.0	0.0	0.0	0.0	0.0	0.0	0.0	0.0	0.0	0.0	0.0	0.0	0.0	0.0	0.0	0.0	0.0	0.0	0.0	0.0	0.0	0.0	0.0	0.0	0.0	0.0	0.0	0.0	0.0	0.0	0.0	0.0	0.0	0.0	0.0	0.0	0.0	0.0	0.0	0.0	0.0	0.0	0.0023787180157999153	-0.007674688225753102	0.019341148194509106	-0.001130999870986158	0.01138712688319856	-0.00010428332577158955	-0.003666804355152547	0.011528459951341104	-0.008269239630544063	-0.006369504027803813	0.001577661939734688	-0.005468345060965371	-0.007971852237612449	0.0068756548703644595	-0.00509863870343154	0.005420507817166219	0.005016207213708705	-0.0009440238515976127	0.011214779346984172	0.0001353068911574577	bull
1997-09-30	-6.94304278969016e-05	-0.013157995135902014	0.021492621511591627	0.015675016514063486	0.003560331809793301	-0.006485952752283979	0.0026010858460848735	-0.004955839515441599	-0.0010270782898903772	0.007090379931356304	-0.0027314902801940763	0.0180630108146373	-0.011642414398356872	0.0026511691927727757	-0.008425741629160823	-0.0034682733644275927	0.004893708710867975	-0.009128262604795987	0.009071604288500568	-0.02013462536102218	0.03147632013882736	0.018866175513479435	0.004962377856519726	-0.01617618868397285	0.007496418182615195	-0.009087739728210897	-0.012400707634467715	0.011807073829717298	-0.009587241853311113	0.006114193198606964	0.020924089585323217	0.006579310885358529	0.002676547898499886	-0.017929452849075458	0.020218772169842403	-0.0031964731732518443	0.020430119715370305	-0.007878085183040293	-0.0015174885137481794	0.0028166973833021465	-0.006249625591485434	0.03719219335496434	-0.016500211039652872	0.0003368995078849207	-0.011256521118256545	0.00808173887000503	0.016571125101454608	0.007928607183172823	-0.00276706211884039	0.013923775891081286	-0.013093864331744908	0.0072869504165844114	-0.023502761548958487	0.0014559214647841868	0.0025745779842815883	0.016698923416952605	0.020773133941629777	-0.005227350000289737	0.0061944097149395794	-0.004961433461415799	-0.0030824584860995796	0.025216528298599977	0.003282850027511501	0.01815680610923127	-0.0055141032378593505	0.01736906350547058	-0.01396096793761187	0.0031149202646344304	0.007888492363428912	-0.004489433834753443	-0.002559201023108559	-0.0004365700390355309	0.0005871222579228665	-0.01502981084323717	0.02084686363003774	-0.004400933202199083	0.00892675356401942	-0.005804386026620104	-0.0018847403607398301	0.01461716608764986	0.0055	0.004482142857142857	0.0034642857142857145	0.002446428571428571	0.0014285714285714284	0.00041071428571428563	-0.0006071428571428575	-0.0016250000000000001	0.0	0.0	0.0	0.0	0.0	0.0	0.0	0.0	0.0	0.0	0.0	0.0	0.0	0.0	0.0	0.0	0.0	0.0	0.0	0.0	0.0	0.0	0.0	0.0	0.0	0.0	0.0	0.0	0.0	0.0	0.0	0.0	0.0	0.0	0.0	0.0	0.0	0.0	0.0	0.0	0.0	0.0	0.0	0.0	0.0	0.0	0.0	0.0	0.0	0.0	0.0	0.0	0.0	0.0	0.0	0.0	0.0	0.0	0.0	0.0	0.0	0.0	0.0	0.0	0.0	0.0	0.0	0.0	0.0	0.0	0.0	0.0	-0.0014356401231449874	-0.014199673797946715	0.008085272826193105	-0.004240511429509703	0.009128279849744783	0.011808359260426237	0.003523883593259663	0.011441230606985615	0.007352850177402935	-0.010537594641206953	0.0029648482222871296	0.004506699408472522	0.004291551145523105	0.002475216115630818	-0.00020034731873250352	-0.0032719105385870945	0.012024775742638893	0.0005344984412055386	0.006769307439890509	-0.004187297362170262	bull
1997-10-31	-0.010644510474074964	-0.0036200264840873632	-0.007663980178252488	0.002540466111281337	0.002538084432781894	0.007470563178238464	0.009416566483239531	-0.004193653019133988	0.016215943157134448	0.0031905603261064524	-0.013516384633376998	-0.006718019295771134	-0.0020039944508411798	-0.004269394152057405	-0.01638390890099144	0.01665826432291511	0.0023272141418244252	0.014040221393711276	0.001172572223007643	-0.0009922703638075908	0.01429559395180254	-0.012919591760919294	0.008836545940111476	0.02160767663051777	-0.012969744175396307	0.010245716152452256	0.017558067016844772	0.0005641520326998017	0.02455638089184052	0.009921859138232405	-0.005869687782208088	-0.012500430407126903	-0.00232693108655454	-0.003755239464247133	0.0001809654446401934	0.009124188697997032	0.0069309433480536685	-0.011802085259008901	-0.0003415049016371535	0.01171979179564415	-0.016831920646594497	-0.0003633628267163722	0.0012808125285142392	0.003254301786739552	-0.002081868053046437	1.498480979699137e-05	-0.01172578777979382	-0.0042996109347151045	0.005255384934981739	0.01839987358283536	-0.003385097838136771	-0.0036290523764451817	-0.005976604998106871	0.01458434889217132	-0.0035957282127616857	-0.0038154072494774884	0.004596173660378078	0.007173379259530016	0.00475159779862346	-0.008040082624615441	0.004581633639822299	-0.021594622730852223	0.00337000326902892	-0.006749997784568336	0.00804431497337671	-0.009073890501715708	-0.03304280179195253	-0.017523280338092723	-0.020667171815283155	0.007747660989228505	-0.009030234886840273	0.008993205904542645	-0.014924012504690953	0.01696523712579883	3.341238361970811e-05	-0.00013503661471762335	0.007682644624908474	0.00290545581925205	-0.010758723717127498	-0.00022868609494628434	0.0055	0.004482142857142857	0.0034642857142857145	0.002446428571428571	0.0014285714285714284	0.00041071428571428563	-0.0006071428571428575	-0.0016250000000000001	0.0	0.0	0.0	0.0	0.0	0.0	0.0	0.0	0.0	0.0	0.0	0.0	0.0	0.0	0.0	0.0	0.0	0.0	0.0	0.0	0.0	0.0	0.0	0.0	0.0	0.0	0.0	0.0	0.0	0.0	0.0	0.0	0.0	0.0	0.0	0.0	0.0	0.0	0.0	0.0	0.0	0.0	0.0	0.0	0.0	0.0	0.0	0.0	0.0	0.0	0.0	0.0	0.0	0.0	0.0	0.0	0.0	0.0	0.0	0.0	0.0	0.0	0.0	0.0	0.0	0.0	0.0	0.0	0.0	0.0	0.0	0.0	0.00290941057606841	0.006025238141377275	-0.00014286186854290707	0.003731598211433967	0.0037939978818049462	-0.002668534340488241	0.0013166027505874542	0.002244431140200136	-0.002319053671525366	-0.0018535125288400834	-0.013196788032201735	0.009838926918754709	0.0003462057893980747	-0.011418643856069121	-0.013408594687598132	-0.0027009216147602507	0.006389920776114258	-0.006359308871655027	0.002931821358277861	0.002923375810551185	bull
1997-11-30	0.020897021693229077	0.011680845053748539	-0.002797697443248933	-0.0076089026284604944	-0.008967780564841068	0.005655106815545712	0.007319462275780754	-0.01090276130548043	-0.009744226983667394	-0.012835556277194918	-0.003122203807085169	-0.03421467754189791	-0.010381217515325138	-0.013654232744794215	0.002293018886916852	-0.005903794178132738	0.0014400792660989993	0.010585177093450263	0.010105047919042364	0.016938265014818658	0.012726435354865982	0.013623593263377084	0.007224021128607517	0.009089994644382838	-0.015881078072422516	-0.0012242206861944	-0.003712571034080817	-0.0071593816713760375	0.012381280223962059	0.01090912351446779	-0.02559203982885473	-0.008460469978637043	0.0013878454191523662	-0.0010918810887796265	0.00540486799803111	-0.001179053649190989	0.005513030872584063	0.001998544633287757	-0.007999083866105396	0.002662794391728298	0.023467521428077825	-0.01583263818137907	-0.005254194977995296	-0.008723395030703749	2.1430984813293675e-05	0.005046287143364127	0.0017914411731876716	-0.011082881287526412	0.002762951784944526	0.000548723002996258	-0.01893817542298539	-0.015971727207451727	-0.003501201515149825	0.019279088523905284	0.010768426289577181	0.008506380229535843	-0.00263769220383779	0.005286991768450169	-0.017526507292643732	-0.006917130416120508	0.004480291389017736	-0.0057460046656721275	0.004617915090849903	-0.004007425942870276	-0.014676022568493732	0.009488862381973145	0.0032718059498439804	-0.0038333007221226087	-0.011053820311555261	-0.0063914481129349185	0.002349393657724123	-0.01708606279905064	0.0012601988862276446	-0.019272052771949294	0.023380869425065117	-0.011487250711141324	0.00013082525423924312	-0.005979941527757777	-0.001793225819133561	0.0025150390529566392	0.0055	0.004482142857142857	0.0034642857142857145	0.002446428571428571	0.0014285714285714284	0.00041071428571428563	-0.0006071428571428575	-0.0016250000000000001	0.0	0.0	0.0	0.0	0.0	0.0	0.0	0.0	0.0	0.0	0.0	0.0	0.0	0.0	0.0	0.0	0.0	0.0	0.0	0.0	0.0	0.0	0.0	0.0	0.0	0.0	0.0	0.0	0.0	0.0	0.0	0.0	0.0	0.0	0.0	0.0	0.0	0.0	0.0	0.0	0.0	0.0	0.0	0.0	0.0	0.0	0.0	0.0	0.0	0.0	0.0	0.0	0.0	0.0	0.0	0.0	0.0	0.0	0.0	0.0	0.0	0.0	0.0	0.0	0.0	0.0	0.0	0.0	0.0	0.0	0.0	0.0	-0.0055738823276263874	0.008004419684640019	-0.0027577715005058295	-0.005616634043516936	-0.007892874201370446	0.010261878202243366	0.003913584551357387	-0.0028870736238558684	-0.016522260208592602	0.016550638130936327	-0.0041769761122585555	-0.002259397008678926	0.0037710727097088155	0.010260279485001985	-0.0005229239513801047	-0.007884096321719132	0.002265231950276372	0.0055976528422379945	-0.002384022202503876	-0.003606543000906616	bull
1997-12-31	-0.0004184859911292903	-0.01163453830281077	-0.013271799720283722	0.004936635763407268	-0.00845822797038566	0.014950604117092505	0.008024804745679931	-0.011933114910946195	-0.01824406354870894	0.01137013060307422	0.016278889616164118	0.009934589235249739	0.0005331231480275934	-0.007644253354864592	0.0054765579159575285	-0.007316946991575436	-0.002481543826024154	-0.02491543940880525	0.020500211854768607	-0.018248386642435478	-0.0030202802535906734	0.004283957091360842	-0.011784510098466929	-0.014719448839742027	0.0083550879187245	0.00580610284511538	-0.012987645789702039	-0.005881255189445388	0.00829760866639861	-0.007655233349052864	-0.01753322458177618	0.012249729719998548	0.0010748085463541553	0.0023826805476167908	0.004857532073538591	0.009666739052697795	-0.010276252278733473	0.0012369677560700235	-0.00018818692232709113	-0.00718422499118797	-0.024461141600502948	0.008461407136110143	0.003077957492967903	-0.009436914002007454	0.017369917604660903	-0.003998859837508893	-0.008680825939463602	-0.002165849769447807	0.004739462613750306	-0.011619568139379125	-0.005135992854251219	-0.00420982204037864	-0.005086072781180495	-0.014155819699864746	0.02265295292394819	-0.0012687879156490012	0.00880044387327982	-0.024613237073317036	-0.0002538521286422398	-0.0025850716950687864	-0.007550359047631025	-0.004479099606475638	-0.003422432348721948	-0.003773246750148883	-0.005243129470653055	-0.004011048433595896	-0.009220121788252784	-0.010120892320148773	-0.003131592894279903	-0.000595159276051361	-0.000768390994525796	2.1621659733562077e-05	-0.0048381911532769505	0.0011719537680277368	0.00042460450187122576	-0.01328479411085841	-0.023960369431811148	-0.018662153518642588	-0.008590418432945146	0.005753965779422593	0.0055	0.004482142857142857	0.0034642857142857145	0.002446428571428571	0.0014285714285714284	0.00041071428571428563	-0.0006071428571428575	-0.0016250000000000001	0.0	0.0	0.0	0.0	0.0	0.0	0.0	0.0	0.0	0.0	0.0	0.0	0.0	0.0	0.0	0.0	0.0	0.0	0.0	0.0	0.0	0.0	0.0	0.0	0.0	0.0	0.0	0.0	0.0	0.0	0.0	0.0	0.0	0.0	0.0	0.0	0.0	0.0	0.0	0.0	0.0	0.0	0.0	0.0	0.0	0.0	0.0	0.0	0.0	0.0	0.0	0.0	0.0	0.0	0.0	0.0	0.0	0.0	0.0	0.0	0.0	0.0	0.0	0.0	0.0	0.0	0.0	0.0	0.0	0.0	0.0	0.0	0.006591361653295435	-0.005251064338377015	0.011848222761518128	-0.006333908577181601	-0.003417817504433152	-0.009478053303293064	-0.00475564138819032	-0.00732429852774187	-0.015928092103088237	0.009178613986329942	0.0076796188607859955	0.013329865156099697	0.011883165046179504	0.002516009268659758	-0.00683108704075708	-0.012972665749442114	0.004243011760295516	-0.0006224649312292119	0.007744617711680428	-0.002158093338197148	bull
1998-01-31	-0.024374266387313673	0.007567095857319177	0.0036381370095949555	0.012834141437406663	-0.0019983639717787638	0.011711673519813254	0.019512805509915247	-0.0005142188353259441	-0.0032695554103641345	-0.01565141916080389	-0.01363268222810267	-0.007249438580925546	0.01954986870955994	0.005847854185720488	0.01175436846118913	0.009944754292399351	0.014375956622140853	-0.02293176294007125	-0.002647253736806008	0.012328906456100795	-0.006482447027745723	0.015460133513478287	0.002744594777570883	-0.007741405834186934	0.026959000171244984	0.0008154874556020466	-0.0009603414844727639	-0.0057973267142247	0.0030637028128809012	-0.004586010632865377	0.0059361543697889155	0.010181573036520215	-0.0019659849571896475	-0.005100723635889627	-0.017983218053299527	-0.005322212643007312	0.0020174348842057223	0.00813344171588178	0.002097532509777602	-0.03981514395768731	0.016954897229484556	-0.010042270824919713	-0.0004931774556137708	0.016726562811843492	0.0037363721185513865	-0.009927785184575984	0.00857849489735794	0.008650806302213057	0.007761052717780832	-0.011433500401527229	-0.0037873165027291064	-0.00295586814457342	0.0005120630803596462	0.004915790718348433	-0.014736290052839844	0.0029475172716084555	0.006384812103111147	-0.0037373508147602336	-0.0006660144036060877	-0.009990821060689745	0.008701360653205143	-0.016801609037964623	0.0016037918988338052	0.005998723516877427	-0.001526829374130352	-0.018735455535558637	0.013696267547504902	-0.004095943319394198	-0.012946815115779713	-0.008172582372600115	0.014475632742446492	-0.005996457031884391	0.01870812540156752	0.01301342237943155	0.01600679400237418	-0.0031170258917429926	0.02631860608683942	-0.02292894162236497	0.00745791528514155	-0.01315754801156832	0.0055	0.004482142857142857	0.0034642857142857145	0.002446428571428571	0.0014285714285714284	0.00041071428571428563	-0.0006071428571428575	-0.0016250000000000001	0.0	0.0	0.0	0.0	0.0	0.0	0.0	0.0	0.0	0.0	0.0	0.0	0.0	0.0	0.0	0.0	0.0	0.0	0.0	0.0	0.0	0.0	0.0	0.0	0.0	0.0	0.0	0.0	0.0	0.0	0.0	0.0	0.0	0.0	0.0	0.0	0.0	0.0	0.0	0.0	0.0	0.0	0.0	0.0	0.0	0.0	0.0	0.0	0.0	0.0	0.0	0.0	0.0	0.0	0.0	0.0	0.0	0.0	0.0	0.0	0.0	0.0	0.0	0.0	0.0	0.0	0.0	0.0	0.0	0.0	0.0	0.0	-0.009463197970529122	-0.004586242162878515	-0.003481476345676746	0.002451774480809789	0.003126543861448031	0.0028388179395878663	0.0019985009693668904	0.0025762428594474874	0.0032073317430095128	0.007126636588058369	-0.006496312697988943	0.00632519655534498	-0.0021503162229889222	0.0016512532056952127	0.007121518291817485	-0.011087387375205284	0.006540094719554602	0.0021437449847193607	0.0031923225925793203	-0.00358043804794837	bull
1998-02-28	0.01281255978001319	0.00851757128786279	-0.005570721871060292	-0.000417377874666744	0.007987621527322061	0.029540448006001554	-0.002368268419807194	0.0002399842368692516	-0.015241482627886669	0.016124372763503796	-0.005647219467342738	0.009221373042774551	0.0037116880376711608	-0.0026861314869824435	0.01893766265478088	-0.019529170656913713	0.013130428575980357	0.014053489778613463	-0.016954609365604847	-0.003795179360992421	0.006220703954820414	-0.0013449852230523942	0.018338133708568793	0.004240120337660558	0.004524061278255971	-0.013519561448875625	-0.0016585912227950487	-0.022531435014029107	-0.0011137943398736305	0.008790744120035826	-0.0007483221294521933	-0.017076794504673518	-0.01042586714427822	0.00819171161938681	0.0025842420577729024	-0.0008428275844049147	-0.005020191040428779	0.014544209538695256	0.008935162685168333	-0.010981605500525186	-0.020971614222737744	-0.007149435288322219	-0.004329048072298765	0.00632520249648955	0.010073078500113719	0.0021744711081757217	0.0016373561868602967	0.01739592704383344	-0.007801912816465054	0.01854570822873463	-0.01190985071042582	-0.00411277404022366	-0.003222744113685957	0.006863839614531822	0.005864331970433657	0.001974802673203771	0.00791489286966603	0.011878169013593723	0.034229265524829994	0.0308930508797545	0.0006154224640417259	0.02604018512476716	0.015331733766804051	-0.0021134888093194922	-0.008546456767159587	0.0015877254674799216	0.0037298777334269094	0.005368462443931006	-0.005008232805539542	-0.003044494675686853	0.0012782314258375416	0.011885176906629413	-0.007719954435866968	0.005974554563139249	-0.008352672208625792	-0.011921907771471032	0.033220578308449523	0.008841917130867134	-0.006240257843538154	-0.01061630198646068	0.0055	0.004482142857142857	0.0034642857142857145	0.002446428571428571	0.0014285714285714284	0.00041071428571428563	-0.0006071428571428575	-0.0016250000000000001	0.0	0.0	0.0	0.0	0.0	0.0	0.0	0.0	0.0	0.0	0.0	0.0	0.0	0.0	0.0	0.0	0.0	0.0	0.0	0.0	0.0	0.0	0.0	0.0	0.0	0.0	0.0	0.0	0.0	0.0	0.0	0.0	0.0	0.0	0.0	0.0	0.0	0.0	0.0	0.0	0.0	0.0	0.0	0.0	0.0	0.0	0.0	0.0	0.0	0.0	0.0	0.0	0.0	0.0	0.0	0.0	0.0	0.0	0.0	0.0	0.0	0.0	0.0	0.0	0.0	0.0	0.0	0.0	0.0	0.0	0.0	0.0	0.001353396365488597	-0.004224562416374554	-0.0046681667714950775	0.019783411436747902	0.006069550490817892	0.013589137113082978	-0.007659364696411847	-0.00554391517194367	0.001316938484834888	-0.011994336499282183	-0.0025366793766485258	-0.006335737041954096	-0.0016914585209395522	0.005889766009302667	0.004380635158589233	-0.006181393016429504	0.003495975504515484	-0.0008732873233631281	-0.0069440100612341606	-0.005410255014016151	bull
1998-03-31	-0.023039130701768766	0.02671086607016632	-0.01011860359362278	0.006252567604439756	0.002245402613942617	-0.01277603246175245	-0.010063082000444564	0.01507980705382869	0.012966874557679727	-0.020807381337511397	0.004287998358061686	-0.010910867195053771	-0.0025107072014730007	0.013494429251766629	-0.024692118400040756	-0.0035876372340408144	0.017510750042012475	-0.018391591331226257	-0.019536437766479446	0.020181674280844605	-0.0023216027090671937	-0.00913716581378571	-0.017954603390209413	-0.015871489146831244	0.009583491245115476	-0.0272469657809011	-0.014226530316814229	-0.00415987260027232	0.017927000582396956	-0.021927620485353207	-0.0030146867124311374	-0.0029940428049134334	0.009437360280644732	0.001906390504795015	0.0315668980333935	-0.01514489553403228	0.01836195540083283	0.012553320195401757	-0.02166213399984884	0.013419792206996779	-0.011727119308418844	-0.015514836010388404	0.015955685033785822	0.008190251852292591	-0.012452504794415791	0.005719228541584686	0.014246727294538962	-0.016872682848085595	-0.0232464062829961	0.019898723005090005	-0.014133634098637332	0.015681251234397058	0.01092816241984069	-0.014538584634869208	0.0024897899191213017	0.00044228298036591253	0.00440231735870516	0.0006549481047109851	0.00588556000993078	-0.00242824542322451	0.02413514454603362	-0.0018303455127727452	0.010862357525943783	0.00306596578407424	0.010213324654322474	-0.003531935199703063	-0.010411577565223559	-0.0105699390549068	0.007335931076279256	0.0035785349662751983	0.01650631338113149	-0.0019312957874818282	-0.017397796604539186	-0.023080819412773918	-0.007759881399676412	-0.0042406359559412415	-0.006267051226841472	0.01291508652256387	-0.007800500704378157	0.0034699801960268507	0.0055	0.004482142857142857	0.0034642857142857145	0.002446428571428571	0.0014285714285714284	0.00041071428571428563	-0.0006071428571428575	-0.0016250000000000001	0.0	0.0	0.0	0.0	0.0	0.0	0.0	0.0	0.0	0.0	0.0	0.0	0.0	0.0	0.0	0.0	0.0	0.0	0.0	0.0	0.0	0.0	0.0	0.0	0.0	0.0	0.0	0.0	0.0	0.0	0.0	0.0	0.0	0.0	0.0	0.0	0.0	0.0	0.0	0.0	0.0	0.0	0.0	0.0	0.0	0.0	0.0	0.0	0.0	0.0	0.0	0.0	0.0	0.0	0.0	0.0	0.0	0.0	0.0	0.0	0.0	0.0	0.0	0.0	0.0	0.0	0.0	0.0	0.0	0.0	0.0	0.0	-0.007345441616525568	-0.014457994278239046	-0.003660449297915548	0.008960870123027457	0.004678648507993602	0.008832199873333823	0.0031928961640787868	0.00646388155489814	-0.004445478843690337	-0.00632075923786977	0.007152068370408376	0.003934868208465403	-0.0033901709706032944	0.010594273690588015	-0.014779345401532031	0.005396235882221728	0.0011696572471925808	0.004592723732704016	0.0010748490870382602	0.010655638901259881	bull
1998-04-30	0.012046243297454918	0.02824364175037451	0.01301514295820454	0.006498354253353218	0.0036594924880925116	0.005453030687531562	-0.013110941496201267	0.020844924010585915	-0.005988481181441531	0.009814687824066338	-0.025523703467015223	-0.017668583746194958	0.0006988439240298352	-0.012305271176708835	0.0014644406137460674	-0.0074741359615634936	0.01278120825598433	0.0026410387977295084	0.003160723273057108	0.0057227507489041275	-0.0020992267633659456	0.032275377358304755	-0.015494631594073776	0.016889215795459527	-0.00815576317655035	0.01892910356448367	0.000950454514765342	0.004734642489234968	-0.007850966796109032	0.01243176669756546	0.025519906025647878	-0.0038004217504379986	-0.028133602180707942	-0.0151850403709808	0.00116393372480999	0.00829459608855509	0.012685799743645794	0.008547122523951862	0.02555342130947186	-0.008772193804564198	0.004275995004040402	0.021003174635849504	-0.01269808161001828	0.012095913943564886	-0.0006633047912507758	0.0038219673659252843	0.022174387309817703	-0.004912050241485168	0.011517657129036902	0.013251787669784494	0.01373519875034239	0.04142653945235583	-0.003872441279861058	0.003426394268797191	0.011172827240204943	-0.015140794608733346	-0.017304029774038308	-0.00422690040746567	-0.017962632405077263	0.000506892693093909	0.007785717504351201	0.010513190496075136	0.0015876626647254957	0.00028787466932000304	-0.011011976822149641	0.00673154663318105	-0.0011893343010458738	-0.006326379404559016	-0.00779905546309229	-0.0003500668466132693	-0.000889004867903451	0.00641681567013714	0.004152516494825234	0.0013823937568444866	-0.0056817928697933985	0.00048567188951941	-0.007918471539197747	-0.023402829387177724	-0.0038363194954051656	-0.004640333504884582	0.0055	0.004482142857142857	0.0034642857142857145	0.002446428571428571	0.0014285714285714284	0.00041071428571428563	-0.0006071428571428575	-0.0016250000000000001	0.0	0.0	0.0	0.0	0.0	0.0	0.0	0.0	0.0	0.0	0.0	0.0	0.0	0.0	0.0	0.0	0.0	0.0	0.0	0.0	0.0	0.0	0.0	0.0	0.0	0.0	0.0	0.0	0.0	0.0	0.0	0.0	0.0	0.0	0.0	0.0	0.0	0.0	0.0	0.0	0.0	0.0	0.0	0.0	0.0	0.0	0.0	0.0	0.0	0.0	0.0	0.0	0.0	0.0	0.0	0.0	0.0	0.0	0.0	0.0	0.0	0.0	0.0	0.0	0.0	0.0	0.0	0.0	0.0	0.0	0.0	0.0	-0.00792766145051553	-0.005631081219363233	0.008796645469266276	0.00121265878134442	-0.0012243201864065465	0.012437756934285848	0.00435052914113696	-0.007932273095668142	-0.008581110624457723	0.007570152305990278	0.0021564030287441337	0.009687560601976064	0.005657499569783614	0.0006084279663695891	0.00034685486872324455	-0.005194211702928299	0.0006106525014793643	-0.010460878385810068	0.0056855477752538065	-0.009524082100760712	bull
1998-05-31	-0.005852196235283035	-0.0030772024454567577	0.01876592005022302	0.018707008043934804	0.03808178180842793	0.021010455350610843	0.009522102163688786	-0.009021058466299253	-0.01447317632630644	-0.015070343397166026	-0.007206862724692164	0.004542928487104973	-0.0033489130941240027	-0.011503714245631734	0.016402684670110353	0.00686090895139034	-0.02286775856302354	-0.011447649249654126	0.002038154223572668	-0.003677959477909591	-0.005964273091820704	-0.004662519308613386	-0.004324448730835021	-0.019524321529319284	-0.0017914913289025075	0.005752532825265542	-0.012536590526570694	0.028399360756759515	0.0015884675128734944	-0.012694658617960264	-0.013654038064587993	0.01323330214369907	-0.0007987071983765475	-0.009523489846600744	0.021245144402070745	0.02883192250424972	0.015225710717174018	-0.0076193702807724325	-0.003520904840124739	0.007252521653318015	0.016534209797405327	0.009201450979931029	-0.010273166914111682	-0.014950712817183388	0.02264596224074887	-0.005534267803292509	-0.002570875448594703	-0.007408096923726922	-0.004223743695662748	-0.003132805168640309	0.014170399321826486	0.00717825341199884	-0.003439498249488511	-0.01103019810650739	-0.017034663137177764	0.04214805943603977	0.004673744316474511	-8.773786455645296e-05	-0.014875849344082046	-0.0022140990982953963	0.005781327009632821	-0.0038129415420744776	0.016530774787386123	-0.002589304403811941	-0.002087248747023935	0.0015857960424303839	-0.0020550142424962696	0.013784095006918096	-0.018440872660667844	-0.017520614013092167	-0.0004199161813264567	-0.02114467165309115	0.007159041199007793	-0.002137996090256511	0.017663558513260347	0.027884403137038636	-0.008939795847952093	0.01636951520187418	0.0018061373319260424	0.01167814951289052	0.0055	0.004482142857142857	0.0034642857142857145	0.002446428571428571	0.0014285714285714284	0.00041071428571428563	-0.0006071428571428575	-0.0016250000000000001	0.0	0.0	0.0	0.0	0.0	0.0	0.0	0.0	0.0	0.0	0.0	0.0	0.0	0.0	0.0	0.0	0.0	0.0	0.0	0.0	0.0	0.0	0.0	0.0	0.0	0.0	0.0	0.0	0.0	0.0	0.0	0.0	0.0	0.0	0.0	0.0	0.0	0.0	0.0	0.0	0.0	0.0	0.0	0.0	0.0	0.0	0.0	0.0	0.0	0.0	0.0	0.0	0.0	0.0	0.0	0.0	0.0	0.0	0.0	0.0	0.0	0.0	0.0	0.0	0.0	0.0	0.0	0.0	0.0	0.0	0.0	0.0	-0.013602001218600494	0.00674937582468935	0.007533219743080771	0.0025102171718629704	0.0019215491791674034	-0.0030592927669297913	-0.0010900329141024802	0.006460904168777471	0.011834310515753968	0.0059120380755200205	0.009040746134443809	-0.005797848466068835	-0.004868667889280083	-0.01578286682982388	-0.0006907321970946169	0.0048410425073652985	-0.0010023585991497572	-0.007868078323849361	-0.009002858773443723	0.017075260758145302	bull
1998-06-30	0.0025990958028228447	0.024002905763502634	-0.0035067761437768898	0.008535958482766856	0.01971741266840568	0.004321267663788908	0.00833556957803958	0.006530592554398943	-0.004099074364655064	0.006801068811226048	0.01924374220414558	0.008300109214601665	-0.013175870214555817	-0.01395304644300994	-0.00391773658207744	-0.012585142654414346	-0.008883919770111064	-0.012609933809424547	0.000501622579847624	-0.002375461820708653	0.0033731057160554397	-0.010171820630200725	-0.0022723309984427602	0.0017580077740316853	0.021408425615328356	0.0028791606265726613	0.005256502918493283	0.015009628348540237	-0.006094782950604834	0.021162513507790456	0.011768211400969538	0.0036283011713937967	-0.004481696108318488	-0.019305341412912593	0.013145533254216983	-0.0174096786086014	-0.0005211116824709022	0.008233697456508612	0.007236511553114862	-0.005419542429519522	-0.0006635520270897281	-0.009198654413917633	-0.015023277406871281	0.00837027809159683	-0.004728471633074877	-0.002222882298938257	0.002170982682748925	-0.01897752748240005	-6.54102866122762e-05	-0.01141418218660886	-0.012875528284150792	0.02223475347412596	-0.004145253726406146	0.00936876155165843	0.006288505903727514	-0.0006509238830911448	0.0031412000518521283	0.0028379369199394724	-0.0030517811160455616	0.0019362209800185917	-0.011626049357301452	0.009437046806625196	-0.014397191480599827	-0.009390686209926816	-0.00462185664891782	0.025034320734229402	-0.022482461463524086	0.0014475084189443275	-5.5663560553901025e-05	0.00024154590044035725	0.01616092959609034	-0.010673860394596823	-0.011583546403976021	-0.02190594576515321	-0.010610554385535292	0.011342941587174053	-0.015234605051177018	-0.0129205487007918	0.015995693103210352	0.008676638889816382	0.0055	0.004482142857142857	0.0034642857142857145	0.002446428571428571	0.0014285714285714284	0.00041071428571428563	-0.0006071428571428575	-0.0016250000000000001	0.0	0.0	0.0	0.0	0.0	0.0	0.0	0.0	0.0	0.0	0.0	0.0	0.0	0.0	0.0	0.0	0.0	0.0	0.0	0.0	0.0	0.0	0.0	0.0	0.0	0.0	0.0	0.0	0.0	0.0	0.0	0.0	0.0	0.0	0.0	0.0	0.0	0.0	0.0	0.0	0.0	0.0	0.0	0.0	0.0	0.0	0.0	0.0	0.0	0.0	0.0	0.0	0.0	0.0	0.0	0.0	0.0	0.0	0.0	0.0	0.0	0.0	0.0	0.0	0.0	0.0	0.0	0.0	0.0	0.0	0.0	0.0	0.0036631517064870667	-0.003176015328539122	0.007467679983574285	-0.0017488663585630156	0.010695523123027762	-0.008528084366484055	-0.008787816041173227	0.0006827883103155525	0.020141124979687303	-4.0349535821178405e-05	0.0035006968832979506	-0.010854767983775684	0.009406532299316261	-0.0025619367595142383	-0.007628289428074104	0.006646679303547073	0.00794313984233734	0.002410299503835839	0.0011986530744595007	0.013671305162836614	bull
1998-07-31	-0.03316178459396088	-0.012279289865376141	-0.0025634488773826586	-0.0001802948790221308	0.0021898086160913833	-0.01615310058594503	-0.003852485106916037	0.012901175494801988	0.008224002404073252	0.014661915973190488	0.008525817475952527	-0.024210056452358127	-0.009332010253823084	-0.008117894261154512	0.0029953670044064627	-0.018702831675681784	0.008322593303379186	-0.016190685889877383	0.021300325774639334	0.01306419751566929	0.008467858730086639	-0.0009406924572244738	-0.0025943026893464425	0.029565756611231918	0.02195777439102673	-0.01512707172931214	-0.004341925960511638	0.0028693028117987096	0.0017231229812057975	-0.023971541775253014	-0.013703726032956207	0.005707230234414914	-0.001310133410730037	0.013137638139505895	-0.006534232376289049	0.019323390377986426	-0.0016223636022515762	0.008857522462090449	0.0065202665643285945	0.016839880338318767	0.0028085748166318822	0.010218457095870562	0.000100819629408593	-0.007853266351158714	0.0008557774647104215	-0.008034166929709341	0.006869185893033242	-0.006534898620070064	0.012380522791009272	0.009862693007088967	-0.008762461258354592	0.004811965225141573	-0.0021795291066955477	0.003609889976252612	-0.009976855467290241	-0.003766464326215216	-0.017017631052495586	-0.019802391008475875	0.009699444656250117	-0.007679624726326341	0.013430964150053381	0.008724382568994283	-0.0003326284734463772	-0.010559231802637648	-0.0034870139278088638	0.024172766638076337	-0.013521581577690685	0.013775451555495167	-0.0076069641196813	0.02044379521888873	0.007233499952922344	0.002305258007995882	0.011386495472587667	-0.004288632143847625	0.00838402235803145	-0.01881024340165924	0.01685099764629568	0.005828541723833798	-0.016966571331737346	0.010416133572095808	0.0055	0.004482142857142857	0.0034642857142857145	0.002446428571428571	0.0014285714285714284	0.00041071428571428563	-0.0006071428571428575	-0.0016250000000000001	0.0	0.0	0.0	0.0	0.0	0.0	0.0	0.0	0.0	0.0	0.0	0.0	0.0	0.0	0.0	0.0	0.0	0.0	0.0	0.0	0.0	0.0	0.0	0.0	0.0	0.0	0.0	0.0	0.0	0.0	0.0	0.0	0.0	0.0	0.0	0.0	0.0	0.0	0.0	0.0	0.0	0.0	0.0	0.0	0.0	0.0	0.0	0.0	0.0	0.0	0.0	0.0	0.0	0.0	0.0	0.0	0.0	0.0	0.0	0.0	0.0	0.0	0.0	0.0	0.0	0.0	0.0	0.0	0.0	0.0	0.0	0.0	0.003272203971111026	-0.004169868040261886	-0.015307796648580077	-0.0011580901602028537	-0.004081094604287842	0.006651711133525598	-0.006075631954495297	0.006895392080087886	0.012537136973947392	-0.011199556790977104	0.0113993194298584	0.010080801241823463	-0.0036164287201307047	0.004338273971298594	0.0006132628832108034	-0.0013115417464478754	-0.010469104769914028	0.003176599102990908	-0.0042833769480378255	0.013324750498190768	bull
1998-08-31	0.0025981951364192056	-0.004774044552986794	0.012071757387230929	0.006480438194083038	0.018039690044799116	-0.0071241308470637345	0.011123754264300687	0.020660935027746827	0.0021357814437765396	0.003783626745631697	0.005601624867221558	-0.02493165583442094	-1.7683091074779557e-05	-0.005524611947023102	0.011414177704882589	-0.005719194600397621	-0.005598879812303083	-0.0030810814686289367	-0.0017567858951472559	0.011959257487702015	0.002396101409904532	-0.021440949230156735	0.012000236821037508	-0.006229786258930962	-0.008497511760253085	0.010296092079005845	0.0061557902549852096	-0.014132379192497208	0.0028308109272424664	0.002928468469408124	0.012951414970477002	0.010440499557831535	-0.0036843266048101776	0.006713481374641193	-0.014615416832321487	-0.012021196766618097	-0.0029864608562449138	0.0075760191064475745	0.008414361906049715	-0.00923901098820038	0.0077892237742508	-0.013328294721036677	-0.014050888558946975	0.009088670475863004	-0.005549501822079046	0.006712218222645754	0.021158393973090325	-0.014820170226232271	-0.020012346220239556	0.010509125123505634	-0.012223911653476681	-0.004415925748137588	-0.0072007010279475795	0.0036068109124410435	0.005755646116675109	0.01731892633866149	-0.00946466055976179	0.0011151216469804054	-0.001865042010119653	0.005201259739865494	-0.019241106465093586	0.010135603137267074	-0.014381537507259337	-0.010162322791010168	-0.0012179525427314611	-0.013954109191564104	-0.0008427263434118489	-0.007859350750020994	0.0016457908213373677	-0.011013857928401554	-0.003258318426392853	-0.014229792156260308	0.03829364614478191	0.0197496634617758	-0.007855960304272536	-0.018087174466741577	-0.0031191429736327934	0.011167276062296607	0.023862211663242445	-4.713392183580162e-05	0.0055	0.004482142857142857	0.0034642857142857145	0.002446428571428571	0.0014285714285714284	0.00041071428571428563	-0.0006071428571428575	-0.0016250000000000001	0.0	0.0	0.0	0.0	0.0	0.0	0.0	0.0	0.0	0.0	0.0	0.0	0.0	0.0	0.0	0.0	0.0	0.0	0.0	0.0	0.0	0.0	0.0	0.0	0.0	0.0	0.0	0.0	0.0	0.0	0.0	0.0	0.0	0.0	0.0	0.0	0.0	0.0	0.0	0.0	0.0	0.0	0.0	0.0	0.0	0.0	0.0	0.0	0.0	0.0	0.0	0.0	0.0	0.0	0.0	0.0	0.0	0.0	0.0	0.0	0.0	0.0	0.0	0.0	0.0	0.0	0.0	0.0	0.0	0.0	0.0	0.0	-0.002813542927871908	0.01850284543905861	0.002157810462184105	-0.002941516970723543	0.005198178187199532	-0.00215890230213562	0.008401482084700136	-0.004847150508758953	-0.013542319729502612	0.0019251302263238175	0.0001307957911017314	-0.005652027773601102	-0.002476725867636258	0.0017312777377676502	-0.0009092131128961612	0.005361999028202616	0.00044674131426426745	0.002631812027309046	-0.00614567043653267	0.0005012329816417214	bull
1998-09-30	0.007995628220990203	-0.005730677005269683	0.03373632431214819	-0.005483269974038387	0.02982006066521859	-0.01873345166135488	0.0035143509651078654	-0.003514480628207251	-0.00037676050773860015	-1.0391313052942882e-05	0.01717140121228696	0.013604190212624772	-0.015138962474228822	0.004664409602791064	0.0016164088892104036	-0.0007125270270775031	-0.02469059710299596	0.0015123431778005945	-0.016850663229124506	-0.005206698503246612	0.013782346630115858	-0.0042924024495233784	-0.022303296314757477	0.00827111134699733	-0.01988103564184237	-0.00029864102406073684	0.0003803634589005769	0.0059069004181063235	0.023814550402710036	-0.018980152053769742	-0.009228506903689697	0.01399488036479159	0.009887236536710347	-0.012154363586918956	0.016319386510562	0.016654757279131294	0.010305452374738113	-0.0003709526745646115	-0.009233972398771896	0.004759516906408171	0.0371349873568904	0.011626524632030245	0.0011651556597244287	-0.009376826855900262	-0.008803424922783281	0.024326239280875517	0.008292738574994647	-0.021925111170011186	-0.005816159154166384	0.0034534750056608604	-0.006045872719721824	-0.0023559261840703943	0.01903695487709379	0.0010789062890936175	0.016903172896454863	0.012613995935588224	0.0028216740263669196	0.00859986793207798	0.008476448360355706	-0.009334157668113569	-0.017711615211459197	0.01699810936213805	0.014084958531339162	-0.006906712089550307	-0.001528412437008413	-0.0011569004952726985	-0.014353582078440475	0.013307911160441258	0.018577713487052325	0.00918566464972304	0.0015229509406192983	0.0059021607439292065	-0.012698133851632256	0.020766102418743104	0.016909939687121997	0.010370736747199547	0.009416797250808738	-0.00015560487831139003	0.021414591037112473	-0.0033152499102888757	0.0055	0.004482142857142857	0.0034642857142857145	0.002446428571428571	0.0014285714285714284	0.00041071428571428563	-0.0006071428571428575	-0.0016250000000000001	0.0	0.0	0.0	0.0	0.0	0.0	0.0	0.0	0.0	0.0	0.0	0.0	0.0	0.0	0.0	0.0	0.0	0.0	0.0	0.0	0.0	0.0	0.0	0.0	0.0	0.0	0.0	0.0	0.0	0.0	0.0	0.0	0.0	0.0	0.0	0.0	0.0	0.0	0.0	0.0	0.0	0.0	0.0	0.0	0.0	0.0	0.0	0.0	0.0	0.0	0.0	0.0	0.0	0.0	0.0	0.0	0.0	0.0	0.0	0.0	0.0	0.0	0.0	0.0	0.0	0.0	0.0	0.0	0.0	0.0	0.0	0.0	0.018572340920880875	0.00591945134231708	0.003708006348031124	0.013477006076113464	-0.014421693251922385	-0.004302527242269346	0.010934454967651823	-0.005396644490717526	-0.0088833449059487	-0.004953791991707222	-0.007254995091091112	0.002883994009343968	-0.009777027853179323	0.004540959131681815	-0.00574127320465996	0.0020044158072137002	-0.002256225105407794	0.00414925895092497	-0.009225736408050762	-0.0033650139474796425	bull
1998-10-31	0.014441731337232106	-0.016386388888885613	-0.020184472798425994	0.01922132080473888	0.005229773032754343	0.0038455026136117367	0.025662638012489754	0.011167388730041491	-0.0068492420310674595	-0.02042595904965137	-0.0031372208178503725	0.01154306051369084	-0.007924157923020064	0.014720407112862082	-0.008403891768010381	-0.007574358324942109	-0.018038228904628393	0.000899570067899672	0.01613900042198058	0.024621926056770247	0.009874573125159249	-0.009100815455314602	-0.0018007543127384056	-0.0217094849423873	-0.0037758545211397216	-0.0021703559046453913	-0.0019945537457856702	0.0016164689687787452	0.0006422006791825806	-0.005209645140019389	-0.009692743887816857	0.003823963476255039	0.013854696163588412	-0.015862076834077452	-0.003256003456967482	-0.01954978661532401	-0.019086504912871068	0.0007183069300976489	0.004538438531921148	-0.011797204399163536	-0.003993089997015189	0.0001885929506712187	0.007519236988753719	-0.006569268296635968	-0.014045284906724053	-0.0005412223778742964	0.003792126851717946	0.024404078681655627	0.0031598649102453913	-0.004781529971056727	0.003561763046599118	-0.01102449762604836	0.0003994133511772589	-0.0060738788198808685	0.005998753925306145	0.006626333150793638	0.007260596904148581	-0.004673305020127612	0.008553453890116932	-0.0021336049863216553	-0.0006005309774095018	-0.030854115851340447	-0.012409926762550877	-0.011522928040482994	-0.0007856929817589315	0.0014281310738026819	-0.008029467510434277	-0.006517765526307152	0.02441524078470949	0.010786905625234556	-0.008511578796798706	0.007424414589086277	8.618140366299284e-05	-0.0016310114137766181	-0.0076865745064242175	-0.001622774049803623	0.03054006552549381	-0.017596582619149943	0.023403870096910494	0.002026120376443838	0.0055	0.004482142857142857	0.0034642857142857145	0.002446428571428571	0.0014285714285714284	0.00041071428571428563	-0.0006071428571428575	-0.0016250000000000001	0.0	0.0	0.0	0.0	0.0	0.0	0.0	0.0	0.0	0.0	0.0	0.0	0.0	0.0	0.0	0.0	0.0	0.0	0.0	0.0	0.0	0.0	0.0	0.0	0.0	0.0	0.0	0.0	0.0	0.0	0.0	0.0	0.0	0.0	0.0	0.0	0.0	0.0	0.0	0.0	0.0	0.0	0.0	0.0	0.0	0.0	0.0	0.0	0.0	0.0	0.0	0.0	0.0	0.0	0.0	0.0	0.0	0.0	0.0	0.0	0.0	0.0	0.0	0.0	0.0	0.0	0.0	0.0	0.0	0.0	0.0	0.0	0.008498465129743114	-0.010911959882380818	-0.0005681502980692608	-0.008072005257104557	-0.011037864403994638	0.005887441815338683	-0.003075410094797252	0.020743302961662404	0.008001044864673726	0.0006112034772144423	-0.004014821904522219	0.018594904374992154	0.005222945606636478	-0.007938163630097961	0.0020932990048626093	-0.004581624620061746	0.0007460207004575824	-0.001143646707665274	-0.009154565045086495	0.01213093151649046	bull
1998-11-30	0.01015583761333276	0.00507588774537135	0.017274741678590597	0.002133694586529089	0.03628653193821399	0.012340355222073015	0.018305926217411596	-0.009001689460873243	-0.004047645409887907	-0.003034395619521315	-0.00500517969606517	0.006699638281304175	0.014447336222481335	-0.005993038845411214	0.021623442410976353	0.007831211731385757	0.008693878693056429	0.0013879831338616507	0.0021159130019858144	-0.00784398107111697	-0.016742681168571312	1.618120487517332e-05	0.00925169188887043	0.006255444569589169	-0.012864073440362635	-0.00671743125358118	0.0012096205381658127	0.018869629316711295	-0.005758559885798193	-0.005487918452633541	-0.002473070736359759	-0.0014866924298537572	0.008148507114874028	-0.008188137727112497	-0.010525627348724444	-0.00990907463217979	0.023396482514388677	0.013476060055748062	0.005986838693862849	-0.01223453885524035	0.0061937683238915105	0.007995807868982017	0.0005146006884275453	0.005254733875543457	-0.00762479087563132	0.007685470666165729	0.00981980673108789	-0.018808869990193423	0.01910985642565273	-0.00804254708471899	-0.0010457238471489232	0.0024282357546143345	0.01617281117066266	-0.008303220148322967	-0.008563013383652158	-0.00011437246221039585	0.022296212276542257	-0.01526164291792024	0.010224506784030087	0.009126580667814561	0.000812946579821093	-0.0027239604448962545	-0.00022467709410738316	-0.010552993809206832	-0.01344287379716368	0.017216920902816995	-0.02235791207094559	0.011865031143471828	0.010765430460071616	0.011173425989638202	0.03445164217854687	0.02525552454371848	0.00623488081162514	0.01637933478374548	0.010296751424437879	0.002468623955637001	-0.011221297679955474	-0.01614205542562111	0.006762204465911735	0.018251864339548025	0.0055	0.004482142857142857	0.0034642857142857145	0.002446428571428571	0.0014285714285714284	0.00041071428571428563	-0.0006071428571428575	-0.0016250000000000001	0.0	0.0	0.0	0.0	0.0	0.0	0.0	0.0	0.0	0.0	0.0	0.0	0.0	0.0	0.0	0.0	0.0	0.0	0.0	0.0	0.0	0.0	0.0	0.0	0.0	0.0	0.0	0.0	0.0	0.0	0.0	0.0	0.0	0.0	0.0	0.0	0.0	0.0	0.0	0.0	0.0	0.0	0.0	0.0	0.0	0.0	0.0	0.0	0.0	0.0	0.0	0.0	0.0	0.0	0.0	0.0	0.0	0.0	0.0	0.0	0.0	0.0	0.0	0.0	0.0	0.0	0.0	0.0	0.0	0.0	0.0	0.0	0.005615257877238888	0.00928715878137633	-0.006098150058625266	0.00373520459934463	0.002186786143914165	-0.007134830689013683	-0.014833130268918937	-0.004168477714865993	0.009146123513826925	-0.0029159331333290127	0.0074127514710219215	-0.003462707721610313	-0.006230386788438345	-0.0031183176071250523	-0.0029092079458870974	0.000906821905472358	-0.005465052283540506	-0.003001412123988145	-0.002604197353130683	0.000259790192628076	bull
1998-12-31	0.0010277603346313625	-0.02394446879685372	-0.002772902355688523	0.011725513619502305	0.003035054071185125	-0.02405407698053434	-0.019249541929690774	0.004959955285409443	0.001399095818937232	0.00037709307466260515	-0.000380176083248263	0.023813004323394317	0.0016064489500171634	-0.0034364955259710327	0.009691966378587092	0.004302605055389123	0.0007185728237530575	0.034341352586388756	-0.01142656219465626	0.0020021159863862358	-0.0016506263567395833	0.008302750770532049	-0.018932005434016175	0.0031223195088697117	0.0115140529451682	-0.017874272036672433	-0.002521323674644871	-0.009379457593360691	0.027552838108895958	-0.005632526350488641	-0.011641821474151992	-0.0061498090036016945	0.010451090914370124	0.006579735586729741	-0.0006368191095088576	-0.005779175104048964	-0.01896009711202675	0.011470501649340405	0.013326949105852373	0.008502014408740445	0.012976101635032227	0.0011667605828027429	0.0069311659204703766	-0.00024542608760500016	-0.000749731984201385	0.0012934114101114864	0.009118757417300876	0.01923819325239667	-0.011302952645783307	-0.0071711186832460515	-0.020138483087490784	8.691186067166871e-06	0.015419427286433677	0.0015864526828340837	0.015025124506608513	-0.02544849371921849	0.00457702876913037	0.008361751609561726	0.012621210681283896	0.006280384872664194	0.012017073346952881	0.03034349166415762	-0.00488905403460733	-0.013805298222535302	-0.001274946146355084	-0.006904769943287422	0.01393608623793895	-0.0014914859696682496	0.02059492688304936	-0.006879895184851048	0.01660731514062291	-0.012026339686146217	0.0011461768413951181	-0.007697036546706263	-0.003062830402490816	0.016084686918981655	0.008958710307375677	0.011390189280993458	0.005758944969971353	-0.0030014481161830817	0.0055	0.004482142857142857	0.0034642857142857145	0.002446428571428571	0.0014285714285714284	0.00041071428571428563	-0.0006071428571428575	-0.0016250000000000001	0.0	0.0	0.0	0.0	0.0	0.0	0.0	0.0	0.0	0.0	0.0	0.0	0.0	0.0	0.0	0.0	0.0	0.0	0.0	0.0	0.0	0.0	0.0	0.0	0.0	0.0	0.0	0.0	0.0	0.0	0.0	0.0	0.0	0.0	0.0	0.0	0.0	0.0	0.0	0.0	0.0	0.0	0.0	0.0	0.0	0.0	0.0	0.0	0.0	0.0	0.0	0.0	0.0	0.0	0.0	0.0	0.0	0.0	0.0	0.0	0.0	0.0	0.0	0.0	0.0	0.0	0.0	0.0	0.0	0.0	0.0	0.0	-0.009295241214282409	-0.0029987957359495264	-0.005668030908259372	0.006855544856412536	0.01557502280008733	0.001908723550494688	0.005554967993798376	0.003888076778541802	-4.927968611524508e-05	0.01008305269989319	-0.006314101964173458	0.0018377025789889042	-0.008162907240289582	0.00024878317689179053	-0.011793304487890335	0.010172172081448869	-0.008565772540942427	-0.000653682567912901	-0.0019295402736786837	-0.0002593670463457952	bull
1999-01-31	0.010344262206536002	-0.008586437998879402	0.0036342688729455036	-0.022849735643973145	0.020920774269210417	0.011246403943058217	0.007424856884817394	-0.004085254963002077	-0.008916090707078226	0.0019055380981193772	-0.024325420196823485	-0.020684076336092927	0.004692917220667998	0.0024533992101301336	0.00307724684331894	-0.007872985293373628	-0.005984445711499149	0.008362836397921628	-0.022964809390026656	0.0007997779504411083	-0.01962726524533556	-0.005386869798333393	-0.0038196002714304916	0.03302691485496144	0.00984203192755931	-0.005030142196699365	-0.003689035599696785	0.012844802094373364	0.0005883404690882372	-0.024697231553805318	0.01331888216854283	-0.011824752746221296	0.017785681635803942	-0.0021997076746653483	-1.3558129919460428e-05	0.001082983180137331	0.0017493530189565422	0.013061222963198744	-0.003771452405741811	0.020352179584886894	-0.0190865398901428	0.006455925768305007	0.006256171759778063	0.000649980972813281	-0.019365105886290913	-0.000195046123869341	0.003952473540983913	0.020295327508764557	0.005808900227528981	-0.018368306031802197	0.00010298749885438797	-0.004265831901330418	0.0012660633781921072	0.003709944639955783	-0.006161935505310255	0.00934211083436453	-0.013063275601508412	-0.0012558060792577975	-0.01818541964659647	-0.0007143757259986797	0.00995014118549276	0.0016096022361021067	-0.0185393140853559	0.005162858871857902	0.011068288800083816	-0.02017860500897066	-0.025135987809736943	-9.085309913801575e-05	-0.011914355616585477	-0.003490188716044694	-0.011829333851625186	0.006514640965663402	0.0007999119828905648	-0.013882668822619864	0.0023364553510764542	-0.004113220614596112	0.020644407343875765	-0.018582803913258325	-0.005343091997111781	-0.008236814096130524	0.0055	0.004482142857142857	0.0034642857142857145	0.002446428571428571	0.0014285714285714284	0.00041071428571428563	-0.0006071428571428575	-0.0016250000000000001	0.0	0.0	0.0	0.0	0.0	0.0	0.0	0.0	0.0	0.0	0.0	0.0	0.0	0.0	0.0	0.0	0.0	0.0	0.0	0.0	0.0	0.0	0.0	0.0	0.0	0.0	0.0	0.0	0.0	0.0	0.0	0.0	0.0	0.0	0.0	0.0	0.0	0.0	0.0	0.0	0.0	0.0	0.0	0.0	0.0	0.0	0.0	0.0	0.0	0.0	0.0	0.0	0.0	0.0	0.0	0.0	0.0	0.0	0.0	0.0	0.0	0.0	0.0	0.0	0.0	0.0	0.0	0.0	0.0	0.0	0.0	0.0	-0.017131738409829	0.011397036589789083	-0.0037995668473557445	-0.0011738389064356745	-0.004077165232614368	-0.007664202423282216	0.00029828896066098594	0.014800639809965984	0.012862966685134113	-0.001445612721486982	-0.006917149010010374	-0.0001896392972214043	-0.009628038911008429	0.0004099516112871434	0.005936090980232673	-0.000860671673570386	0.0017554268645230248	-0.0058875137015465834	-0.0009266031038087635	-0.0026386106355565354	bull
1999-02-28	-0.003635002966125662	-0.004599698394204522	-0.00012984593094390352	-0.009594788994000552	0.0014621888038300688	-0.0040489742395756435	0.021206619387330403	-0.0024438042840941193	-0.026472968001144015	-0.005889186691648493	-0.0034462050861430124	0.0005693366685690217	-0.015357880942946236	0.014141266110184878	-0.001053518753594117	-0.0021399531352469833	-0.003265251552397596	-0.007145364764856325	-0.00225581550373517	0.011066723738163493	-0.007863898208596164	-0.00581096638823797	0.011141755329420437	0.005384940482719738	0.014138968929567236	-0.0038335920242881906	0.007561588124867652	-0.005177055756096681	-0.0040238363068288395	-0.008812040268328235	-0.012134431035211871	0.008029534470628204	-0.006095825652817047	-0.002342400489646239	0.014063551538886922	-0.003963021913067275	0.0014473004790880146	0.00529612445268474	0.02624336578743995	-0.03359968871903819	0.005894569681109611	-0.00159275487150602	-0.008973197924220322	0.0057186571135431664	-0.006004763833334971	0.005074659203153065	-0.0031087534541338682	0.011024461918429767	-0.0021779807940613895	-0.003955185243673107	-0.0037833641130669447	0.01062642667411945	-0.00235872266050378	-0.004858384261106544	-0.012192211910946521	-0.00656058438022058	0.0022313120162141195	0.00015568528024842516	0.015896226722896097	0.004844974469484694	0.00323033541100658	-0.008448644158940963	-0.0010276587057439965	0.013092098976307379	-0.017176540866522	0.004348060351758632	-0.005432541438654314	0.0007525632135138401	-0.00423943669176103	0.019322142762784333	-0.011295208560508245	-0.007807905919489663	-0.005003827069265881	-0.011291382520830107	-0.019205203691590657	0.005825394487120435	-0.011417117533464643	-0.02518285850196435	-0.006604710924223775	-0.001352107400315592	0.0055	0.004482142857142857	0.0034642857142857145	0.002446428571428571	0.0014285714285714284	0.00041071428571428563	-0.0006071428571428575	-0.0016250000000000001	0.0	0.0	0.0	0.0	0.0	0.0	0.0	0.0	0.0	0.0	0.0	0.0	0.0	0.0	0.0	0.0	0.0	0.0	0.0	0.0	0.0	0.0	0.0	0.0	0.0	0.0	0.0	0.0	0.0	0.0	0.0	0.0	0.0	0.0	0.0	0.0	0.0	0.0	0.0	0.0	0.0	0.0	0.0	0.0	0.0	0.0	0.0	0.0	0.0	0.0	0.0	0.0	0.0	0.0	0.0	0.0	0.0	0.0	0.0	0.0	0.0	0.0	0.0	0.0	0.0	0.0	0.0	0.0	0.0	0.0	0.0	0.0	0.004684845990341642	-0.012531811110208183	-0.003821713895945631	-0.013576947705643851	0.0005419396601222713	0.0029868532096293636	0.01598711178785763	0.01176012949607157	-0.0051776237546532974	-0.006454648137512398	-0.00226315634173196	0.0007509266134761163	0.008251670501465636	0.00875068974606635	0.01104255064311701	0.003690132231611001	-0.002689303645932403	0.006088528089389659	0.0035010795370012805	-0.0035760158019372055	bull
1999-03-31	-0.010616196107185236	-0.01137359000346537	0.0040112199853285105	-0.00012896937846800134	0.004072395644141974	-0.0004875071920853926	0.003201232056618134	-0.02605101015567318	-0.018923665701084707	0.0015168999162886736	0.0015528980421549408	-0.03716537374988169	-0.026824722455813445	0.016020048668988065	0.019832275273340957	0.0008317028185988993	0.01830163767011947	0.007868905465163703	0.0076472450065032905	-0.011535305071385895	0.0017593710811790145	0.018532679455104496	0.013442413898733395	-0.014739349981497478	-0.019041431538249026	-0.021066868421292965	-0.008235146314549286	-0.007848566062033152	-0.01645399318351713	-0.011346972698389527	0.006462152484269845	0.003323964868067673	0.00037961028578481005	0.001950167293857339	-0.01756440618806404	0.003284980338966633	-0.00596319707462259	-0.011375641278702749	0.00669078980723913	-0.0022839998214282393	-0.014910852368675833	0.02050288718782134	-0.017277902376147732	0.014095115972261549	-0.017017173247832498	0.002752382496677967	0.006257226990056631	0.012742265214664032	0.007020448753486177	0.002916233905827783	0.009603903731464926	-0.0013173274259266033	0.016562252178322887	0.002375917160374931	-0.0030928838100644355	0.002911559368256515	0.031244211555460373	0.002625126286777029	0.013109810677294647	-0.00011271203351922361	-0.007916862682503079	-0.0003135476346644365	0.002592539937825803	-0.0016733932667092933	0.01736375565820586	-0.0015360693617994267	0.009146241736007699	-0.01430114703967974	-0.004717597760992463	0.00418205886169061	-0.0025063869708205327	-0.005647295784333507	-0.02365212702039303	-0.018147354285426732	-0.009439134256069301	-0.021709479353108966	-0.002055030684177248	-0.00506378934979418	0.002008316994745224	-0.0014834455141393324	0.0055	0.004482142857142857	0.0034642857142857145	0.002446428571428571	0.0014285714285714284	0.00041071428571428563	-0.0006071428571428575	-0.0016250000000000001	0.0	0.0	0.0	0.0	0.0	0.0	0.0	0.0	0.0	0.0	0.0	0.0	0.0	0.0	0.0	0.0	0.0	0.0	0.0	0.0	0.0	0.0	0.0	0.0	0.0	0.0	0.0	0.0	0.0	0.0	0.0	0.0	0.0	0.0	0.0	0.0	0.0	0.0	0.0	0.0	0.0	0.0	0.0	0.0	0.0	0.0	0.0	0.0	0.0	0.0	0.0	0.0	0.0	0.0	0.0	0.0	0.0	0.0	0.0	0.0	0.0	0.0	0.0	0.0	0.0	0.0	0.0	0.0	0.0	0.0	0.0	0.0	0.0019891470096514863	-0.018924319807668247	-0.0018010995642692546	-0.00120373610539724	0.00046074331280410044	-0.009592856947775216	0.006155492836900065	0.0058381201348871896	0.002724406656543007	-0.0014718358839115146	-0.0043183609135222355	-0.00021106265876205405	0.005992140952107542	-0.003392776757714361	0.00941688774066487	-0.0021513188481745264	-0.002759662367427018	-0.0008522393055637679	0.007144283183736468	-0.0038357528197008536	bull
1999-04-30	-0.025888977329675808	-0.008516121784100852	0.0063667747855755755	0.009318949692396735	-0.008689931684653455	-0.005258665431162158	-0.006834402709096161	-0.0038135369612612266	0.005812073880583309	0.014159360326928733	0.03429010604548817	0.004847352520456017	-0.0171253948613644	0.009241375131307537	-0.012791875344844232	0.0016584308034595955	-0.027056100408200966	-0.005104565444287919	-0.005146616924225209	-0.0022090114308126393	-0.010987383811043265	0.012959788610180442	-0.015777550580224127	-0.0003384125964169005	0.008844190335518809	0.001230111993989273	-0.007431938786356984	0.0005765142998814146	-0.0047744207173498155	0.0126305897082912	0.011628512808609996	0.009581572525967875	-0.006889872581126517	-0.008209792499525833	0.01485674525502896	-0.002871242365792692	-0.0002773489952451405	-0.0026866783498963537	0.014657343043151892	-0.001565559849779852	0.0025650299335360405	0.02037366508085272	-0.0017998917739910786	0.0017563502177051866	0.0016580624012039595	-0.005470349822590451	-0.01620030028439862	0.0137265400511813	0.0032248169943925446	-0.004415774696330201	-0.010132581114147542	-0.02339295691084488	0.010233589947215623	-0.028564573555303577	-0.016513986918123565	0.0038631082487305774	-0.000110295874645246	-0.01867267656023938	-0.006211456618625274	0.0025461249917879576	0.0013183951308521483	-0.012283105842440942	-0.011919385212388072	-0.011226498585685066	0.0012596626537433526	0.0038869347098153782	-0.018995932027185233	0.008214868152415532	-0.01695529950974854	0.017390047890106397	0.0008283660554152496	-0.011595920416800432	-0.024850969653798727	0.009727029290473517	-0.01447863564867959	-0.01301701251554386	0.010439538540091765	0.004537993346860406	-0.008395474947554455	-0.02020409975702424	0.0055	0.004482142857142857	0.0034642857142857145	0.002446428571428571	0.0014285714285714284	0.00041071428571428563	-0.0006071428571428575	-0.0016250000000000001	0.0	0.0	0.0	0.0	0.0	0.0	0.0	0.0	0.0	0.0	0.0	0.0	0.0	0.0	0.0	0.0	0.0	0.0	0.0	0.0	0.0	0.0	0.0	0.0	0.0	0.0	0.0	0.0	0.0	0.0	0.0	0.0	0.0	0.0	0.0	0.0	0.0	0.0	0.0	0.0	0.0	0.0	0.0	0.0	0.0	0.0	0.0	0.0	0.0	0.0	0.0	0.0	0.0	0.0	0.0	0.0	0.0	0.0	0.0	0.0	0.0	0.0	0.0	0.0	0.0	0.0	0.0	0.0	0.0	0.0	0.0	0.0	0.0115422192354256	-0.008834089252165478	-0.00535569559087759	-0.007047751218737265	0.010077847986863422	0.012834469983274959	-0.00029371749648217415	0.00809898070269954	0.010224691397720177	-0.004699316966502528	-0.009175762858181703	0.0017942933013686301	0.008595959458218054	0.0018782172727819498	0.0021424571878093704	-0.01139381418825479	-0.007163451939550146	-0.005850325183478339	-0.007959200934115188	0.005377330325406956	bull
1999-05-31	-0.015354185522854816	0.01970221633357289	0.007486689720395746	0.01817268156355073	-0.005758152428927862	0.010849013831519332	0.013648335526974531	-0.028049801250441556	-0.005807847998267144	0.007549550496918445	0.010398359330718872	0.02076048993974792	0.018908398695983254	-0.007252841362704565	0.0021699211077087508	0.005214130772978198	-0.014445666696754539	-0.0030355577794843147	0.015788552946161435	-0.0030808073595578	-0.029118999151437768	0.010555604564217549	-0.0023335416184489663	0.00938409890205389	0.006142934732364773	0.00714486907786083	-0.007292149888803063	-0.001827329187296849	0.010476153552026354	0.010403130624671315	-0.029576537856866942	-0.013003461839386478	-0.0038736429780997796	-0.023894302452026433	-0.014201397906808251	0.021534617057220793	-0.003953380662901238	0.003348860958030174	0.00974578664511366	-0.018694696821262187	0.0013866905633603257	0.005015111348672389	0.024803208152473184	-0.030873118312396277	0.007408473846759464	-0.01114114509034755	0.004595033031569428	-0.003733080254798401	-0.017649097248383837	0.014020946206033462	0.012341391298068256	0.007074720581729658	-0.006971018007797715	0.014705429796921817	-0.00510715817175419	0.001340022549452051	-0.018042468385967323	0.020357000299812557	-0.021345727270304437	0.008904474023366318	-0.007309538080814066	0.005063236688951819	-0.000249441414267174	-0.020929937287245088	0.0066374474990554665	0.0014580376309959045	-0.02371228525317789	0.0076223342571133	0.005403061756890731	-0.007596053038463636	-0.0036982617367353043	-0.009288353864868449	0.024234073712679223	0.014107949671755745	0.003837683317285898	-0.017683818834799154	-0.020236497272638595	-0.0009177536852888916	0.011893866434772613	0.0022852105974154662	0.0055	0.004482142857142857	0.0034642857142857145	0.002446428571428571	0.0014285714285714284	0.00041071428571428563	-0.0006071428571428575	-0.0016250000000000001	0.0	0.0	0.0	0.0	0.0	0.0	0.0	0.0	0.0	0.0	0.0	0.0	0.0	0.0	0.0	0.0	0.0	0.0	0.0	0.0	0.0	0.0	0.0	0.0	0.0	0.0	0.0	0.0	0.0	0.0	0.0	0.0	0.0	0.0	0.0	0.0	0.0	0.0	0.0	0.0	0.0	0.0	0.0	0.0	0.0	0.0	0.0	0.0	0.0	0.0	0.0	0.0	0.0	0.0	0.0	0.0	0.0	0.0	0.0	0.0	0.0	0.0	0.0	0.0	0.0	0.0	0.0	0.0	0.0	0.0	0.0	0.0	-0.01341014891718078	-0.0077812858900316185	-0.012772491010399204	-0.0040389890356517175	0.004609938751905681	-0.0009991858504918003	-0.007110488322114859	-0.0044392423510764695	0.008605499716557208	0.011998573540737252	0.008066452013191746	0.005249140379878051	0.0008261600061564957	-0.00209610761857708	-0.005639423675805361	-0.006415009305734916	-0.007521785010878751	-0.00732805706831546	-0.005755789773494906	0.020144879461419258	bull
1999-06-30	0.01076293513755076	0.019455396818926433	0.005933134106139535	0.0023621698908592847	0.010981319835231668	0.001254079958363255	0.016572524033620868	-0.0030265829351846137	-0.0010399225894301015	0.012798534170644842	-0.004930099015112278	0.0024495730571500456	0.0025545840394938504	0.00873895445078292	-0.005724856852544959	0.010118537250179086	-0.0008533665801486121	-0.019970463029273137	0.007428174232219363	0.007266362996723767	0.0036663380042460036	0.006351613195152559	0.0161834331568107	4.029441321971455e-05	-0.015458743668795247	-0.01343607538715434	0.011701131108728112	-0.0002131281543603965	-0.0005148058222083086	-0.00854402125953872	-0.00010689794256134418	0.01545141730754346	-0.008482732932940865	-0.00743227199797895	-0.013408498944120667	-0.011672573239417297	-0.00602176104197615	0.006120068139582776	0.014363755231933308	-0.0006848601508681823	0.0010905214788938487	0.009983643075593258	-0.003533416967955795	-0.0280679701706985	0.012146371275734664	0.009097551483326742	-0.002774129777095737	0.008179486220822544	-0.008783989361172839	-0.0003511845699784387	-0.0008738312050252475	0.004239101317381636	0.0020840914442036376	0.019808234113701185	-0.006949478295270444	0.02073927941491542	-0.004967430211010398	-0.027646225393857627	0.017762846757418786	0.015498665820776346	-0.018711755615876183	0.0006090927663087497	0.009879152945074483	0.01579950437012333	0.006943210840455886	-0.010660658092767998	-0.010969415279455537	-0.011752838716531256	-0.018246016155618553	0.009656376035310095	-0.008552130498146928	0.009578324222665451	0.0007988896509477927	0.00507220162329696	-0.004797794615423366	0.00027333792581004057	-0.0026900820982928035	0.015399519817400953	-0.00216174349891996	0.0014536757517443187	0.0055	0.004482142857142857	0.0034642857142857145	0.002446428571428571	0.0014285714285714284	0.00041071428571428563	-0.0006071428571428575	-0.0016250000000000001	0.0	0.0	0.0	0.0	0.0	0.0	0.0	0.0	0.0	0.0	0.0	0.0	0.0	0.0	0.0	0.0	0.0	0.0	0.0	0.0	0.0	0.0	0.0	0.0	0.0	0.0	0.0	0.0	0.0	0.0	0.0	0.0	0.0	0.0	0.0	0.0	0.0	0.0	0.0	0.0	0.0	0.0	0.0	0.0	0.0	0.0	0.0	0.0	0.0	0.0	0.0	0.0	0.0	0.0	0.0	0.0	0.0	0.0	0.0	0.0	0.0	0.0	0.0	0.0	0.0	0.0	0.0	0.0	0.0	0.0	0.0	0.0	-0.008519332497947625	-0.007016612263219417	0.006888816529338641	0.017850154308580436	0.005730690144050229	0.019013492026633178	0.0063720776689727655	0.007952487660044694	0.01250149585535587	0.001708914800204328	0.008649369149409603	0.008806275859280038	-0.0046501239401280725	0.0009702756637678649	-0.004626777347006668	-0.0021793513601308765	-0.003054275321487112	-0.008203023927559195	0.00329241898299346	0.012896635702007872	bull
1999-07-31	0.014099247194020273	-0.006319395876779024	0.0054117087344764565	0.009383964876125174	-0.006495985746973465	0.01292300646675384	-0.009828231268774133	-0.0017604101663256592	0.000625855382584448	0.02293231269642417	0.0031002738328344513	0.016470944482547798	-0.009242080210123035	0.004393227141381756	6.796621940484906e-06	-0.011981723771521194	-0.00966439774345508	0.005764951164500796	0.013837888406757674	-0.0029487808550759725	0.010264337389071907	-0.01845306631131717	0.008023862237493096	0.0037489763771829565	-0.006212959856026664	-0.0011858081999800787	0.0101551324253834	0.01521054602618337	0.005100107039120448	0.004165376306957691	-0.008217160227486593	-0.00786477935746991	0.01318081331785145	-0.015614635193825593	-0.029573135015715814	-0.012722853301924115	0.018679070179691316	0.0015286351706053213	-0.004321751243544714	-0.007483701747067984	-0.013727816007162615	-0.004647869610293178	0.0034346148472514278	-0.0034785323563219644	0.010726658049194074	-0.02753709839457637	0.010303497980669677	-0.018674301274415193	-0.01738711060611246	-0.0021467053454135	0.017006599610296113	-0.012709516346649574	0.008038334304347257	-0.016342205599018004	-0.007136591994331792	0.004024162563159178	-0.036955712850084706	-0.00013247643804842606	-0.003041710912743224	0.001551834699692573	-0.005800950186273786	0.005523984252109078	-0.006895897302850348	0.004600349073317032	-0.006189454900979272	-0.0064504326349178985	-0.0067794866358018525	-0.013131055063572443	0.001005774650348991	0.011745754339843291	-0.013405086693251793	0.006079162808671216	-0.012403568198384934	-0.004127406627349785	0.0018245573155898228	0.024972956034190752	-0.0008256118377600135	0.006902535398534734	0.0017522554646170522	-0.0007947742887395795	0.0055	0.004482142857142857	0.0034642857142857145	0.002446428571428571	0.0014285714285714284	0.00041071428571428563	-0.0006071428571428575	-0.0016250000000000001	0.0	0.0	0.0	0.0	0.0	0.0	0.0	0.0	0.0	0.0	0.0	0.0	0.0	0.0	0.0	0.0	0.0	0.0	0.0	0.0	0.0	0.0	0.0	0.0	0.0	0.0	0.0	0.0	0.0	0.0	0.0	0.0	0.0	0.0	0.0	0.0	0.0	0.0	0.0	0.0	0.0	0.0	0.0	0.0	0.0	0.0	0.0	0.0	0.0	0.0	0.0	0.0	0.0	0.0	0.0	0.0	0.0	0.0	0.0	0.0	0.0	0.0	0.0	0.0	0.0	0.0	0.0	0.0	0.0	0.0	0.0	0.0	0.004276376343672143	-0.009676434717355735	0.017465927566397744	0.0004203609469387703	0.012509245927269206	-0.003622991836890622	-0.0020333644237441675	0.004383040698858984	0.00937495319942723	0.006009907191690407	0.004872510650464363	0.008774984122809937	0.002247504530443138	-0.004204066178784641	0.004829104179442819	0.008474749803100232	-0.006303836527924392	-0.0036914386628147766	0.0022261493302651886	-0.0009478059891658668	bull
1999-08-31	0.02190772005557693	0.02253191061276309	0.009229260338791916	0.0032934686483195885	0.014381093627966359	-0.006554121623492628	-0.01852104428012391	-0.010494436011237588	0.022818834914360164	-0.013929119100450872	0.0018527720769666892	-0.00507609106921184	0.021371841936299502	-0.0007643483121561261	0.0014960264961546255	0.008434217031860158	-0.0018411412463822294	-0.0009478429896550795	0.006438265856291048	0.007872179307596332	-0.010616164573955743	0.0014728568787278087	-0.0025644227228741024	-0.0025332010323434262	0.005939981541622816	0.017218321384973433	0.005555300296692869	0.012922620608739386	-0.010556212051716574	0.007306420471022974	-0.012038286420763529	0.006521657759275298	0.011115142027943874	0.005654815869348501	0.02434485282458428	-0.0017653759745510345	0.002532034459599665	0.0021948038143971304	-0.0014836238954307255	-0.0003492407318520782	-0.0003968853214181644	-0.010536305000706252	-0.01096091353357325	-0.010446541918939992	0.004729586016667639	-0.0055476524496263745	-0.018529418940103085	0.00408789237767873	0.0022039535868089042	-0.00466852934853769	0.00040874056557823186	0.000423588523581335	0.008281179780282292	0.005304219456336256	0.009445743393900008	0.027277928828947962	0.000964006448004118	-0.005393787125479657	-0.013194808350439386	0.01774698368285623	0.001189391780832476	0.010767359292663514	-0.01652321196358888	0.00025739566772134143	-0.005050217418646569	0.022579224974010163	-0.005723997148641409	0.017630861919883088	0.016888510529708675	0.0053844140875987075	0.027530622547121675	-0.0002772893709301833	-0.0059013746287589	0.001307343443416317	-0.026189298159220806	-0.0021041316874364194	-0.00683308155495999	-0.0008204419377192038	-0.010660815851866486	-0.0035727000537835027	0.0055	0.004482142857142857	0.0034642857142857145	0.002446428571428571	0.0014285714285714284	0.00041071428571428563	-0.0006071428571428575	-0.0016250000000000001	0.0	0.0	0.0	0.0	0.0	0.0	0.0	0.0	0.0	0.0	0.0	0.0	0.0	0.0	0.0	0.0	0.0	0.0	0.0	0.0	0.0	0.0	0.0	0.0	0.0	0.0	0.0	0.0	0.0	0.0	0.0	0.0	0.0	0.0	0.0	0.0	0.0	0.0	0.0	0.0	0.0	0.0	0.0	0.0	0.0	0.0	0.0	0.0	0.0	0.0	0.0	0.0	0.0	0.0	0.0	0.0	0.0	0.0	0.0	0.0	0.0	0.0	0.0	0.0	0.0	0.0	0.0	0.0	0.0	0.0	0.0	0.0	0.016564429265950045	0.010135569083031197	0.011444778924883652	0.003733261990696865	-0.010651324304191922	-3.12642670898275e-05	-0.0043857362926073935	-0.004063329463485734	0.0033148524214506405	-0.0034730797225148214	0.006975196944629662	0.012624350046310115	0.00921645115294382	-0.0053713933180311885	7.40149599113523e-05	-0.0027399457073511665	-0.0019979601380439383	-0.0014162133578395576	-0.005559930127411565	0.009257727948411778	bull
1999-09-30	0.02292873306260519	-0.004876241805334529	-0.00441396962981376	0.0032411856349295323	0.004185101474564187	0.01271215442330399	0.0021087807126508335	-0.006534645848951633	-0.018802986343058152	-0.017753759143654235	0.0005973369904065868	-0.012415646651375505	0.0012366063486750787	-0.008122665910484357	0.017262022134534625	8.862154252089665e-05	-0.016312369938132756	0.009128287001259346	0.005221798143482451	-0.01361103864862489	-0.003484244980059444	0.007770538713049557	-0.03764050390271458	0.016141156780408596	0.016698392277835625	0.006162902260313808	0.0007079078588409039	-0.0032126133129655684	-0.02291787977518862	0.016595015734045256	0.013430137418416501	0.0004041179886525693	-0.022576305577340933	0.009545385295488113	0.0040343543419293654	-0.0014008398175314278	0.018602135957013925	0.0013969511321314622	0.006360304477738976	0.004426434725510461	-0.0021183091407592507	-0.008179969339821748	0.0006793981607230135	0.020238937136816605	-0.009669776989422896	0.012704183362478022	-0.006480904134588999	-0.010570667305768135	0.027159305111535283	-0.017405098537721462	0.02746881368881963	-0.0007597820372735444	-0.011188984458702552	0.007919574649037593	-0.0018501931321115354	0.0007133832855678258	-0.025568945235567384	-0.02099720559130593	0.02983793416288119	0.022718354843075394	0.0077876151804216085	-0.009522614073277966	-0.00767514005894003	0.003702481119055471	-0.011026756368287184	0.017990813440938	-0.0026649701642365094	-0.008693872981421555	-0.017616518945642666	-0.021363433877280416	-0.019082488888842442	-0.00895629533709569	-0.027884441924872504	0.0056940747385863	-0.01789604987044287	-0.001706364302462706	0.0011268665761088035	0.008501744115350016	-0.008659487778690179	0.0067517011805581974	0.0055	0.004482142857142857	0.0034642857142857145	0.002446428571428571	0.0014285714285714284	0.00041071428571428563	-0.0006071428571428575	-0.0016250000000000001	0.0	0.0	0.0	0.0	0.0	0.0	0.0	0.0	0.0	0.0	0.0	0.0	0.0	0.0	0.0	0.0	0.0	0.0	0.0	0.0	0.0	0.0	0.0	0.0	0.0	0.0	0.0	0.0	0.0	0.0	0.0	0.0	0.0	0.0	0.0	0.0	0.0	0.0	0.0	0.0	0.0	0.0	0.0	0.0	0.0	0.0	0.0	0.0	0.0	0.0	0.0	0.0	0.0	0.0	0.0	0.0	0.0	0.0	0.0	0.0	0.0	0.0	0.0	0.0	0.0	0.0	0.0	0.0	0.0	0.0	0.0	0.0	-0.018383824380478538	0.006094328213952409	0.005336564498177165	0.0005131915378067516	-0.01257059839950124	0.0039447629773044085	-0.002430252288444596	0.0014378523749700189	-0.012759514743260966	-0.014724276383023668	0.005723605662637989	0.012125840885348523	0.0005621234244656765	-0.009993996531933006	0.004967540625493744	0.0012571478544117073	0.002417231681359949	6.880975617650539e-06	-0.0020277517525584088	0.007837749959896632	bull
1999-10-31	0.02645192079141674	0.008498980248518442	0.0075325932445496	0.0086829798286643	-0.008401391164147533	0.008634621482286367	0.027215969587306654	-0.008713588253902654	0.008813608926476526	-0.014824755202730019	0.005799224283726769	0.011881313964921017	0.0009617944472463573	-0.011018239272354976	0.0033703477435172	-0.009617866308381288	0.018130986149825685	0.013522392034396386	-0.01181396972937611	0.02495047744740032	0.032369132330984714	0.020088651848228004	0.010131344500384986	-0.013832075042173942	0.004866654305953715	9.503538377119583e-05	0.002934774134727031	-0.006171917659834638	0.0009130980940109918	-0.01844737593184683	-0.002116556948463608	-0.011466972787547063	0.003465593691632982	-0.007196681531780697	-0.0037055808382443906	0.0037287046851861134	-0.020769321572550726	-0.0015499760601324073	0.007645998437761987	-0.003105435200378812	-0.003484987264394596	-0.020960447359935894	0.01490303687713878	0.0035298231011050246	-0.0012694783372352758	-0.009252446017395067	-0.010002251105373991	-0.004057391329464052	0.022422088694255913	-0.006163919459970924	0.008272664068527677	-0.016797887347228403	-0.009666545347067677	2.5295024888139734e-05	-0.0022121140490166807	0.01568167345244886	0.009372876279777469	-0.004504668636108153	0.0033057591136927385	0.012123441329376658	-0.012294308231580491	0.005430547386048968	0.0018956611588332927	-0.0030606647668328098	0.010138861861607633	-0.006800465937954397	-0.011267796355689828	0.02028058830539177	0.009167433345266174	-0.006976923112455155	0.012588131820343634	-0.019500031886389865	0.005221080530169115	0.005579684923824915	0.0042147766087126505	-0.014786340367689542	0.00320038155014961	-0.01751450174956714	0.008881437349843235	-0.0037019162419116864	0.0055	0.004482142857142857	0.0034642857142857145	0.002446428571428571	0.0014285714285714284	0.00041071428571428563	-0.0006071428571428575	-0.0016250000000000001	0.0	0.0	0.0	0.0	0.0	0.0	0.0	0.0	0.0	0.0	0.0	0.0	0.0	0.0	0.0	0.0	0.0	0.0	0.0	0.0	0.0	0.0	0.0	0.0	0.0	0.0	0.0	0.0	0.0	0.0	0.0	0.0	0.0	0.0	0.0	0.0	0.0	0.0	0.0	0.0	0.0	0.0	0.0	0.0	0.0	0.0	0.0	0.0	0.0	0.0	0.0	0.0	0.0	0.0	0.0	0.0	0.0	0.0	0.0	0.0	0.0	0.0	0.0	0.0	0.0	0.0	0.0	0.0	0.0	0.0	0.0	0.0	-0.0025150907535381965	0.0021179245337568696	0.004247039557873331	-0.0026463213913512557	0.003382772821979899	0.002824655439576597	-0.007724299636067236	-0.00768835855822423	-0.003445871554081441	-0.009432292174124703	0.002364417947539483	0.011134538148472426	0.0021947917896067465	-0.002735688510051741	0.004397682902215722	-0.005553145656838894	-0.003042355660173701	0.0050298983710297205	0.0011488073869395945	0.004184535603949023	bull
1999-11-30	-0.0030940650677686054	0.003800714282748872	-0.0004136112398724142	-0.008829812399695228	-0.009839953563911517	-0.016617704153488365	0.008471824095749349	0.011358123124442303	-0.003857307658440582	-0.003705718978142176	-0.00744499527928517	0.0017456225827128166	-0.004415005957047613	-0.005676272273580075	0.010903109752068027	0.004803122500514615	-0.01601341288953431	0.019320494792866013	-0.009315295786416896	0.02079399809741687	-0.006823245146861119	-0.009910489403371536	-0.0024064755013078407	0.00331047673066123	-0.021885319649037394	0.01909956622022744	0.005198200036935559	-0.004189096242681336	0.015354898441399017	0.003753608194591521	0.02267970605806734	-0.0007076092592195161	-0.027419803369221778	0.007577670935479341	0.000989713407778203	-0.005828710595948846	0.004828184259719501	0.009236376344701928	0.0034541972651849274	-0.003779109897874423	-0.003877013391454783	-0.001738084187493067	-0.01614284964192019	-0.0005499620548757709	0.01787234899097899	-0.007183605926236133	0.008735661199634414	0.0007623752274627922	0.01200175427981572	0.011059415870349058	-0.006055776285651266	-0.004959149510038068	-0.006955269583902264	-0.0013699501680634867	-0.014211015429660334	0.02069889633343732	-0.009083729544884081	-0.0007783214136418611	0.006417315198627747	-0.016063412725166502	-0.024514044734661886	0.0023226688586562515	-0.0068119328461266355	0.010396066380914209	0.005939850253912739	0.0008429942152597212	-0.005348971258641587	-0.0014000992580773957	0.009673474498302699	0.007039789640757778	0.015542315046500731	-0.0005702943800252932	-0.012066558018970537	0.0090785470829654	-0.020186831376314468	-0.003952646609936538	0.02364789353863587	0.008347568376157934	0.0040824237723586865	0.0011557511874707976	0.0025	0.0018035714285714287	0.0011071428571428573	0.0004107142857142855	-0.00028571428571428584	-0.0009821428571428572	-0.0016785714285714292	-0.002375	0.0	0.0	0.0	0.0	0.0	0.0	0.0	0.0	0.0	0.0	0.0	0.0	0.0	0.0	0.0	0.0	0.0	0.0	0.0	0.0	0.0	0.0	0.0	0.0	0.0	0.0	0.0	0.0	0.0	0.0	0.0	0.0	0.0	0.0	0.0	0.0	0.0	0.0	0.0	0.0	0.0	0.0	0.0	0.0	0.0	0.0	0.0	0.0	0.0	0.0	0.0	0.0	0.0	0.0	0.0	0.0	0.0	0.0	0.0	0.0	0.0	0.0	0.0	0.0	0.0	0.0	0.0	0.0	0.0	0.0	0.0	0.0	-0.013266326553814385	-0.013647301977100616	0.006689869350288338	-0.006886961627900911	-0.0049650059434477095	0.011697604610347488	0.016808385364067827	-0.008318246309253059	-0.00027600549971052	-0.002528283957044165	0.004987601785907101	0.0002876777897544303	7.33002747363837e-05	-0.008691199708693014	-0.0010423561912926837	0.001113730749307102	0.0021665039110921065	0.0008661263254728478	0.009190362218178654	0.0013067673585529268	bear
1999-12-31	-0.023733102397509545	0.0064458353233196024	0.008067365199750019	0.024840053659158402	0.014645318714594232	-0.0088056700337499	-0.013105199164058995	0.005447908268098475	-0.0012518235553152712	-0.003933079771631656	0.02619114972638214	0.023782971572625426	-0.010598890088473372	-0.00419510652210826	0.0066851013877605335	-0.020510470719312356	-0.004043518131825609	-0.0005383094834873433	0.0036208731344027347	-0.005595242167922352	0.0041745761942265204	0.020185007929765953	0.003680317191361177	-0.021139080819194824	-4.8502864296379045e-06	-0.002339464512776431	0.033311192250933035	0.015269034269225169	0.020982318174688378	0.0032284374606923244	-0.0013254213984425414	-0.0003241110795825671	0.02135854772282271	0.012537899951797507	0.0159761870796058	0.0074577247787881145	0.00827506314589373	0.00860931397899177	0.013416982461555978	0.016939985025910882	-0.010885883613551606	-0.0134468793267531	0.01213005667891876	-0.00928751432882586	0.014836765854697015	-0.0015734089166516726	-0.025341764471849295	-0.021115569745440568	-0.001164969393512428	-0.01863834638365162	0.013488150085921777	0.003982811304052055	-0.015492084822915643	-0.008733107900299294	-0.010082533194273756	0.025893418936013636	-0.001696300926472147	-0.006645698961595982	-0.009788495841534161	-0.013167227012531667	0.006753757941701885	-0.02551720674781715	0.0008575894922535537	-0.0025597615859416652	-0.005089142920407399	-0.0019903456846375885	-0.01348928824037302	-0.001554577338318013	0.0338644459046306	-0.006321999241170668	-0.0050161684558370865	-0.003544899698188038	0.002072458866243484	-0.013311982829852182	-0.011835602666634713	-0.0008832302653123868	-0.0025572241090506256	0.009394188955532855	0.0002770125669696744	-0.0017725074507953917	0.0025	0.0018035714285714287	0.0011071428571428573	0.0004107142857142855	-0.00028571428571428584	-0.0009821428571428572	-0.0016785714285714292	-0.002375	0.0	0.0	0.0	0.0	0.0	0.0	0.0	0.0	0.0	0.0	0.0	0.0	0.0	0.0	0.0	0.0	0.0	0.0	0.0	0.0	0.0	0.0	0.0	0.0	0.0	0.0	0.0	0.0	0.0	0.0	0.0	0.0	0.0	0.0	0.0	0.0	0.0	0.0	0.0	0.0	0.0	0.0	0.0	0.0	0.0	0.0	0.0	0.0	0.0	0.0	0.0	0.0	0.0	0.0	0.0	0.0	0.0	0.0	0.0	0.0	0.0	0.0	0.0	0.0	0.0	0.0	0.0	0.0	0.0	0.0	0.0	0.0	0.006355800705603278	-0.0028868868586465176	0.003255518868991417	-0.01264324110891374	-0.006223529791317215	-0.0032123905705313143	0.012484370526371837	-0.010623289980364752	0.004326400027746933	0.0011514955626283384	0.010937310495957416	0.005038189689660164	0.005709218108522704	-0.005561182819778663	0.008331340857604308	-0.0031739144510178883	0.013538189440656809	-0.004079105601558005	0.003703148071774521	-0.0022745636607064295	bear
2000-01-31	-0.013852954266871892	0.005273792671113258	0.0016233617822408093	0.0006784329143788827	-0.008740657158066444	0.01043453407090562	-0.00629118816317384	-0.016217755721563566	0.00431950188603422	-0.01863924171699093	-0.027284013175610754	0.01732688543412252	-0.006784699925004383	-0.004669938768362474	-0.02135808621785096	0.010595261206692014	0.012556124320419425	-0.01188875027595696	-0.005875699004134351	0.00689034664510693	0.010220903865587942	-0.0049209913189787085	0.023433893284886036	0.012650275765403719	-0.005355711897059499	-0.013137985647188453	0.007380730922819423	-0.008989613476422164	-0.01131987010379671	-0.01551908355401836	0.011860334338398585	-0.00447690690137803	-0.010840095207017614	0.009564322657947382	0.004374492109230755	-0.017106135007518883	-0.021644740926187296	-0.001469107941102647	0.004853278760803106	0.008167864371485192	-0.014066108454298724	-0.02529221674005303	-0.006137116675056488	0.007735917144989198	-0.010043769050534182	-0.003316671589498782	0.021337351370227083	0.00899215706029529	-0.012202243407308563	-0.001942098897453347	0.006221526382087185	-0.00044655651132261063	-0.0011065611728347622	-0.009028009709075574	-0.02806316053908879	-0.00724937372315642	-0.00336755248463308	0.005176501138456455	-0.0021340843182329596	-0.013084259701173322	0.009296958442140244	-0.0060962616617824174	0.010010136356681876	0.016381407113227362	-0.004756038665309486	0.0018508778563823903	0.013403256177641489	0.008380035467767744	-0.0014634563833273346	0.004562693281341483	-9.11651738616736e-05	-0.015712599853379344	-0.03203172032861315	-0.001489660861270746	-0.012895456554479394	0.00794145811913511	-1.6327255938591438e-05	-0.012344237296804382	0.008715372866467938	0.009509649358467192	0.0025	0.0018035714285714287	0.0011071428571428573	0.0004107142857142855	-0.00028571428571428584	-0.0009821428571428572	-0.0016785714285714292	-0.002375	0.0	0.0	0.0	0.0	0.0	0.0	0.0	0.0	0.0	0.0	0.0	0.0	0.0	0.0	0.0	0.0	0.0	0.0	0.0	0.0	0.0	0.0	0.0	0.0	0.0	0.0	0.0	0.0	0.0	0.0	0.0	0.0	0.0	0.0	0.0	0.0	0.0	0.0	0.0	0.0	0.0	0.0	0.0	0.0	0.0	0.0	0.0	0.0	0.0	0.0	0.0	0.0	0.0	0.0	0.0	0.0	0.0	0.0	0.0	0.0	0.0	0.0	0.0	0.0	0.0	0.0	0.0	0.0	0.0	0.0	0.0	0.0	-0.004471139729824721	-0.010788484715924859	0.00241786848943588	0.006897644362747788	0.011531543302917254	0.013004543250809606	0.011550663553241502	-0.008886840470694575	0.008505508750454305	0.0073852150330670436	-0.011498609001090548	0.004274505502125769	0.0012887110477910481	-0.007532260046172043	0.008375214092390098	-0.005494131483703143	-0.0038861774084372174	0.003377994084639768	-0.004719388700887268	0.010461163602269216	bear
2000-02-29	-0.004061193634998012	0.004235710397683034	0.020075631339200716	-0.0045593227841799755	-0.0032051958493188202	-0.010566952395826227	0.000547208100744724	-0.0072995640861593224	-0.007807281778255681	-0.010798457772516756	0.011468633813871422	0.019485689501349355	0.018446014827306765	-0.0027981519881660915	-0.01823763844136759	0.005546878744590275	-0.014853886081881651	-0.010509958874035457	-0.005559719789959431	0.00477630341419315	0.00960416472590067	0.00926419620589154	-0.013923290554099767	-0.016843515088193463	-0.0014131347868932068	0.000784584909214062	-0.00010275049435907968	0.0011373249643104382	-0.02141898775918912	0.0010124291689492155	-0.0014467845396054604	0.004373996792837201	-0.014299678866054615	0.012457509714128906	-0.008495136730470953	-0.015374304781064031	-0.002916132180787718	0.00047650182795205923	-0.004287727840994965	-0.0010955940915428702	-0.0061675831312987175	-0.0035545925788001815	0.01655096921213263	0.007447753800995469	0.010855105879246452	0.00245988347511386	0.00940192126540034	0.006513104179093772	0.02127205595215308	0.0011402579025532988	-0.012938661623567308	-1.8108564965939347e-05	0.005219959542133135	0.009411417901918764	-0.009796796962555433	0.006106062627199371	-0.0015588507455490596	-0.02752742332698838	-0.005891544536377645	-0.00707416682099305	0.001774319369446972	-0.014373586388364442	-0.006521110127158534	0.01784934624316614	0.013741822291592574	0.005176148103377878	0.005330559303164333	-0.01175599278925928	0.022048447548778886	-0.023490000359709034	0.002749787347156181	-0.002532981131146951	-0.031103676669270386	0.012299521870330335	0.0023160900551659307	-0.005179000157029854	0.0009504563355481147	-0.006898383818927364	0.017552920357754326	-0.004998810858479714	0.0025	0.0018035714285714287	0.0011071428571428573	0.0004107142857142855	-0.00028571428571428584	-0.0009821428571428572	-0.0016785714285714292	-0.002375	0.0	0.0	0.0	0.0	0.0	0.0	0.0	0.0	0.0	0.0	0.0	0.0	0.0	0.0	0.0	0.0	0.0	0.0	0.0	0.0	0.0	0.0	0.0	0.0	0.0	0.0	0.0	0.0	0.0	0.0	0.0	0.0	0.0	0.0	0.0	0.0	0.0	0.0	0.0	0.0	0.0	0.0	0.0	0.0	0.0	0.0	0.0	0.0	0.0	0.0	0.0	0.0	0.0	0.0	0.0	0.0	0.0	0.0	0.0	0.0	0.0	0.0	0.0	0.0	0.0	0.0	0.0	0.0	0.0	0.0	0.0	0.0	0.0014230956093710233	0.000399091290455629	-0.005009491414780989	0.013517670587344802	0.00512548645622823	0.0041964382060340685	-0.008885029447048031	0.003228807957818357	0.0004654593752285196	-0.002225639471563599	0.00573480325548153	0.007174940986458944	0.0030216904614713343	0.007739575400146294	0.013708675561736064	0.0041679107986836526	-0.010472601927797883	0.006476509805243084	-0.0053006041636147585	0.006038629410844525	bear
2000-03-31	-0.005990363865128134	-0.017370356569759736	0.01166020602275608	0.012791084610634652	0.014194892090687479	0.01008410058858537	0.033912296533468944	-0.010011724647988178	-0.00365666377294877	-0.006800997620865437	-0.016967247480274245	0.0021721165818884766	-0.026312290908494927	0.003091928399176331	-0.03953201039539317	0.005364124161125642	0.0030064477941959683	-0.026523082453331803	0.005812460866856262	-0.008051497226980278	-0.014436512826851815	-0.02382541666796141	-0.01943704380176239	-0.004492215239541124	0.001459244744429734	-0.0017664355553784026	0.024725342560593593	-0.0009384705015984494	-0.010012342356270057	-0.016554031463004847	0.012587775614321466	0.023615592793639326	-0.002419036766286975	-0.007283585598471899	-0.005463024730238817	-0.009539821052096723	-0.025625183104642898	0.005765164388015102	0.016739391842989348	0.017126176634655006	0.012913344202747418	-0.006920839603340973	-0.0021692150415751265	0.0007735506051755704	0.009456592260735199	0.0015399522088005817	-0.006722551355202915	-0.0012800112441580212	-0.021768264697882282	0.0006035925861181432	0.005773548890817735	-0.005366933609979332	0.010732510322475713	-0.0024523705227547255	4.236306787809132e-05	-0.0038642959147064367	0.0191840790754081	-0.005825935166024262	0.010810905621698511	0.01094580131590575	0.004896653865438797	0.005457770537787715	-0.0011532288277447582	0.0066533337154690165	0.02006605276679498	0.02348270522785407	0.004311298702003534	-0.0067001580158139685	0.016852903098314588	0.0018120187695771191	-0.006377958555996878	-0.02194225713416089	-0.003515417085872049	-0.022956052931555053	-0.01278995760414005	0.018380803717880485	-0.014018675022961948	-0.028917889688356575	-0.018502042701616418	-0.0032261307124470708	0.0025	0.0018035714285714287	0.0011071428571428573	0.0004107142857142855	-0.00028571428571428584	-0.0009821428571428572	-0.0016785714285714292	-0.002375	0.0	0.0	0.0	0.0	0.0	0.0	0.0	0.0	0.0	0.0	0.0	0.0	0.0	0.0	0.0	0.0	0.0	0.0	0.0	0.0	0.0	0.0	0.0	0.0	0.0	0.0	0.0	0.0	0.0	0.0	0.0	0.0	0.0	0.0	0.0	0.0	0.0	0.0	0.0	0.0	0.0	0.0	0.0	0.0	0.0	0.0	0.0	0.0	0.0	0.0	0.0	0.0	0.0	0.0	0.0	0.0	0.0	0.0	0.0	0.0	0.0	0.0	0.0	0.0	0.0	0.0	0.0	0.0	0.0	0.0	0.0	0.0	0.010000629704834098	0.002052877813862419	-0.004117761240123363	-0.005441182551079813	-0.00204083876867522	-0.013067821331304314	0.004552700176244272	0.006234657835212246	0.00826032072584907	0.00015445550205557134	0.0036502864903753796	0.011837646491235105	6.823708497270679e-05	0.006982253239489219	0.001400245903237007	-0.001749963401858252	-0.013974643591941947	0.006724380843754453	-0.0033719505870381623	-0.004973043824403899	bear
2000-04-30	0.004016498011606484	-0.011875520760197425	-0.007041712144237634	0.0018864591019015532	-0.00796506424267458	0.01196748697254263	0.025649750671651872	-0.0038889630829546037	-0.006318658065081859	0.0020266654172254356	-0.02770291024294051	0.010600173164057543	0.007023386705732859	-0.011779711292875937	-0.010717658832370055	0.0010332685044492837	0.011773448339733886	-0.002194624996841292	0.01323208584167103	0.0056388060747287585	-0.002721772717276452	0.013318765808323429	-0.0005389155483998731	-0.010145443430098718	-0.012493433623898733	0.0025236664331436914	0.004245239335612532	-0.012107347444623946	0.007083762474547133	-0.0022575056881885052	0.0081506308512918	0.008213699513508482	0.009853389668467619	0.0027146288197528925	-0.011356897150524072	-0.015612701140906184	0.018460479291989296	0.010821719401058083	-0.013211749824904216	-0.005435443266099827	-0.006683209381678247	0.008089262727452482	0.015221109880695447	0.010881697488729355	-0.016293894030993916	0.010761229675681779	0.00018672993757085408	0.010194371822895197	-0.010046395894587742	0.014877297653863896	-0.009430091096225618	0.0014695276288033661	-0.0013134494414932059	0.010979817268418478	0.006105284161081356	-0.0034272418338794587	0.01776746346249603	0.006849336911749509	-0.006657890720142193	0.010305540573836716	-0.005664031449279355	0.007561402079907252	-0.015110443031104943	-0.002317656772363501	0.01103714300278588	0.01154052286382343	3.698791539840796e-05	0.0030547513590550726	-0.004614841596799069	0.0035955901960909187	-0.007945685798271691	0.01612664375599846	-0.004576607862736079	-0.0015538641032454917	0.015149376828099482	-0.004785735914133983	0.014057129350003606	-0.003356141249860006	-0.027135350822914777	0.00692217572873457	0.0025	0.0018035714285714287	0.0011071428571428573	0.0004107142857142855	-0.00028571428571428584	-0.0009821428571428572	-0.0016785714285714292	-0.002375	0.0	0.0	0.0	0.0	0.0	0.0	0.0	0.0	0.0	0.0	0.0	0.0	0.0	0.0	0.0	0.0	0.0	0.0	0.0	0.0	0.0	0.0	0.0	0.0	0.0	0.0	0.0	0.0	0.0	0.0	0.0	0.0	0.0	0.0	0.0	0.0	0.0	0.0	0.0	0.0	0.0	0.0	0.0	0.0	0.0	0.0	0.0	0.0	0.0	0.0	0.0	0.0	0.0	0.0	0.0	0.0	0.0	0.0	0.0	0.0	0.0	0.0	0.0	0.0	0.0	0.0	0.0	0.0	0.0	0.0	0.0	0.0	0.013937302833100563	0.025828053832259234	-0.01432819915202726	0.010876384644681793	-0.00430260959829605	0.0010321266531739459	-0.0015531688663774712	0.00397908293925839	0.013520749161101936	1.814857016286701e-05	0.00376817467841683	0.0006925342188092054	0.00737244108764991	0.009115089897076335	0.002385959769931961	0.0027153028382271437	-0.0016616810959948732	-0.004740011700063971	-0.0016966662453977808	-0.0007832605155644719	bear
2000-05-31	0.0007242384887241489	-0.013512663873780587	0.002360418515459162	0.002294745854254085	0.012948715738124457	-0.008420202216017164	-0.013710512121860249	0.002474292160165328	0.012797736930061204	0.009906804540608384	-0.02138149159210825	0.018121252914684756	0.007585700049415287	-0.0037565508331844745	-0.004430525742725883	-0.014560637391232364	-0.015856131931407617	0.001536207780869858	0.0004925320420178158	-0.017132827520000858	-0.007321362393241795	-6.05311747682923e-05	-0.012044292678282796	0.008866327944008962	0.006032154618040495	0.013147408755661075	0.0027318756225494572	0.0016569259851515355	0.00012858056193392004	-0.007572435987417494	-0.011688948951785212	-0.006615821821283884	0.02433898001417627	0.007912792517488127	-0.008330282391235407	-0.007791794102923061	0.0013058405941033648	-0.015455010652430955	0.0029678836196966657	-0.0020891226149837698	0.0026203621183690223	-0.011326431073942607	0.005912786107102968	0.010990755105794055	-0.011488497536911944	0.014218699543855282	-0.013024860362225128	-0.01396756400035596	0.01507885659875055	0.010363323572501143	0.013085514136938554	-0.005369413429754276	-0.003654731258931546	0.008920709709320285	0.027553199462236125	-0.014785382240477752	-0.01756837949276437	-0.01593410281515872	0.0013676572172191192	0.0002779499025063273	-0.011143110815400249	0.01456952667508598	-0.017307123135815523	-0.009934373126138494	0.012336130459169665	-0.0029802403227779917	0.005608336271245234	-0.029190382116875056	0.001813389253551619	0.005293075160120902	0.024806339720877413	0.004043971991988556	0.02726746607292034	0.013420936692870821	-0.0019857924694216323	0.006406670454937276	-0.0033691121105689018	0.006321177078081553	0.005961991135841801	-0.0016602717726465906	0.0025	0.0018035714285714287	0.0011071428571428573	0.0004107142857142855	-0.00028571428571428584	-0.0009821428571428572	-0.0016785714285714292	-0.002375	0.0	0.0	0.0	0.0	0.0	0.0	0.0	0.0	0.0	0.0	0.0	0.0	0.0	0.0	0.0	0.0	0.0	0.0	0.0	0.0	0.0	0.0	0.0	0.0	0.0	0.0	0.0	0.0	0.0	0.0	0.0	0.0	0.0	0.0	0.0	0.0	0.0	0.0	0.0	0.0	0.0	0.0	0.0	0.0	0.0	0.0	0.0	0.0	0.0	0.0	0.0	0.0	0.0	0.0	0.0	0.0	0.0	0.0	0.0	0.0	0.0	0.0	0.0	0.0	0.0	0.0	0.0	0.0	0.0	0.0	0.0	0.0	0.0015095427169664537	-0.005603347692321223	-0.01428688571898365	0.005457701753877757	-0.005148506307561656	0.0021743379497047967	-0.004672993749180945	0.011648065609791116	0.0008855295284988197	-0.0010944549126063255	0.00046083302195008185	0.005420368229931533	0.00956706372263583	-0.0055456141705539416	-0.0029784030672345974	0.008244692048933015	0.0018127166285859743	-0.00011630994346319395	-0.00506184077262665	0.00499572692363802	bear
2000-06-30	0.008289209031494034	-0.018550966131077887	0.015837166144870105	0.014388671135216722	-0.014702141615963244	0.014102539717048748	0.013616644053686247	0.0025445992867179188	-0.01967647544871345	0.013352811514182246	-0.02281994735058877	0.02173782736398578	-0.006490108011778672	-0.021068268916938408	0.017174132151815222	0.003572189265713059	0.0013478140269225104	-0.010184335553613892	-0.02375785145755437	0.014911689601528146	-0.015901827030672996	0.02076437139798714	0.028050749481138632	0.0016365206663490547	-0.0021276760940556047	-4.043583975370042e-05	0.01328271733461708	0.008296048793307751	-0.012522726146560997	-0.0011254296240729318	0.0057107137327409244	-0.01914247959678481	0.012563945825798346	0.0022987367882576475	0.008646793067240904	0.00962218464857301	0.009380294204901062	0.01045822391498658	-0.0019495096291058417	0.010682785106837792	0.014961825479161837	0.005540166330173683	0.00837691099054422	-0.0031768268129712	-0.0009849243039194695	-0.013802491021350245	0.01222364597427695	-0.01767148659783574	-0.009913552230386166	-0.016731355900107804	-0.004844347843426041	-0.023029828762661155	0.012850561525071004	0.004083473937087338	0.023308337348946898	-0.020983303681161716	-0.011206371946700183	-0.001813379741331109	-0.022043511413479194	-0.043226479749423834	-0.00982413151582098	-0.009218470435900992	-0.006928896296704812	-0.013286686438039702	-0.0010485229745387872	0.004265823562578564	0.00954772667785074	-0.014320582668973894	0.005086399781499652	-0.021474282276909132	0.0067354709577035704	0.02058869605043522	0.0190350394932743	-0.020837256812465024	-0.0022731088795039434	-0.0065275861010356696	-0.0012480861202718505	0.0017322357895160868	-0.0001237351610100812	0.0028168841810365867	0.0025	0.0018035714285714287	0.0011071428571428573	0.0004107142857142855	-0.00028571428571428584	-0.0009821428571428572	-0.0016785714285714292	-0.002375	0.0	0.0	0.0	0.0	0.0	0.0	0.0	0.0	0.0	0.0	0.0	0.0	0.0	0.0	0.0	0.0	0.0	0.0	0.0	0.0	0.0	0.0	0.0	0.0	0.0	0.0	0.0	0.0	0.0	0.0	0.0	0.0	0.0	0.0	0.0	0.0	0.0	0.0	0.0	0.0	0.0	0.0	0.0	0.0	0.0	0.0	0.0	0.0	0.0	0.0	0.0	0.0	0.0	0.0	0.0	0.0	0.0	0.0	0.0	0.0	0.0	0.0	0.0	0.0	0.0	0.0	0.0	0.0	0.0	0.0	0.0	0.0	0.0010226223706321519	-0.005027934765517255	-0.01092126714828805	0.0015021899675783847	-0.015670550125890043	0.0004304236417997198	0.009425436054007964	0.006164472961876217	-0.0040991177289066184	0.0033110591310191897	0.0026474417237980254	0.006765308210131727	0.0003403838704294413	-0.006656491843442844	-0.0027347684275275635	0.0007832360085818727	0.0038128503202176445	-0.0018493251792739683	0.0050130888327897605	-0.0033890786497424385	bear
2000-07-31	-0.008318409500795218	0.014740278153840462	-0.010462345853695522	0.0031720426031220505	-0.0036207763669408883	-0.020311324341116835	-0.014937388886485855	-0.008804793181765238	0.0121099951061145	0.002748395409931908	-0.0013863004270343374	0.016742701708161053	0.007330255666781536	0.023305602622076687	-0.0025440400560726574	0.010732646537058759	-0.03017360905672777	0.013864900580356313	0.007052086466143072	0.006361118914872773	0.0174909995955638	-0.01586884352949473	-0.00027987415501139835	0.008570594595002765	0.019075681667865496	0.01056036748394158	0.017177049840823702	-0.008341160476415654	-0.00031939080277177437	-0.01698386382395944	-0.013484040360504606	0.003045281702268131	-0.016664541143072902	0.02514897967218428	-0.0016672802537826836	-0.0013286153988537996	0.007627885865414977	0.01816860963424405	0.00021856514575120575	-0.003498350578081955	0.00971512486710663	0.007587579733262891	-0.022303219622123203	0.01906601961115304	0.0028261996461346303	0.013561970313642951	0.015995044450876628	0.006498424259946164	-0.009300592731830006	-0.004060555953178619	-0.009711530192032263	0.013381475578888895	-0.0055924393759159245	0.007615066082885578	-0.010709790935430539	-0.005676672921523552	-0.008864749088754342	0.019688473879012132	0.0004950436430724405	-0.01729939408153333	-0.009100570227197138	-0.006425009425176558	-0.008874005010068704	0.02303108813994353	0.0019032874510370998	0.015350210322192371	0.003887912095535568	-0.007689724170108357	-0.018209114259397953	0.00816440537922993	-0.014561630518923067	-0.002000546159063103	-0.006771654452616609	-0.01010065529010627	0.0026048339829232445	-0.003449667267172017	-0.0054487755940004256	0.008117086002321644	0.00307539416442266	-0.026731123001632304	0.0025	0.0018035714285714287	0.0011071428571428573	0.0004107142857142855	-0.00028571428571428584	-0.0009821428571428572	-0.0016785714285714292	-0.002375	0.0	0.0	0.0	0.0	0.0	0.0	0.0	0.0	0.0	0.0	0.0	0.0	0.0	0.0	0.0	0.0	0.0	0.0	0.0	0.0	0.0	0.0	0.0	0.0	0.0	0.0	0.0	0.0	0.0	0.0	0.0	0.0	0.0	0.0	0.0	0.0	0.0	0.0	0.0	0.0	0.0	0.0	0.0	0.0	0.0	0.0	0.0	0.0	0.0	0.0	0.0	0.0	0.0	0.0	0.0	0.0	0.0	0.0	0.0	0.0	0.0	0.0	0.0	0.0	0.0	0.0	0.0	0.0	0.0	0.0	0.0	0.0	-0.00997344574652905	0.00796339599267386	-0.00798894860910594	0.00999773003562109	-0.017667078190200268	0.013740064921445446	0.006479071068259557	0.00783690963273551	-0.0055858361852565135	0.0002462710046270552	-0.006698258205728496	0.0046283637611971365	-0.0019263082154592087	9.655676221910167e-05	-0.0017753575159904444	-0.007142980564900478	0.0011665350593662905	-0.010498490407118808	-0.002623686682014695	0.0029448944482668945	bear
2000-08-31	0.003672121313833987	-0.009027117737937886	-0.012037615376452312	-0.02376725647351297	-0.022153485787494126	-0.0008056408675181609	0.007410486644668782	0.0004058712106725375	-0.029485625644637255	-0.008652207856148158	0.009463243119429511	0.03209888624111232	-0.010435988216375265	-0.018681866427972402	-0.01321940111591219	-0.002825968036522676	-0.009073302459319262	-0.011236864681202913	-0.0054960640163050556	0.020347360547186267	-0.008101292853431051	-0.02697670236732585	0.00846888257966971	0.011754442637593466	0.00644067248548179	-0.0069106686813118524	0.012862391931400347	-0.011818174501837963	-0.010046475172282346	-0.0009398902161898197	0.0200676513858667	-0.00392601424043748	-0.014756106279884648	-0.014117630181572523	-0.0017213428984036946	-0.011607056842435032	0.006090144568184302	-0.007848704643899232	-0.008257990866680996	0.016581644179429582	-0.005704554257000244	0.014050217325809685	0.023132945061190718	0.008194872017915005	0.0003672604357538021	-0.0005990087911796812	0.019642775645339356	-0.009465956140163392	-0.00011377594812190153	-0.00936343353137294	0.0001263661907411513	0.011491567921085046	-0.020618579296108618	-0.002593804231091828	-0.020472139875141068	0.009337608894420452	0.008343421957561771	0.00501306550502248	-0.023214440348311546	0.009547235459823363	0.006587271668792701	0.021683314598415365	-0.010776602063447906	-0.022501023390056593	-0.008900048591414873	0.014726354527000558	0.013473550739956782	-0.011099952933303351	-0.00551479621375537	-0.004139128646138899	0.000377191409732978	0.010064445548651976	0.008650488477401089	0.007732521331441221	0.008137831442787418	0.0017613399697075302	-0.005633500339197827	-0.01791404688509286	0.006368437251437346	-0.009245389940197055	0.0025	0.0018035714285714287	0.0011071428571428573	0.0004107142857142855	-0.00028571428571428584	-0.0009821428571428572	-0.0016785714285714292	-0.002375	0.0	0.0	0.0	0.0	0.0	0.0	0.0	0.0	0.0	0.0	0.0	0.0	0.0	0.0	0.0	0.0	0.0	0.0	0.0	0.0	0.0	0.0	0.0	0.0	0.0	0.0	0.0	0.0	0.0	0.0	0.0	0.0	0.0	0.0	0.0	0.0	0.0	0.0	0.0	0.0	0.0	0.0	0.0	0.0	0.0	0.0	0.0	0.0	0.0	0.0	0.0	0.0	0.0	0.0	0.0	0.0	0.0	0.0	0.0	0.0	0.0	0.0	0.0	0.0	0.0	0.0	0.0	0.0	0.0	0.0	0.0	0.0	-0.003591660759085707	-0.005018051147425807	-0.008086248535509639	0.007902728960982014	-0.008980947698320987	0.01378915087667072	-0.003777761570546232	0.01141380106308297	0.0013952505556017207	-0.0088614651778072	-0.005995773007643467	0.00777770357582168	-0.009637413483944106	0.010831762646513936	-0.0039347853709397395	0.00044347551982614635	-0.009488724498007297	-0.006112950856752628	0.009548068912648368	0.00047963965157075874	bear
2000-09-30	-0.0026974189332968344	-0.015729032352276195	0.0015251670809741027	-0.009993924635602397	0.002312265268166218	-0.014757434408976271	-0.0070553580364946	-0.03049593623016602	0.022177246226865524	0.005183311986276521	-0.0013154033523702859	0.002794691011869962	0.001345685902450223	-0.01367746002486848	0.015543209572550275	0.016402826873633394	0.0032642858926332096	-0.0016418464588140546	-0.028310223700497954	-0.00791361120047989	0.004420823849886319	-0.00845418941083443	0.034618067576334746	0.00200214534733597	-0.00042016289661726375	0.023518792446049035	0.006642305810396308	-0.0006643225946067825	0.00034596913623481066	0.021887759768724653	-0.003289145072790721	0.009231587573044403	0.008678055359902142	-0.000369702885538224	-0.015027706565019332	0.013744420707169165	-0.007979113727577907	-0.014620101794677945	-0.016772931168859265	0.022096547697996176	-0.008999634471231603	-0.010451139131063363	-0.005286850856594368	0.0014670449430048893	0.001975613423593049	-0.022623645664489947	0.005975678617069304	-0.009549144809332583	0.019076678891729034	0.020213161804751596	-0.009942822534166463	-0.005531217317973047	-0.004945888797304963	-0.008395777894272373	-0.020979835101417873	0.005186395031699573	0.0012790790163805313	-0.011103578925267858	0.007525763786535678	-0.015949289961482305	-0.011546574026456407	0.003835501158574395	-0.004143080443917219	-0.00556694080455162	-0.020626091590090115	-0.00660246510888842	0.012415579915400557	-0.013262244307606195	-0.004209894962909388	-0.0009832498975042966	0.00033571585641453927	0.013347719335593075	0.001354048439780647	0.01577800792187409	-0.014194845036778168	-0.017009680854818573	-0.00893712442684961	0.019715933462108284	0.0023652219299540984	0.0032832153619557205	0.0025	0.0018035714285714287	0.0011071428571428573	0.0004107142857142855	-0.00028571428571428584	-0.0009821428571428572	-0.0016785714285714292	-0.002375	0.0	0.0	0.0	0.0	0.0	0.0	0.0	0.0	0.0	0.0	0.0	0.0	0.0	0.0	0.0	0.0	0.0	0.0	0.0	0.0	0.0	0.0	0.0	0.0	0.0	0.0	0.0	0.0	0.0	0.0	0.0	0.0	0.0	0.0	0.0	0.0	0.0	0.0	0.0	0.0	0.0	0.0	0.0	0.0	0.0	0.0	0.0	0.0	0.0	0.0	0.0	0.0	0.0	0.0	0.0	0.0	0.0	0.0	0.0	0.0	0.0	0.0	0.0	0.0	0.0	0.0	0.0	0.0	0.0	0.0	0.0	0.0	-0.006833576050084191	0.003304789628350085	0.006663140093412262	0.001536394583816893	0.002947522103887567	0.009384021147117217	-0.0021028991464258247	0.009379540971789647	0.0012564725086553008	0.003225254310274852	0.01029163495485185	-0.0040091622557258556	-0.0037436477334988113	-0.008720985561848398	0.0018744627210381263	0.01244956233572091	0.0013852829497865314	-0.00023516972007543745	0.0037923270031046535	0.0008871918114727264	bear
2000-10-31	0.021135868125694113	-0.004169128147282674	0.014990985369887227	-0.018952324258862008	-0.0007563546068865429	0.0055610846167767885	0.0004926588456291151	0.006744859235527593	0.0009822303892371535	-0.012919266782553972	0.004409737055937424	-0.011358275224645168	0.0035401617515682425	0.005399748809248324	-0.0024578864687641072	0.017952530862708795	-0.00011652295783602059	-0.010368142313972544	-0.0009534603988877417	0.006314175739244032	-0.004248306491476512	0.009550688121390642	0.001727667088027068	0.002532490772815305	0.005629593977929653	0.011805752526122761	0.005011027369708254	0.012667941323747347	0.010981416099741221	-0.013390823306472463	0.010291948623414263	0.0039704973410107074	-0.012994096015591374	-0.0012146711385101446	0.0038604871001072264	0.002521257513626811	-0.013376617864549098	0.015059148368378456	-0.004111389205820607	0.010550859640770531	0.009213518737218603	0.016193228001114793	-0.012493877132469161	0.0021384223223015982	-0.007193698451479282	-0.011150263793184657	0.0225891240248548	0.005835310992453055	-0.004239016397941924	0.0023722704077091313	0.016098415767178284	0.017673251395079668	-0.001528216522839212	0.02409683300059218	0.007479125687760127	0.009892256458570427	0.0036991257636020576	0.02044787255856718	0.011022679420801412	-0.015466407613228525	-0.011550188848369107	0.000564147337055735	-0.01252284536398264	-0.006257278710900696	-0.007489596077485692	-0.01848244087607558	0.00375413357364721	-0.013184805812146868	-0.010317865690858411	0.008459865163435816	-0.007220365984448391	0.007163159778508676	-0.02214649000422703	-0.009639160983356312	0.0023056674634624186	-0.0016496143962435514	0.0026716880168946087	-0.0013772365750184853	0.024736815915890414	-0.012266210684233336	0.0025	0.0018035714285714287	0.0011071428571428573	0.0004107142857142855	-0.00028571428571428584	-0.0009821428571428572	-0.0016785714285714292	-0.002375	0.0	0.0	0.0	0.0	0.0	0.0	0.0	0.0	0.0	0.0	0.0	0.0	0.0	0.0	0.0	0.0	0.0	0.0	0.0	0.0	0.0	0.0	0.0	0.0	0.0	0.0	0.0	0.0	0.0	0.0	0.0	0.0	0.0	0.0	0.0	0.0	0.0	0.0	0.0	0.0	0.0	0.0	0.0	0.0	0.0	0.0	0.0	0.0	0.0	0.0	0.0	0.0	0.0	0.0	0.0	0.0	0.0	0.0	0.0	0.0	0.0	0.0	0.0	0.0	0.0	0.0	0.0	0.0	0.0	0.0	0.0	0.0	0.005873409151727241	0.004708249240987667	0.0061638650746560966	-0.022996182992179467	0.002708711986717745	-0.005873985936593502	-0.005893494183849856	0.005135725184172083	0.009109323172148765	-0.00024592439133695244	-0.0030156289794190157	-0.0049843432265513745	-0.0030223626747255448	0.003483948614265148	0.007679764108488075	-0.0012725111441547854	-0.012215775786171754	-0.0024397797997176666	0.007427523520043874	-0.0011713243466632878	bear
2000-11-30	-0.004039180626466181	0.03296805164612854	-0.010331218323492899	-0.0018220132555777772	0.006807570886544326	0.013104732001272809	-0.001566540834431713	-0.002780114779503216	-0.006369376675081638	0.009159042597854163	-0.011798794520776444	0.005787104160547349	-0.0296657897243001	0.011466388407089377	-0.028832536891534553	-0.0029448894790059256	-0.006400827865055206	0.0006657073333028293	0.021121853587524823	0.005781140599764788	-0.01249965930497283	-0.0007531752417777617	0.008756818677930718	-0.020208359351121318	-0.01617797436289922	-0.005473342788608291	-0.003973038129069485	0.018728039214483627	0.0023815747654887818	0.0013125263708103337	-0.010009189472311237	-0.0007080854711501716	0.005327084455152274	0.0014890497844262287	0.010304181374681544	-0.010361034049042317	0.014950279899523812	-0.005313170561233055	0.009970789223950002	0.026653504775647693	-0.024349168721637553	-0.002606869087175307	0.013982067722500532	-0.013998722078167908	-0.0074079537509728465	0.0028383918117791014	-0.011745123639827635	0.024556197800728076	-0.0006277335352786151	0.0006344672785350277	0.01964604623935135	0.0060215190310932195	0.001909744527104289	0.0070573671376032215	0.0013991988081538294	0.006242494174856668	0.006072775222429574	0.01917877431271519	0.0067440590614156245	-0.0007322122357721792	0.00020356000340773843	-0.00554961196812438	-0.014121814350142764	-0.02052961994108979	0.005625364431808955	-0.00590385373977077	-0.004159648423098144	-0.011301866621430932	-0.02652400648966225	0.01154882262537858	0.013852777787554236	-0.021753077978777114	0.02122370793209791	0.014201261413328534	-0.01568763470196621	0.01156585299395247	-0.005050241841802822	0.00827927388730031	0.004087196676981244	0.03464691511982049	0.0025	0.0018035714285714287	0.0011071428571428573	0.0004107142857142855	-0.00028571428571428584	-0.0009821428571428572	-0.0016785714285714292	-0.002375	0.0	0.0	0.0	0.0	0.0	0.0	0.0	0.0	0.0	0.0	0.0	0.0	0.0	0.0	0.0	0.0	0.0	0.0	0.0	0.0	0.0	0.0	0.0	0.0	0.0	0.0	0.0	0.0	0.0	0.0	0.0	0.0	0.0	0.0	0.0	0.0	0.0	0.0	0.0	0.0	0.0	0.0	0.0	0.0	0.0	0.0	0.0	0.0	0.0	0.0	0.0	0.0	0.0	0.0	0.0	0.0	0.0	0.0	0.0	0.0	0.0	0.0	0.0	0.0	0.0	0.0	0.0	0.0	0.0	0.0	0.0	0.0	-0.0067716035814039	-0.007187693907256053	-0.008237364912207144	-0.011548075191860118	-0.00020543564937218646	-0.014629723043964113	0.005113183113085219	-0.008497139186034394	0.007778730254886021	0.003431280388091487	-0.0010765693464297673	0.0013459877772991277	-0.004287383883245957	0.005266457446155242	-0.0003891429038941777	0.010417039292092875	-0.00015619888024974828	-0.007389528963109965	-0.0021558769620159983	-0.0032334677572221165	bear
2000-12-31	0.0032779642936905913	0.009693469432389282	0.0002436166387001093	-0.0014531822685067792	0.005708144718705455	0.01488955150520776	0.01227618177945481	0.005819794360892238	-0.0034461443472720735	-0.008356258635491056	0.012545158178853466	-0.0073144191181072245	0.007670838292135821	-0.002371608603471625	0.011771697065300232	-0.026392583967737377	0.0032981213055137777	0.011892289926870173	0.02038530399250735	0.003355267751616666	-0.009192281548660619	-0.0062059605702945875	0.0007481708126999199	0.022241855975780375	-0.020377173396967214	-0.005609746502731433	-0.002761440951757053	-0.010039850307270615	0.010126866497037047	-0.0118719844606992	-0.0012087298898656128	0.004471606579396685	0.010556669052628283	-0.0033650189528224126	0.01428630142084355	-0.017458123987831215	-0.0017809534190091402	-0.003090812595711236	-0.015811317333845647	0.0003537323249580317	0.005712046240969494	0.009931326458240292	-0.012287665142826991	-0.00295950258079634	-0.0062934048476684865	0.015969042505363865	0.02237482141313726	0.013781256620321715	-0.004420986047754935	0.02174710200184597	-0.003701637124072304	-0.00930177743236474	0.0104466321558682	-0.013775636312198546	0.00490532437863073	-0.004054216370316942	-0.0033305196489773954	-0.004409353539645499	0.01294964390287322	-0.006990614877813586	-0.0063416195044971955	0.01679525690808215	-0.0006655891998634564	-0.00817840106014532	-0.013936441768030725	0.017320632339063904	0.006057056699513561	-0.005349686996310655	0.0002843562595411672	0.006616858161401212	-0.0064352052485969775	-0.0009114784877940029	-0.011154641290895394	0.005656922046603392	-0.001571204443694514	0.022273931472134717	-0.011826352748154264	0.006140072564371599	0.00911655187858194	0.009517787259969924	0.0025	0.0018035714285714287	0.0011071428571428573	0.0004107142857142855	-0.00028571428571428584	-0.0009821428571428572	-0.0016785714285714292	-0.002375	0.0	0.0	0.0	0.0	0.0	0.0	0.0	0.0	0.0	0.0	0.0	0.0	0.0	0.0	0.0	0.0	0.0	0.0	0.0	0.0	0.0	0.0	0.0	0.0	0.0	0.0	0.0	0.0	0.0	0.0	0.0	0.0	0.0	0.0	0.0	0.0	0.0	0.0	0.0	0.0	0.0	0.0	0.0	0.0	0.0	0.0	0.0	0.0	0.0	0.0	0.0	0.0	0.0	0.0	0.0	0.0	0.0	0.0	0.0	0.0	0.0	0.0	0.0	0.0	0.0	0.0	0.0	0.0	0.0	0.0	0.0	0.0	-0.005674867395752722	0.0009853660863638437	-0.013401320431938661	-0.01819429872695572	0.008019568426792537	0.0038697071062876467	-7.813604748614818e-05	-0.0022010291520334346	-0.0025146987439301134	0.005880410831750454	-0.003179543815904789	0.001034141713076112	0.007353411591018548	-0.010728112415102386	-0.006429621523343743	-0.004874914672574271	0.0014446840523351626	-0.0038918836951237473	-0.011368774491810438	-0.003110517439042413	bear
2001-01-31	0.010665080923670491	0.008668027376023062	-0.005576820348306474	0.01076874112294272	-0.006367995273888267	-0.025786640168147808	-0.02915243207086406	0.011533492010418495	-0.0008609947563517332	-0.01578325958459455	0.012183976875383114	-0.00536820838051923	0.01551685836552919	0.002819755448995958	-0.02637281072061648	0.004737815682835749	0.018177630372560004	0.008481760800345298	0.013740762637775676	-0.026092907751804714	-0.03371686824060079	0.0027394468272271045	0.009823305587541261	-0.0018007825948676724	-0.0020339414722056015	-0.012003714062497214	-0.018964353244320994	-0.009782897694825515	0.010451377279025455	-0.0016722568443144005	0.005431917021263579	0.015559476421291544	0.004792516637657241	0.0029424277288509194	0.011758312567767366	-0.013847746178429798	-0.004468709454809932	-0.007194042960000287	0.010617328428117048	-0.006376237675204695	-0.015271855912246328	-0.016257183047656176	-0.016110843983247254	-0.022952964955079147	0.02017064458395542	0.004134357295539912	-0.006679624325299948	0.003428888984245749	0.018305413111128665	-0.014031902115076633	-0.0050634199059190095	-0.011512106925084305	0.023262436073719774	0.0039108396267338134	-0.005569817542261571	0.004703007056113557	-0.00504588311435707	-0.0010686941624709872	-0.007522527431049209	0.015513785786080283	0.00012082205220453001	-0.014710036360450497	-0.0041944163793234636	0.013726896970525902	0.018515215331954642	0.01253441476735233	0.0012419276431388454	0.009525876392938344	-0.0024474547916246655	0.006914416900417346	-0.010037007676923348	0.009322647419139655	0.0018654171361523445	-0.0019517225132662556	0.025831156902967407	-0.002570348691690859	0.008735659997223241	-0.008060610712462805	0.010174651205636303	-0.014899727569720177	0.0025	0.0018035714285714287	0.0011071428571428573	0.0004107142857142855	-0.00028571428571428584	-0.0009821428571428572	-0.0016785714285714292	-0.002375	0.0	0.0	0.0	0.0	0.0	0.0	0.0	0.0	0.0	0.0	0.0	0.0	0.0	0.0	0.0	0.0	0.0	0.0	0.0	0.0	0.0	0.0	0.0	0.0	0.0	0.0	0.0	0.0	0.0	0.0	0.0	0.0	0.0	0.0	0.0	0.0	0.0	0.0	0.0	0.0	0.0	0.0	0.0	0.0	0.0	0.0	0.0	0.0	0.0	0.0	0.0	0.0	0.0	0.0	0.0	0.0	0.0	0.0	0.0	0.0	0.0	0.0	0.0	0.0	0.0	0.0	0.0	0.0	0.0	0.0	0.0	0.0	-0.004005635967623464	0.016112184269600285	0.00021563732098472043	0.0009393129473742805	-0.0058899556299709345	-0.007784432129649792	0.007134202360499988	0.008558996454565707	0.003114737116477491	0.0030073833373344787	-0.00129442193124187	-0.012888064865613972	0.006380187362701455	0.00966804002451416	-0.009264530683445071	-0.003166719330421762	0.011426508737913493	0.00028280446151828984	-0.006307150770430078	0.002949441698734767	bear
2001-02-28	0.002513211497112525	-0.017404126230700225	0.010229888181385116	-0.00012321426087361824	0.004596413939012163	0.002618487779604729	-0.0014687586883180975	-0.03017722584393633	-0.006162269883032801	-0.0017309708252478365	0.011745336840309381	0.003897565501334554	0.0018007281826968617	3.763441635854418e-05	0.012793407099524378	0.021862810751677116	0.014285602456247253	-0.0044679790395909585	0.008663879039417966	-0.011267388359212666	-0.01393794986369821	-0.013934169463398653	0.011936605962336165	0.010071958972503747	-0.002783750633940031	-0.003598227591638595	-0.00546819474348934	0.002610588939155482	-0.020100127947336146	-0.003575159708749809	0.009669229383908733	0.016458307157332215	-0.0053178775801578345	0.010054002399850734	0.005095202470983505	0.017265129687866174	-0.010632717625885458	0.021112703581351838	-0.013949983659124768	-0.003974544742654457	0.009789663099829876	-0.00731869617600271	-0.002090399207825002	0.010793249519917643	0.0073980110101138094	0.0036585038747685896	-0.0076743660647010355	-0.012449537565964175	-0.00020676004222100144	-0.007546125038540508	-0.01683940534072136	0.005880802541666318	-0.006133504748707401	-0.005586536816589195	-0.01822617141597964	-0.007324215128484578	-0.00039710750294068617	-0.008145007622533817	0.008141869892875587	-0.0009271553715147681	0.01442624805546391	0.0017683452905512432	0.0158095471688626	-0.00423014526855531	0.031053808407158993	0.009473813643173798	-0.007291314982114777	-0.013153442667885259	0.00905968191534316	-0.012976990315603672	-0.007026851095898734	-0.0011893601297858346	-0.00045605989231358585	-0.015879878124145746	0.00758919230159793	0.008896660121423873	0.01248548974281213	0.008706466913458524	0.004307489426153138	0.011066559485801018	0.0025	0.0018035714285714287	0.0011071428571428573	0.0004107142857142855	-0.00028571428571428584	-0.0009821428571428572	-0.0016785714285714292	-0.002375	0.0	0.0	0.0	0.0	0.0	0.0	0.0	0.0	0.0	0.0	0.0	0.0	0.0	0.0	0.0	0.0	0.0	0.0	0.0	0.0	0.0	0.0	0.0	0.0	0.0	0.0	0.0	0.0	0.0	0.0	0.0	0.0	0.0	0.0	0.0	0.0	0.0	0.0	0.0	0.0	0.0	0.0	0.0	0.0	0.0	0.0	0.0	0.0	0.0	0.0	0.0	0.0	0.0	0.0	0.0	0.0	0.0	0.0	0.0	0.0	0.0	0.0	0.0	0.0	0.0	0.0	0.0	0.0	0.0	0.0	0.0	0.0	-0.008896060887277964	-0.004915907248953546	0.017393666259164352	-0.006186860965712605	-0.0022309775274556177	-0.0027588031985076155	0.0012136348582737675	-0.0005080496831324595	-0.005836409322374443	-0.005869384263583347	-0.002538221444465481	-0.0051573815089097814	-0.014024876876578371	0.0017999093176018475	0.003498906240818626	0.010725753944268779	-0.0007562320170408808	0.002508534644839396	-0.005090763174632396	-0.01157257185077345	bear
2001-03-31	-0.015471273862929331	-0.002315590823582181	-0.010337724016850377	-0.01721452093540179	0.003124704464888205	-0.010518689370691685	0.003533734471270719	0.00994059673619042	-0.011537465756703025	-0.008809201242635826	0.008091039254583793	0.008440145298890856	0.0025749462595032586	-0.005607125484487607	-0.002296813027047009	-0.008246232171322043	-0.017118729249723054	-0.021876044795079253	0.007659600844138727	0.008949771338754926	0.018486417211044274	0.0024996348657807185	-0.0010911575130395418	0.004458828071397671	-0.02667607523185712	0.0007882333849122172	-0.02741856823732698	0.0012891657565117262	0.0037859102570566463	0.009060636919867218	-0.013857795696353297	0.014745086903484708	-0.009706710443294972	0.012494419073791162	-0.00504469396420335	-0.010577491328091685	0.007077008661669828	-0.00858323082392824	0.008382599205250337	0.006797777360820348	-0.00935860687107892	-0.016798954880994834	0.0043225651613315865	0.0037417845069460114	0.016746273041278476	0.011480948948891059	0.01345348501853465	-0.005486931102777794	-0.011418756736653627	-0.017130885119539026	0.005297025232766271	-0.015290904456003097	-0.010337940640924305	0.017228243787912337	-0.012359320827381075	0.004997047962875441	0.0015079262068541759	0.0015031433650123428	-0.018103527897029806	-0.011763853221172361	0.00769089080143318	0.005117468261383286	-0.002148827679068856	0.01725493547371747	-0.005978338340011006	-0.024012825783963326	0.0005363031249540695	0.00039811620328451873	0.006530844137797269	-0.019092892253394268	0.004510883767292158	-0.004279722228914945	0.007591347100864208	0.012878818282968432	-0.007805514486420189	0.013139223886493863	0.01949019045065401	-0.01915066695026354	-0.0119558484779623	-0.016294454812295335	0.0025	0.0018035714285714287	0.0011071428571428573	0.0004107142857142855	-0.00028571428571428584	-0.0009821428571428572	-0.0016785714285714292	-0.002375	0.0	0.0	0.0	0.0	0.0	0.0	0.0	0.0	0.0	0.0	0.0	0.0	0.0	0.0	0.0	0.0	0.0	0.0	0.0	0.0	0.0	0.0	0.0	0.0	0.0	0.0	0.0	0.0	0.0	0.0	0.0	0.0	0.0	0.0	0.0	0.0	0.0	0.0	0.0	0.0	0.0	0.0	0.0	0.0	0.0	0.0	0.0	0.0	0.0	0.0	0.0	0.0	0.0	0.0	0.0	0.0	0.0	0.0	0.0	0.0	0.0	0.0	0.0	0.0	0.0	0.0	0.0	0.0	0.0	0.0	0.0	0.0	-0.009453918192369404	-0.001982293873876706	0.007571474087614611	-0.007049137870212639	0.0009252566260462279	0.003637418630200109	0.008165298620035077	0.007196759376238893	0.003933665480815817	-0.007481266847618167	-0.0017365038632009297	-0.00033120812317951026	0.004140327624536597	0.0033625784117086426	-0.007218348042951599	0.003189793169596642	-0.008201477078405895	-0.005898669261485243	0.00482773962126681	0.00048607900608874186	bear
2001-04-30	0.011970762893893956	0.011750053563516313	-0.01756833397527843	0.005946173240032415	0.007562665348763852	0.011059594540791742	0.002905046525412237	-0.02320099597022272	0.007295097084018041	0.0015505828856508073	0.005989419933374041	0.009122433657699073	-0.003988332838418058	0.01106398121514113	-0.0017739490236134575	0.01795366168822625	-0.02166348818427233	0.013069182986327683	-0.014831088561664488	-0.009296224872164015	0.021721757395586672	-0.015300111963719113	-0.01749094062906231	0.00970143237704862	0.007668276411074775	-0.007800069431798051	0.006716542784685628	-0.0019265340168687058	-0.012617111279963605	-0.006915155898633127	0.006395418079919152	0.0032353087570611678	-0.0021074516535484833	-0.001831308615009639	0.001256721677578472	-0.016033652205359992	-0.0006597912273480779	-0.000647938100672427	0.002627243711424961	0.007877160961528929	-0.013198688038989848	-0.0032963479996398017	-0.006399524166411641	-0.0023652992753477853	-0.004995572187685696	-0.0028712297360310394	0.019225399929041886	0.007026990138265578	0.006905050349846984	-0.021106233376363297	0.012528053360887281	0.013617459598794393	0.026104109567491884	0.027482528489060996	-0.021924712239160624	-0.014078519849498016	0.004826398045426702	0.011050924399504003	-0.021529745908799133	-0.006394181160906262	0.01002467822170424	0.0031642214222317826	-0.01925269987020084	-0.0047907963495831	0.0015681433494251994	0.00783613283286366	-0.004919758479339602	0.009167057143007848	-0.007443433987930287	-0.015488240822934136	0.009160580924416004	0.013929505071424925	-0.007310442759092449	-0.004562486762221224	0.007326374654043954	0.002275429522867945	-0.006592800143063902	-0.004454784079454403	-0.007415991077055435	0.008120276755119575	0.0025	0.0018035714285714287	0.0011071428571428573	0.0004107142857142855	-0.00028571428571428584	-0.0009821428571428572	-0.0016785714285714292	-0.002375	0.0	0.0	0.0	0.0	0.0	0.0	0.0	0.0	0.0	0.0	0.0	0.0	0.0	0.0	0.0	0.0	0.0	0.0	0.0	0.0	0.0	0.0	0.0	0.0	0.0	0.0	0.0	0.0	0.0	0.0	0.0	0.0	0.0	0.0	0.0	0.0	0.0	0.0	0.0	0.0	0.0	0.0	0.0	0.0	0.0	0.0	0.0	0.0	0.0	0.0	0.0	0.0	0.0	0.0	0.0	0.0	0.0	0.0	0.0	0.0	0.0	0.0	0.0	0.0	0.0	0.0	0.0	0.0	0.0	0.0	0.0	0.0	-0.012059104399884482	-0.01231310024104954	-0.0026727758524544075	-0.011641734594813853	0.00039257335732128574	-0.0033907425090630747	0.00479796515732702	-0.006444853836301396	0.00022374081808284132	-0.00011954251754959285	0.00046765323518723335	-0.004853358533745702	-0.004836740210113949	-0.006964323737461528	0.003922822342171364	-0.004958132046768654	-0.005777224898116811	-0.012824504220184656	-0.003029417590427256	0.0052941291750233195	bear
2001-05-31	-0.021232099963760215	0.03163890472661716	-0.003984488306866277	-0.02108217724173426	-0.02556444987111535	-0.0014620008455150956	-0.003101486839930565	-0.012161496804576	-0.002013121295877658	-0.010468549209457213	-0.007111801086315395	0.010787719270221097	0.021870292499266725	0.015774313503684675	-0.010153436102422548	-0.009443856110993867	-0.0031464327782706183	0.004355236597801953	0.006636758205300633	0.007065940568059155	0.00983354551550233	-0.002249071057878523	0.01747336911555833	0.018498393731860213	-0.005081244433800191	-0.02239966841738734	0.005082190073913711	0.00493906035185107	-0.01300758148274289	-0.012353575360423268	-0.001489329069037309	-0.0116000252997743	0.022691458890353684	-0.011763815868272472	0.045163476172871496	-0.00975966797059526	0.006250555858144209	0.001535379935534115	0.010153572802205038	0.009427888079078146	6.641092677635086e-07	0.003530126015685261	-0.002995429887087857	0.006890677743980136	0.0003565469657995489	0.006722252639848149	-0.00016743166293293736	-0.005079649867052228	0.011430039938814841	-0.010895846521474028	0.027042889671756932	-0.008027787312278701	0.011216948442913972	0.01181659514559995	-0.027250114829691086	0.00023439896134812537	-0.011916894475966836	-0.0011312148860004995	-0.006904128400837992	-0.0025028440930039827	0.011597514006972079	0.00876731875599834	-0.015231275807932014	0.007080981038652714	-0.01959633893118205	-0.004594711771697844	-0.027027385053988995	0.011530963514290912	0.003891396625201694	-0.0034706562559538253	-0.006715445758332275	-0.01609312268350457	-0.010498972392827228	0.023077020059358515	-0.01609914660745775	0.007877663775575538	0.019728732803868772	0.010371079749591559	0.007355565120368308	0.0015190282805474012	0.0025	0.0018035714285714287	0.0011071428571428573	0.0004107142857142855	-0.00028571428571428584	-0.0009821428571428572	-0.0016785714285714292	-0.002375	0.0	0.0	0.0	0.0	0.0	0.0	0.0	0.0	0.0	0.0	0.0	0.0	0.0	0.0	0.0	0.0	0.0	0.0	0.0	0.0	0.0	0.0	0.0	0.0	0.0	0.0	0.0	0.0	0.0	0.0	0.0	0.0	0.0	0.0	0.0	0.0	0.0	0.0	0.0	0.0	0.0	0.0	0.0	0.0	0.0	0.0	0.0	0.0	0.0	0.0	0.0	0.0	0.0	0.0	0.0	0.0	0.0	0.0	0.0	0.0	0.0	0.0	0.0	0.0	0.0	0.0	0.0	0.0	0.0	0.0	0.0	0.0	-0.0013287078467752581	-0.0014097190630491903	0.0038277015482725877	-0.00547317683197365	0.013466269259318773	0.006679165542239261	-0.005144128434029193	0.01314300339692953	-0.014880038332840002	0.0003704224402016335	0.00830579284543252	-0.0009689061501757997	-0.004861983984546917	-0.009840280766535793	-0.003429221013785717	-0.0021301842875733664	-0.006109698953430946	0.003399477036575075	-0.01074287630720794	0.0006387229101417697	bear
2001-06-30	-0.006712376939021202	-0.0051191394892027954	-0.0027946541640281593	-0.016998735395512204	-0.01578718735706136	-0.007159275012037593	-0.011020798290998638	-0.01222397235408696	-0.013307871159781855	0.004210517420073195	-0.0060186901038700195	-0.00887641358787623	-0.006463230362734232	0.014396209902112057	0.007454605956825723	-0.013568709934198536	0.010818046928482346	-0.010002262181032145	-0.012371050413353585	-0.007691339033121404	-0.022973128539580372	0.0189524903809387	-0.008530918649129034	-0.002225486893965664	-0.009598833986901643	0.003918847954987816	0.0007696665700702214	0.008599910211222821	-0.003282675647902979	0.0004183193790456539	0.010310441273085906	0.004447871018476336	0.008867895158703681	-0.010056641781993904	0.0035690113548402106	0.0030231679180837247	0.005831184919351382	-0.0128508496193862	-0.007209265667617014	0.023802084391776702	0.005458075922187221	0.015377127107914964	0.015276433259126527	0.00917302174933011	-0.0080622250987344	0.0182214973288268	-0.036793370512533015	0.010286013634704305	-0.008425696160226976	-0.009210274790991345	0.0037345210142814673	-0.03400111110617053	0.0001506387179047375	0.00861354453372994	-0.01585249552290192	0.006101860473211477	0.010013042745884453	0.010456334367111438	-0.008089425788179155	0.02951615991782232	-0.0012483666470555186	-0.013623275627421083	-0.019156906999055087	0.024770680534303004	0.01213260779812165	-0.014631809651629864	0.008427860954843712	0.002530426954795051	0.004066314914328771	-0.0041103386622017655	0.021274576387979874	0.019143019492093852	0.013448802601244588	-0.0039015199425016973	-0.004896727687911462	-0.015512429167516942	-0.0005267318314173834	0.00949885853427215	0.01580747526711651	0.0027292640918194807	0.0025	0.0018035714285714287	0.0011071428571428573	0.0004107142857142855	-0.00028571428571428584	-0.0009821428571428572	-0.0016785714285714292	-0.002375	0.0	0.0	0.0	0.0	0.0	0.0	0.0	0.0	0.0	0.0	0.0	0.0	0.0	0.0	0.0	0.0	0.0	0.0	0.0	0.0	0.0	0.0	0.0	0.0	0.0	0.0	0.0	0.0	0.0	0.0	0.0	0.0	0.0	0.0	0.0	0.0	0.0	0.0	0.0	0.0	0.0	0.0	0.0	0.0	0.0	0.0	0.0	0.0	0.0	0.0	0.0	0.0	0.0	0.0	0.0	0.0	0.0	0.0	0.0	0.0	0.0	0.0	0.0	0.0	0.0	0.0	0.0	0.0	0.0	0.0	0.0	0.0	0.0007076103327316782	-0.0035307157148702375	-0.011978522658675647	-0.008546894102723492	0.0027837389735682278	0.005643978574175571	0.0022974248242958284	0.005573993373904597	-0.009411309959899458	-0.004909831705015051	0.0027965796344485115	0.0060087372380679864	0.002298293521593099	-0.012916685330933925	-0.005356340907903602	-0.00466518443743166	6.250610050614978e-05	0.011936892955252786	-0.0012330922858792667	0.0037063171345716227	bear
2001-07-31	0.002635066095858084	-0.0043001593251748155	-0.004806888262136993	-0.0052613727607375115	-0.00826195098019383	0.0004221673831151106	-0.009187685054138025	-0.0218824685809759	-0.009827325207088419	0.0023072582361037307	0.01661700230121041	0.018565134266913884	-0.0036745237715072776	-0.012025872081480123	-0.006047861775785498	-0.005581867428521522	0.00724087898638996	0.01296986671684759	0.0002964245229552388	-0.007330236570589219	0.0032550765727877387	0.02200768289785424	0.00040338277610994615	0.014164705487935737	-0.005314102934948107	0.004427600021323608	-0.008745751703236932	0.001035147798758385	0.001623390456180186	0.003598209836937673	0.013481362603557952	0.0045493224615262475	-0.007921858335787164	0.004019904542736168	0.037422324897309796	-0.0011041031053433833	-0.015293504095301252	-0.009569083413475203	0.03473057893917727	-0.03229966152770826	0.0003429933509440639	0.00016250369886843416	0.006127884874196958	-0.006210390157770674	-0.008248878627469234	-0.022875724776699462	-0.012475386509609734	-0.010413735809256346	0.01978320009131172	0.005634529990280145	0.005683335917836992	-0.01574180505528473	0.0025016582638977282	-0.005394018958646373	0.009438103905428097	0.016138866141896066	-0.037642438260766395	0.005335349016252272	-0.016154693696743126	0.009883350359526057	0.010944239330966245	-0.007436264193838081	0.011310377917195677	-0.001971114251240307	-0.0007187123160563992	0.009548644074532571	-0.011905348433203733	0.0002097096953299135	0.011110926752123215	-0.008039579923218382	0.01183943023022587	0.0036354007844759343	0.006300025575609003	-0.0006389332615106667	-0.00961633039858695	-0.0274152227692975	-0.013004466298034712	-0.001004447206664064	0.004726240299721269	-0.01601749553577995	0.0025	0.0018035714285714287	0.0011071428571428573	0.0004107142857142855	-0.00028571428571428584	-0.0009821428571428572	-0.0016785714285714292	-0.002375	0.0	0.0	0.0	0.0	0.0	0.0	0.0	0.0	0.0	0.0	0.0	0.0	0.0	0.0	0.0	0.0	0.0	0.0	0.0	0.0	0.0	0.0	0.0	0.0	0.0	0.0	0.0	0.0	0.0	0.0	0.0	0.0	0.0	0.0	0.0	0.0	0.0	0.0	0.0	0.0	0.0	0.0	0.0	0.0	0.0	0.0	0.0	0.0	0.0	0.0	0.0	0.0	0.0	0.0	0.0	0.0	0.0	0.0	0.0	0.0	0.0	0.0	0.0	0.0	0.0	0.0	0.0	0.0	0.0	0.0	0.0	0.0	3.7382851766235074e-05	0.0036253936987852625	-0.0053482121891214665	-0.0129096771968224	0.0015947745583386225	0.007751437547205505	0.005068481423090985	0.007991578291280686	-0.004068973328532316	-0.025971723638743723	0.005259086754687701	-0.00013846886057391193	-0.0027727034555997303	0.003416547147349887	0.005371069245771083	-0.011156379295003554	-0.0005986412023700697	0.0029954492691484807	-0.0002465048277138887	0.01097442264462635	bear
2001-08-31	-0.006251076847090297	0.007030589412360615	0.027526680571931073	-0.015426740690295364	-0.010399892507981182	-0.0010844210255176966	-0.005717680330827964	8.19872289658163e-05	0.007356462003729861	0.016867471319004044	-0.010909164432635782	-0.009827688014000477	-0.004513832643972314	0.01704394844811058	0.005206203141753727	0.006456723116540099	-0.00806170464923901	0.01151934381223895	-0.015785987766215513	-0.0003818281740215546	0.0020538196579467133	0.0010114168652803756	0.030806090498076026	0.005341298790328368	-0.002490166129421816	-0.0021852729198168584	0.005052544666358684	0.017842263257623763	0.0063123348231497005	-0.019061862481095024	0.002294267357301227	0.0033944010165420104	0.009321487249786894	-0.003889734105659368	-0.003794577762873585	0.0017918096210741206	0.00881766560115669	-0.003480152668130112	0.015865480035829813	0.002228650841738466	0.004205993149793043	0.0033301418020356016	-0.0012954890516621138	0.002432744129939589	0.005803404082880672	0.004648908850795185	-0.005925816240672498	0.013112659127296672	0.015469401105573686	0.0010837240338844244	0.016785916209697566	-0.014653993253737375	-0.001414766493391963	0.00178453630248222	-0.0010533560606412798	-0.0034569566907828625	0.021039231118304563	0.0027289794715124878	-0.002539993170252089	-0.004541430131565099	0.010006577295842893	-0.01709545558213282	0.009321889416025901	0.012021421977551959	0.004579005919711854	-0.0030980342988330112	-0.005681580028560391	0.016766334503902917	-0.03608409774495465	0.0069178199074643055	0.008023126246724997	-0.004213831978181029	-0.0008608403854003637	-0.010935503055120125	-0.0037964063169003744	-0.0015892835818868778	0.0011791061133302745	-0.015270684875800501	0.003703578833303329	0.0036829293465710793	0.0025	0.0018035714285714287	0.0011071428571428573	0.0004107142857142855	-0.00028571428571428584	-0.0009821428571428572	-0.0016785714285714292	-0.002375	0.0	0.0	0.0	0.0	0.0	0.0	0.0	0.0	0.0	0.0	0.0	0.0	0.0	0.0	0.0	0.0	0.0	0.0	0.0	0.0	0.0	0.0	0.0	0.0	0.0	0.0	0.0	0.0	0.0	0.0	0.0	0.0	0.0	0.0	0.0	0.0	0.0	0.0	0.0	0.0	0.0	0.0	0.0	0.0	0.0	0.0	0.0	0.0	0.0	0.0	0.0	0.0	0.0	0.0	0.0	0.0	0.0	0.0	0.0	0.0	0.0	0.0	0.0	0.0	0.0	0.0	0.0	0.0	0.0	0.0	0.0	0.0	0.016182699868207952	-0.0032366614743626282	0.00980615648333923	-0.014344529565015134	0.0007138895817547618	0.003953555467658896	0.004217294702319821	-0.007193859382460921	-0.005806588103163945	-0.01539169331501401	0.00505056366210643	0.004798050239217574	-0.013937553162994115	0.0007311974037129665	0.009208009579826992	-0.002420724441397273	0.005342615534834365	0.004658298668604533	-0.004158195504447939	0.005207914961574651	bear
2001-09-30	0.025334734784698512	0.007495266636067062	0.013047680366264136	0.010096974293238754	0.023785327890861938	-0.017532481928493836	0.015613937862048781	-0.0023510356393751184	-0.006825382828977401	0.002489439664408284	-0.0018577633792413843	0.0035849357812299974	-0.008330034046094356	0.0033320574701426677	0.002634632919599232	0.008749877932083648	0.006325178404171554	0.0024923960034879712	0.0011267186152306933	0.008768738329053501	-0.01058341908976719	-0.004098303237811633	-0.0018674938240542224	0.016694282861620103	-0.005194929998546711	0.017184480568233736	0.008349934084342423	0.019723792104386767	-0.007376231518085756	-0.01100970685044447	0.010868473381568515	-0.004662712338002419	0.029752368191034922	-0.007744092719755254	-0.011384070537619943	-0.004075938026933429	-0.007693324348253069	0.003506779111971403	0.008128555218007094	0.009496359566030513	0.0030477687303276275	0.004306820982506484	0.01272181476204764	-0.027122093202800242	-0.0025212687305782733	0.0052549822601768315	-0.004457706067194388	-0.008729322207351233	0.006621818080941549	-0.006818296885219033	0.033905673865795155	-0.0030236041787162606	0.01772105625893067	0.006783146492257284	-0.0028882334329208663	-0.0054100125561595295	0.010818743523498504	0.008184977496023147	-0.007384259812736345	-0.004128110357923282	-0.01262260008061802	-0.0012134992269473776	-0.015560236815760721	-0.005369222206635425	0.0005832567254586143	0.01602186749009635	-0.004551609491361275	0.0005385035643199435	-0.011951872521275015	0.022367197342142715	-0.008932904820490478	-0.009758684364049558	0.006929093969974615	-0.008070795518964908	0.0003082336269714801	-0.020469370465618784	0.01345989915342501	0.029309266323566383	0.0006997213313051083	-0.01869844981889217	0.0025	0.0018035714285714287	0.0011071428571428573	0.0004107142857142855	-0.00028571428571428584	-0.0009821428571428572	-0.0016785714285714292	-0.002375	0.0	0.0	0.0	0.0	0.0	0.0	0.0	0.0	0.0	0.0	0.0	0.0	0.0	0.0	0.0	0.0	0.0	0.0	0.0	0.0	0.0	0.0	0.0	0.0	0.0	0.0	0.0	0.0	0.0	0.0	0.0	0.0	0.0	0.0	0.0	0.0	0.0	0.0	0.0	0.0	0.0	0.0	0.0	0.0	0.0	0.0	0.0	0.0	0.0	0.0	0.0	0.0	0.0	0.0	0.0	0.0	0.0	0.0	0.0	0.0	0.0	0.0	0.0	0.0	0.0	0.0	0.0	0.0	0.0	0.0	0.0	0.0	0.011399742470234935	-0.005640868356660394	0.014594246733990362	-0.0023379606410788662	0.007735083233099405	0.0010196746906539571	0.005643835775029055	0.005948768706916064	0.006366151518458429	-0.008313586439118639	0.0035571860891882817	0.002046336989017852	-0.0034065309954755363	0.008631688197974182	0.011098094001627725	-0.005113559450798251	-0.01108106590989645	-0.0019316922773174475	-0.013621175610489122	-0.004428678727572612	bear
2001-10-31	-0.007960243443628768	-0.01597238630216085	-0.0047370222078727455	-0.007657248245585476	-0.005678403087556935	-0.0005147128150020616	0.00020040267475274253	0.009793037725062313	0.0014349929876598826	0.0157545112671114	-0.002860181199188312	0.0010937279309052046	0.0040278523713745875	-0.002074793111592942	-0.0008025687641723916	0.010964176423847229	-0.00601202024636318	0.01301216702026314	0.01988520267061073	0.0032246617070041178	0.01277845903704805	-0.005139947782003253	-0.01680363543036682	0.001420214860278244	0.025133003757630293	0.01302540717941999	-0.021550760877628274	-0.007298804987187856	0.016087939550041876	0.008101452387853484	-0.006475073420372541	0.012225686189396075	0.0053288550983691405	0.003633092893948227	-0.022636339620761704	-2.7908510764798838e-05	0.012012883037151575	-0.00901052825273276	-0.010843275847308766	-0.007070391933695523	0.02452401674138424	0.0013192384516574	0.024286023419745742	0.01377859620479135	-0.003881220912885494	0.010575572583756085	-0.012612243273038715	0.008243856276768187	0.003603865510129256	-0.0038343869435466583	0.00395319244460636	-0.0005833750328104314	0.014703881582947243	0.0006072384284949305	0.01361776814959149	0.0020109363867711117	-0.005995468897876251	-0.011025284758934047	-0.02378067804148584	-0.009653287439503154	0.015150111781944016	-0.010451114411308566	-0.0004523397229788745	0.017316718866933655	-0.014121852094932493	0.02441467735828348	0.009239921622433638	-0.007981403449568122	-0.0018074802067856999	-0.007540878169202986	0.00552074735570911	0.004724891487880441	-0.004304168098378782	-0.006215099926256167	-0.013499167567275408	-0.0009320296025068539	0.005789310937360702	-0.0028857664254738243	0.00507859521760217	0.0012737459993947676	0.0025	0.0018035714285714287	0.0011071428571428573	0.0004107142857142855	-0.00028571428571428584	-0.0009821428571428572	-0.0016785714285714292	-0.002375	0.0	0.0	0.0	0.0	0.0	0.0	0.0	0.0	0.0	0.0	0.0	0.0	0.0	0.0	0.0	0.0	0.0	0.0	0.0	0.0	0.0	0.0	0.0	0.0	0.0	0.0	0.0	0.0	0.0	0.0	0.0	0.0	0.0	0.0	0.0	0.0	0.0	0.0	0.0	0.0	0.0	0.0	0.0	0.0	0.0	0.0	0.0	0.0	0.0	0.0	0.0	0.0	0.0	0.0	0.0	0.0	0.0	0.0	0.0	0.0	0.0	0.0	0.0	0.0	0.0	0.0	0.0	0.0	0.0	0.0	0.0	0.0	0.003134516361402462	0.008968064940187096	0.006340317287571473	0.0016128566696842579	0.007806282222721046	0.008750208779005963	-0.0117280986734369	-0.025163544404595825	0.002916935568158429	0.00784843417718547	-0.000511934637703194	0.002775025709296779	0.002852268062426189	0.0037904888685462556	0.006109853988640877	-0.009398253744614686	0.002232027855051085	-0.0017379265513709843	-0.003281327037222763	0.011162782815210468	bear
2001-11-30	-0.014637617908785499	0.02372179645185282	0.016094954115149832	0.005946445792568714	0.02675790807008224	-0.0203224090978381	0.004682514630357371	0.00863243640898881	0.025089071785586236	-0.004430350580648862	-0.007089588631535284	-0.0029387851789950885	-0.004524607687510603	-0.001024174483205606	0.004421012454584707	-0.01039140274125554	-0.014715703155013856	0.023882619815318296	-0.0026998677888032383	-0.0005334235227237849	-0.013011793971339117	-0.008373417272905748	-0.00172915807260388	-0.008910374921710802	0.005093841163763013	0.010539131248421344	-0.023198763869006128	-0.0036431467116963922	-0.003789610946921681	-0.020860907624388823	0.0037962895287713843	-0.006195959149732369	-0.013636145481476049	0.024732480694235132	-0.02057684781249036	-0.025766864749345388	-0.018308092741979927	0.006991432319559437	0.021397407840333	0.0068056070054406306	0.010999683422899849	-0.00475097886524318	0.008057872058347673	-0.009524887386706092	-0.0051807961785791164	-0.007569463965846953	0.0023930259387685573	0.013206265593957526	-0.01802457136537918	0.013580219830458103	0.0113819993979919	-0.004543534505211057	0.020383649429635456	0.007382935033458592	0.0010452906151048307	0.01707739519296826	0.010366702723991117	0.01985240822717907	0.005026944046490243	-0.004794606385763884	0.015351397747077626	0.0004140090827606632	-0.021336869810544782	0.009062257576851227	-0.003174575338157305	-0.00987301034076272	0.023787917925453803	-0.0067503778655696005	0.026929663777815895	-0.0001790283673268223	0.01965708448904959	-0.0019660188098544772	0.0036205948608205836	0.014739792961062214	-0.0066185991173137	2.454341779496011e-05	-0.004431079742231154	-0.0021099548833830783	0.010164546782821568	-0.004080633027026234	0.0055	0.004482142857142857	0.0034642857142857145	0.002446428571428571	0.0014285714285714284	0.00041071428571428563	-0.0006071428571428575	-0.0016250000000000001	0.0	0.0	0.0	0.0	0.0	0.0	0.0	0.0	0.0	0.0	0.0	0.0	0.0	0.0	0.0	0.0	0.0	0.0	0.0	0.0	0.0	0.0	0.0	0.0	0.0	0.0	0.0	0.0	0.0	0.0	0.0	0.0	0.0	0.0	0.0	0.0	0.0	0.0	0.0	0.0	0.0	0.0	0.0	0.0	0.0	0.0	0.0	0.0	0.0	0.0	0.0	0.0	0.0	0.0	0.0	0.0	0.0	0.0	0.0	0.0	0.0	0.0	0.0	0.0	0.0	0.0	0.0	0.0	0.0	0.0	0.0	0.0	0.00834027748878697	-0.008208103735030068	-0.002057602348248209	-0.00522789735258846	-0.0031452628868383838	0.00034988919805907515	-0.00016344992007723638	-0.011710105305556124	-0.010981092683200726	0.001188736733126631	-0.007414582991419601	0.00026021357188513086	0.006273631560204454	0.002260770343784746	0.0013901902595680631	-0.0023105000711542726	0.00011216373257027146	-0.0019127700500536043	0.00187608639857022	0.0027539349112280656	bull
2001-12-31	0.0007753663878172709	0.01421490315436991	0.006287540962376796	0.01819830114931663	0.017443250413010567	-0.009419031172459047	0.00479559067764737	0.015611701593020886	0.012629294335676463	0.01773813987221261	0.0006424651979542972	0.008632799927338753	-0.008904666783839048	0.00838488812866745	-0.0029191758035988545	0.011082749616998363	-0.003225417220725526	-0.004390717739551048	0.005135242272380496	-0.00028975324947996004	0.005009714336974196	-0.005398162951703178	-0.011874260689040739	0.007944105144461191	0.0018339590366376127	-0.012934917958765271	-0.004886819271830537	0.006629741173126701	-0.0021934739193860183	-0.0058462741406171735	-0.0001561657586254337	-0.0013842726301888757	-0.012833902310621459	0.016388938539577135	0.011885799882828889	0.00344728806675396	0.003033989634839318	-0.014336032240582107	-0.009561761802511549	-0.02789133275362017	-0.014075746434284008	-0.007037015503922023	-0.01577566611876133	-6.045719533664321e-05	0.016982321067472207	0.0016647175151653273	0.013772365310378176	0.0008850783587247831	0.0024382377195088854	-0.009069994991689681	-0.0026273083053306363	-0.006266425550159396	0.018802509543486445	0.010311961118952663	0.0032063490195046785	0.018236823216421266	-0.020150093132925713	0.010126202680715865	-0.004706363311620231	0.022521360805308775	0.0046454498330282075	0.010788290238573866	0.012874002874791103	0.005801036941631783	-0.007907256161062292	-0.0017583705363715598	-0.012994606816539554	0.0011459994272682392	0.00398091556368283	0.0006641957993680558	0.00660849289716259	0.004348633595958059	-0.007404822993696045	-0.003224568638632524	0.012688928401306789	0.024802695160578824	-0.005937123602274031	-0.0034621392364492893	0.019142209911471652	-0.013813427580277605	0.0055	0.004482142857142857	0.0034642857142857145	0.002446428571428571	0.0014285714285714284	0.00041071428571428563	-0.0006071428571428575	-0.0016250000000000001	0.0	0.0	0.0	0.0	0.0	0.0	0.0	0.0	0.0	0.0	0.0	0.0	0.0	0.0	0.0	0.0	0.0	0.0	0.0	0.0	0.0	0.0	0.0	0.0	0.0	0.0	0.0	0.0	0.0	0.0	0.0	0.0	0.0	0.0	0.0	0.0	0.0	0.0	0.0	0.0	0.0	0.0	0.0	0.0	0.0	0.0	0.0	0.0	0.0	0.0	0.0	0.0	0.0	0.0	0.0	0.0	0.0	0.0	0.0	0.0	0.0	0.0	0.0	0.0	0.0	0.0	0.0	0.0	0.0	0.0	0.0	0.0	-0.0031013331616502305	0.00976526482749651	2.571716882192863e-05	-0.0028698615118832056	0.0024513279869965406	0.005115961974420706	-0.01036519740013937	-0.0003470771737805109	-0.01269761898462857	0.0022476675456579087	-0.0010913016704161623	-0.006393843094754573	-0.006232367590628829	0.003542088315718681	-0.0008130119188274493	0.005285225137747698	0.005990511606115107	0.009603914184233769	-0.003574310693385449	0.0059226592348088315	bull
2002-01-31	0.008588040749903974	-0.010135604768659937	-0.02421921574388576	0.0153916125715907	-0.003950657304663382	-0.006135884411630911	-0.022339561608835858	-0.005003290909501415	0.0019341701457795287	0.008849656445442857	0.006327522414001484	-0.012428414478073264	0.007628149194137653	0.013996796262293665	0.0013197411837377604	-0.008972816100080046	0.01803912396787066	0.02101957809548445	0.01580422596954566	-0.01585059808060243	0.002192956390521214	-0.01997035816553856	-0.015791239909340792	0.009440920881413599	0.0053179982385414895	0.0125150209453174	0.00032759360123827276	-0.032153677119539426	-0.02503657593773485	0.005713903857073407	0.005689204207792081	-0.028807806110736158	0.004817910919538573	0.004753010420841269	0.003675412205322045	-0.004094696684183904	-0.0010492916018787339	-0.014976429011047671	-0.0054674062293611665	-0.023748507385106296	-0.018489375429990868	0.006807557199367069	-0.008782308699844019	0.011170887929347197	-0.0013014232870689295	-0.006013013859512854	0.02492921807535433	-0.004956517245004369	0.003060257787513587	-0.015699480877118484	0.02015785089605413	0.019283359307210958	-0.0009250061014998231	0.01658639942527271	0.002866305864149285	0.00696980347388383	0.00632964562337742	0.013950671838721323	-0.0019775279456263157	-0.010240830876681936	-0.0011928409992877807	6.968372183884151e-05	0.008088926042903831	0.005825681019800049	-0.009514802755803565	0.0023873920022598654	0.01683300971480655	0.004240621025054856	0.004804468277812304	0.014673883368539373	-0.007278358484469382	0.016172261608890924	-0.008385646762709684	0.006824216473685124	-0.0008221060225163414	0.0054850277132639505	-0.0008498048549226977	0.016078305732266533	0.011092948327239371	0.011133103356699177	0.0055	0.004482142857142857	0.0034642857142857145	0.002446428571428571	0.0014285714285714284	0.00041071428571428563	-0.0006071428571428575	-0.0016250000000000001	0.0	0.0	0.0	0.0	0.0	0.0	0.0	0.0	0.0	0.0	0.0	0.0	0.0	0.0	0.0	0.0	0.0	0.0	0.0	0.0	0.0	0.0	0.0	0.0	0.0	0.0	0.0	0.0	0.0	0.0	0.0	0.0	0.0	0.0	0.0	0.0	0.0	0.0	0.0	0.0	0.0	0.0	0.0	0.0	0.0	0.0	0.0	0.0	0.0	0.0	0.0	0.0	0.0	0.0	0.0	0.0	0.0	0.0	0.0	0.0	0.0	0.0	0.0	0.0	0.0	0.0	0.0	0.0	0.0	0.0	0.0	0.0	0.006497531252953636	0.01620626886238004	0.011548364316604063	-0.0014606680084443481	-0.005031404420154297	0.011921666713605953	-0.00031781365058884074	0.006077990522410941	-0.011160505578063758	0.01516852819071213	-0.005649703973973986	-0.002887655191040124	-0.0021464189069082895	-0.01247221662653254	0.007324490038758702	-0.0011281645931190871	0.007091289618972085	-0.005479042853536602	0.0017201774061538656	0.006386440598391959	bull
2002-02-28	0.0077153895880965485	0.02682836886678636	0.0013112592127125177	0.016724682110490528	-0.002903173348183791	-0.0007835353554352932	-0.008871715224459325	0.003906522805787491	-0.006644317226164305	0.011494344301338753	-0.004676670384133851	-0.010724360367207371	-0.00299457183687873	-0.008501769478397207	-0.0076004991186093915	-0.013019327438716501	0.012358257132203426	-0.005170583355917723	0.0053112751507962104	-0.025018910062056875	-0.004922716701826891	0.006733127855485556	0.01624688958663407	-0.00036236454039930273	0.006496847635305666	-0.02036047977707218	-0.018925118777717884	-0.0003586674746597596	0.003995467949916512	0.010491830883595715	-0.003372265885589561	-0.022188390361139624	-0.006689371491220503	-0.010375253487248368	-0.002670434449124885	0.003481136059087619	-0.005896992296091069	-0.003840768074253265	-0.007214107404809	0.0025057612731168547	0.0016071670693335088	0.014802594431981066	0.008052628678563073	-0.01486707580509243	0.009518156390297882	-0.012496385079721017	0.003848912082621736	-0.020290995689051804	-0.0014580745843441158	-0.0016967395070516058	-0.0011856839464272257	-0.010894698291564784	0.022122713525048028	0.015994294702719965	0.0063736690324123066	0.009971357208876654	0.007497299424519335	0.0026668701201412073	-0.0062247766750475175	-0.0011254336988267598	-0.0027871851798455466	-0.008649924274454228	-0.011431777435890474	-0.001619875716086649	0.0016669301264501141	0.002387491187636476	-0.009764626021407905	-0.013828684212552563	-0.003056002859890591	-0.0065742100190708894	0.014211849036394164	-0.003510496036314097	-0.006023123498775406	0.004626597200403382	0.01299811392073545	0.004866082478722497	-0.017988045164663548	-0.0037043891674085204	0.013789481875991725	-0.0046362078967695985	0.0055	0.004482142857142857	0.0034642857142857145	0.002446428571428571	0.0014285714285714284	0.00041071428571428563	-0.0006071428571428575	-0.0016250000000000001	0.0	0.0	0.0	0.0	0.0	0.0	0.0	0.0	0.0	0.0	0.0	0.0	0.0	0.0	0.0	0.0	0.0	0.0	0.0	0.0	0.0	0.0	0.0	0.0	0.0	0.0	0.0	0.0	0.0	0.0	0.0	0.0	0.0	0.0	0.0	0.0	0.0	0.0	0.0	0.0	0.0	0.0	0.0	0.0	0.0	0.0	0.0	0.0	0.0	0.0	0.0	0.0	0.0	0.0	0.0	0.0	0.0	0.0	0.0	0.0	0.0	0.0	0.0	0.0	0.0	0.0	0.0	0.0	0.0	0.0	0.0	0.0	0.0026654859210643814	-0.007821398977173452	-0.005664814594667731	0.009940979408376086	-0.01018497980979656	0.005684168892910882	0.002693117638116636	-0.006410333623946703	0.011338133370927872	-0.004797576523039819	-0.0011185451048464296	-0.0015315732652281394	-0.000383524372936139	-0.002653259818904684	0.006694012157109727	-0.003685439927476265	4.05941515605867e-06	-0.0059695109855851195	0.0006676155341712063	-0.0017085597976236552	bull
2002-03-31	0.010420314863491117	0.0007953957879664425	0.00351472459218434	-0.0015365456345100008	-0.011695177683572358	0.007243186034067012	-0.011152599533282572	-0.031152347297804396	-0.009519589030734073	-0.005555448129637783	0.0043514321024694155	-0.001731518380249957	0.024417338021688148	-0.01731480841053912	-0.0050360081134754285	-0.007481285156125477	0.020061171507855524	0.0060526170602440595	-0.005437651829634238	-0.005743603472202222	-0.003068190153154886	-0.002846518398887625	0.02400585607024003	-0.008282216929655185	-0.0045522618285541595	0.008776923953748414	0.0022710181975100305	0.011994739524003145	-0.003680837823215504	-0.01133163715628105	0.0045036596335662135	0.01401502264584828	-0.005130539880362941	0.0062501619790742745	-0.01138613688397453	-0.001369300631916449	-0.013359609286117315	-0.02043867090445256	0.006303721939798408	0.013219974559053434	-0.009690277892671535	-4.842187788234383e-05	-0.020945121544296855	0.010206802769525526	0.0090031059920816	0.00440611698647781	-0.012877090125544105	-0.007638599959779203	0.005618072687331366	0.014113470543974313	-0.009754919656716316	0.003986283262212578	0.00589739493545072	-0.005396589473949019	-0.0096974359960252	0.003913935654023819	0.003145132243526391	-0.003337549217838223	0.003475095505355226	-0.0031604052531668085	-0.009083671758082883	-0.00030481120304693977	0.0008460225919319639	-0.0227678624233161	0.0059269221268839125	0.007571154792276467	0.006344025586073867	0.004891238613324754	0.00010590466603404089	-0.004935899388623831	-0.012642552166270735	-0.012675013467306826	0.007939681952991794	0.0014986153245285286	0.015013455622765133	0.003988359782711262	0.029253684609715086	-0.03248276769410404	0.0025042706180586033	0.0035996789916705554	0.0055	0.004482142857142857	0.0034642857142857145	0.002446428571428571	0.0014285714285714284	0.00041071428571428563	-0.0006071428571428575	-0.0016250000000000001	0.0	0.0	0.0	0.0	0.0	0.0	0.0	0.0	0.0	0.0	0.0	0.0	0.0	0.0	0.0	0.0	0.0	0.0	0.0	0.0	0.0	0.0	0.0	0.0	0.0	0.0	0.0	0.0	0.0	0.0	0.0	0.0	0.0	0.0	0.0	0.0	0.0	0.0	0.0	0.0	0.0	0.0	0.0	0.0	0.0	0.0	0.0	0.0	0.0	0.0	0.0	0.0	0.0	0.0	0.0	0.0	0.0	0.0	0.0	0.0	0.0	0.0	0.0	0.0	0.0	0.0	0.0	0.0	0.0	0.0	0.0	0.0	0.003346117511547798	-0.005961190910623623	-0.0011307016919925488	-0.005359628093156308	-0.0076074813540987635	0.009596382903533143	0.00017102270274113097	-0.004552020476062086	-0.0023214135257739457	-0.01345880940581159	0.001150507435471676	0.0014728957653740516	0.012726924115773633	-0.011866370220639626	0.00475080084969523	-0.0010933650440855139	0.0014319133864839119	-0.00402147977751614	0.007290939553011101	0.007849903572154239	bull
2002-04-30	0.0019337651571451945	-0.017233174204962662	0.012557090638251778	0.030448255373795422	-0.021023817162198016	0.004486575726878848	-0.01791756301999689	-0.010810273935204657	-0.004822245429930536	0.0011012329519665689	-0.001826227835376063	0.004576741500628611	0.003620944893951886	0.021971673091341584	0.01845191777600968	-0.013518132980172638	0.011929289544720017	-0.01990096440334216	0.0015197586460283942	-0.006318065301166792	0.022862217922033398	0.00042021911363022735	0.016072685329750633	-0.0107718961136669	0.002639180957957578	-0.013725078846193207	-0.004506657444555888	0.00013976963984550658	-0.007772926054588141	0.015510233991942407	-0.004755398478784775	0.004476659363357297	-0.002778838768943407	0.013006174749464703	0.007418602224143532	0.0052286689550511065	0.03398877484493592	0.0108436370341748	-0.00012913913035352947	-0.002381659932606617	-0.012701150678100414	-0.020640534504081123	0.026880020729193356	-0.02067786810463395	0.004676643703202244	-0.0036571301284111283	-0.0029816333993912076	-0.002573108711352714	-0.005574214624274543	0.0045679656132582075	-0.014358582838367008	0.017165546722382838	-0.006031981832247982	-0.007271084642065291	-0.006091950928851946	0.018752988202180867	0.017758180761888565	0.013095722562777861	-0.0014076524411597905	-0.009018613119065284	-0.012868551451403611	-0.0319322920313741	-0.003023805228926388	-0.006762062137985958	0.019584380328418142	-0.007369931752558751	-0.0010846164268601963	-0.016082969692248726	0.006852565167518527	-0.00010607076598400605	-0.005869690481803602	-0.0014744304724714418	0.010476563438469293	-0.008941907643848269	0.007961018433453407	0.017045144754888032	-0.0068918084133825245	-0.0005024129359320901	0.015225926418779486	0.021493674931352565	0.0055	0.004482142857142857	0.0034642857142857145	0.002446428571428571	0.0014285714285714284	0.00041071428571428563	-0.0006071428571428575	-0.0016250000000000001	0.0	0.0	0.0	0.0	0.0	0.0	0.0	0.0	0.0	0.0	0.0	0.0	0.0	0.0	0.0	0.0	0.0	0.0	0.0	0.0	0.0	0.0	0.0	0.0	0.0	0.0	0.0	0.0	0.0	0.0	0.0	0.0	0.0	0.0	0.0	0.0	0.0	0.0	0.0	0.0	0.0	0.0	0.0	0.0	0.0	0.0	0.0	0.0	0.0	0.0	0.0	0.0	0.0	0.0	0.0	0.0	0.0	0.0	0.0	0.0	0.0	0.0	0.0	0.0	0.0	0.0	0.0	0.0	0.0	0.0	0.0	0.0	-0.0035740183830040764	0.005251088964338804	-0.0049456719011213785	0.010999362432107342	-0.0011754252179848094	0.004095437498037737	-0.0014443830914441201	-0.0061606844082417005	-0.007724096753647449	0.0019278686623761827	0.0011702797016573156	0.007319493009062521	-0.0006145531995474835	0.0006123899314899621	0.0008170653285130541	-0.002582584082490676	-0.0012791749947260367	0.0012249713998105862	0.0052446285715253066	-0.013898790706538301	bull
2002-05-31	-0.006308658640411694	-0.011316453004081687	0.023091307043048633	0.014561393076174219	0.007386045091298	0.01562138196069317	0.010666721388998148	0.0167466637612726	0.011714462973338466	0.014430621491491144	0.004326886979128137	-0.01095434804403904	-0.01077755732971106	0.011175276035889642	-0.0017389297725538028	0.0068521675979691336	0.010323521101061899	0.0012192573529466926	-0.003456845132930274	0.0107487828913476	-0.003895755654404174	0.011540835152951328	0.011788965214180179	-0.0008819230360388273	0.004175045830106955	0.016255294447505477	0.013515071779301039	-0.02338373011332414	-0.004788984169352153	-0.011629984972591876	0.019568863364165266	0.02903465647617114	0.01340559377237916	-0.009490536536682654	0.01913692423951389	0.019939774110781936	0.006354492840261685	0.007229939390330662	-0.01047121758276654	-0.03190952103454782	0.0031892644201168595	-0.019766480056927407	0.0010846024571258672	-0.017178246999462285	-0.02386494358337416	0.009252885247297919	0.007252676894937214	-0.00467824931112617	-0.0013655214275495387	-0.004623451594267355	-0.010207731651071587	0.013158351312159486	0.004362483594210704	-0.005493497077143522	0.023136083789038028	-0.010811515007369156	0.0035224708378068454	0.014240570366081862	0.024283287512690436	-0.0063841721947784	0.012362866886983568	-0.006015215005024119	0.002602460281307023	-0.005019761536665936	0.004849422559616582	0.004924131083004934	-0.005910038175662849	-0.004772710281445312	-0.013393897223426144	0.005447613134459487	-0.01044865584154072	-0.0011645130822313713	0.006356792954034352	-0.00947839624142029	0.004234262812713685	-0.0038197941348810374	-0.017336424780544504	-0.0019180337385972983	0.005619135219574778	0.00031541867412123207	0.0055	0.004482142857142857	0.0034642857142857145	0.002446428571428571	0.0014285714285714284	0.00041071428571428563	-0.0006071428571428575	-0.0016250000000000001	0.0	0.0	0.0	0.0	0.0	0.0	0.0	0.0	0.0	0.0	0.0	0.0	0.0	0.0	0.0	0.0	0.0	0.0	0.0	0.0	0.0	0.0	0.0	0.0	0.0	0.0	0.0	0.0	0.0	0.0	0.0	0.0	0.0	0.0	0.0	0.0	0.0	0.0	0.0	0.0	0.0	0.0	0.0	0.0	0.0	0.0	0.0	0.0	0.0	0.0	0.0	0.0	0.0	0.0	0.0	0.0	0.0	0.0	0.0	0.0	0.0	0.0	0.0	0.0	0.0	0.0	0.0	0.0	0.0	0.0	0.0	0.0	-0.021226914628542454	-0.0008083684188176495	-0.0023649262032331172	-0.0005504580485917081	-0.008501466440140035	-0.006085246218910091	0.0007286212979690595	-0.00026521627234646046	0.009182054565453611	0.0022854440396890266	0.0068514170525556415	0.0025492824313203878	0.004762244937997431	-0.0011162781162403475	-0.0025405944706202287	-0.004207529714135268	-0.0009834251699580476	-0.004002822774789333	-0.006695483350690881	-0.002000803350106053	bull
2002-06-30	0.004779551246716764	-0.0060880800694978485	0.00504089388835363	0.0114730376809849	0.014371493568515381	-0.007760413112196191	0.00963425020413435	-0.010036073148187405	0.018519361810938387	-0.004516050869240902	0.007652080977170899	0.0020763265887289613	0.004733781731111545	-0.023257735345661213	0.014097429567371311	-0.0068312982193123135	-0.01134919549374589	-0.011490365560693867	0.025725823314689186	0.009569492445158223	-0.008445830264258722	0.010020012527848883	0.0003751235093492099	0.0038140769417197504	-0.008903520614335771	0.006083140456244719	0.017642715704549776	-0.0006037080322341234	0.0027217265420104585	-0.014941523047670744	-0.012837729649628458	0.0045974137073178005	0.009133126977939998	0.0021933307689278557	-0.002630792660111679	-0.008127245290127838	0.0049948320680407	-0.011642083183993106	0.02092973042800455	-0.02610574406031866	0.006876568387597925	0.0180688410025152	0.013225392075585998	-0.00294351239333677	-0.010732960306013171	-0.00395003009538476	0.017970765251381835	0.011117956094026469	-0.011007245208018941	0.006848571101554632	0.0070600439745676195	-0.008406048543606	0.010104289685761152	0.005787244178226526	0.01812036339066962	-0.01209111193180456	0.035404887255259095	0.02341116196486284	-0.015302078590408273	-0.011429781868389739	0.028461759523915976	0.009787068462115493	-0.02053571864247127	0.009721607269805572	-0.002152781725636885	0.0038145335025713436	-0.005039726785763829	0.012238096541580267	0.015629530216351252	-0.0012218178039675282	-0.0027067542977340566	0.0058482072654117674	-0.012590847892061574	0.020263947291951877	0.005114811846395382	-0.004177617561013539	0.00142840795549927	0.0041614320128025755	0.018766721608069938	-0.01109100748980513	0.0055	0.004482142857142857	0.0034642857142857145	0.002446428571428571	0.0014285714285714284	0.00041071428571428563	-0.0006071428571428575	-0.0016250000000000001	0.0	0.0	0.0	0.0	0.0	0.0	0.0	0.0	0.0	0.0	0.0	0.0	0.0	0.0	0.0	0.0	0.0	0.0	0.0	0.0	0.0	0.0	0.0	0.0	0.0	0.0	0.0	0.0	0.0	0.0	0.0	0.0	0.0	0.0	0.0	0.0	0.0	0.0	0.0	0.0	0.0	0.0	0.0	0.0	0.0	0.0	0.0	0.0	0.0	0.0	0.0	0.0	0.0	0.0	0.0	0.0	0.0	0.0	0.0	0.0	0.0	0.0	0.0	0.0	0.0	0.0	0.0	0.0	0.0	0.0	0.0	0.0	-0.010003785946544327	-0.00898288977763343	0.004729106927003458	-0.009199308323690317	0.0005973977188920808	-0.0023038401992737994	-0.006905809350446911	0.006610971375069316	-0.003379114554774965	0.00694688223154273	-0.004560708313679206	-0.004416749064641147	-0.006624215624914253	-0.0024070218870386934	-0.0016882120221314502	0.0033793475995148037	-1.197990131030863e-05	0.0012704662525620937	0.0027397674219301863	-0.0064745934172006575	bull
2002-07-31	0.024747463512545094	0.0006833562569177284	0.020880413581379778	0.0004934444165612837	-0.005173566911677839	-0.0059432066947223	0.006914159180217468	-0.01864188743206623	0.011257109686997687	0.0048813669916509764	-0.010003883692203619	0.001101523375611428	-0.011688511978047371	-0.015722345090677856	-0.002317629205933513	-0.019259957289330228	0.01929183003184246	-0.01825226162674401	0.018819750192540667	-0.0034986008670286825	-0.009930344290273342	0.007042002232633911	-0.009992906283336309	-0.008726524885263497	0.0009038479771473883	0.011023781380378971	0.020660473259098075	-0.0068691112488134965	0.012584030932137235	0.015230662826892059	0.006068257345579254	0.0007574905802611079	-0.01761828329431917	-0.021775125473817075	-0.006030484219688568	0.006021859977409391	0.018741633327692478	0.0007869220568734192	-0.033302506259685095	0.016583572897734943	-0.0065676860857484245	-0.014552972384142882	-0.013539142761125427	-0.006526418431960993	-0.0018864368169161838	0.00684982644056148	-0.009992323056133125	0.010455857587983687	-0.007220133308505614	-0.018105018282604256	-0.014933232399970705	-0.00865414607821023	-0.0009035309003907056	0.010997296518307652	0.002356699846409693	-0.02594499083622097	-8.70590258305424e-05	-0.006496023765331397	-0.0215863684133452	0.00034244881934355174	-0.005474135570084324	-0.02701796773394652	0.002840491676743492	-0.0007954143475265698	0.013429871818241049	0.01731049495676703	0.006448437960059275	0.010607846639814726	-0.003086971084573919	-0.00019865041299946872	-0.002221919003374516	0.01889233037495544	-0.009785168360823568	-0.006830003447674076	0.007813496477251393	0.015453190586920578	-0.002930346842015422	-0.014329021349288876	-0.005714091423100942	0.008597861089186127	0.0055	0.004482142857142857	0.0034642857142857145	0.002446428571428571	0.0014285714285714284	0.00041071428571428563	-0.0006071428571428575	-0.0016250000000000001	0.0	0.0	0.0	0.0	0.0	0.0	0.0	0.0	0.0	0.0	0.0	0.0	0.0	0.0	0.0	0.0	0.0	0.0	0.0	0.0	0.0	0.0	0.0	0.0	0.0	0.0	0.0	0.0	0.0	0.0	0.0	0.0	0.0	0.0	0.0	0.0	0.0	0.0	0.0	0.0	0.0	0.0	0.0	0.0	0.0	0.0	0.0	0.0	0.0	0.0	0.0	0.0	0.0	0.0	0.0	0.0	0.0	0.0	0.0	0.0	0.0	0.0	0.0	0.0	0.0	0.0	0.0	0.0	0.0	0.0	0.0	0.0	-0.0022993357680767394	-0.012843879393245126	-0.004397913212676085	-0.00282556141583154	0.002434769860010385	0.002809753031573066	-0.0029424448828675887	-0.010103888634213841	-0.008033088175254678	0.0020010680602633563	-0.004391339594650889	0.0036483289847223216	-0.0030235164264662442	0.002984778226969104	0.013138204835747035	-0.0004577200101467773	-0.0032092410292371937	-0.009501625065355231	0.006222498160651104	-0.006159615721989659	bull
2002-08-31	0.029150531114757197	-0.0069262414170507556	0.01026946018996873	0.0066326731977936	-0.006561043190932826	0.008178472611811618	-0.00354084197474669	0.00697385218823343	0.007531352501523301	-0.002943286870325254	0.0070176510850511855	0.0038519217002517298	0.02056324223785557	0.0026584972480889705	0.00956170818019056	-0.005798185848277332	0.004255995839626971	-0.0010188219177484448	-0.0016158300989828264	0.024151883291644822	0.006122146734855878	-0.013317260413829064	-0.01514694163325412	0.014521043779801759	-0.0014694584422998088	0.0023469547536990754	0.006451043563226885	-0.008400698030710323	0.0036332587692252645	0.003760940391099074	0.003939018820347264	-0.00010673004370574846	0.005409588645601445	0.006837816041745812	-0.005564612228070442	0.0064848242252601085	0.010499639000227788	0.00218634621601826	-0.0018713922533936348	-0.01239408362891579	-0.012255409589699557	0.029287990005386046	-0.019498455028922546	0.008549258838642314	0.004110760189329989	-0.007052219102515193	0.003908996309489587	-0.008174858390368266	-0.009655991775823871	0.011848078225085264	-0.019457719952559568	0.008213938253357886	0.00461454344581026	-0.0023499872590334796	0.006932088582344265	-0.005045719236675793	0.000802508560427563	-0.0016304656184647033	-0.02416706503969742	-0.01949352348915625	0.00282027922748072	-0.013390080046762114	-0.0005753202572117481	0.018155204338470926	-0.006509192125520236	-0.012879881090997858	0.00529664079436129	-0.02875548519437684	-0.0003503806316838021	0.006847796747358315	-0.0030911638474730944	0.0238078272347957	-0.012962758961962343	0.0070919664897720535	0.0010995920737178393	-0.027627361332474724	0.007458927869338243	0.0022471241912901062	0.00422974130453927	-0.014822259485129604	0.0055	0.004482142857142857	0.0034642857142857145	0.002446428571428571	0.0014285714285714284	0.00041071428571428563	-0.0006071428571428575	-0.0016250000000000001	0.0	0.0	0.0	0.0	0.0	0.0	0.0	0.0	0.0	0.0	0.0	0.0	0.0	0.0	0.0	0.0	0.0	0.0	0.0	0.0	0.0	0.0	0.0	0.0	0.0	0.0	0.0	0.0	0.0	0.0	0.0	0.0	0.0	0.0	0.0	0.0	0.0	0.0	0.0	0.0	0.0	0.0	0.0	0.0	0.0	0.0	0.0	0.0	0.0	0.0	0.0	0.0	0.0	0.0	0.0	0.0	0.0	0.0	0.0	0.0	0.0	0.0	0.0	0.0	0.0	0.0	0.0	0.0	0.0	0.0	0.0	0.0	-0.008594811242335751	-0.005599958124405418	-0.01141143009903453	0.0010781192195261633	-0.002074797392362042	-0.006492200936719038	-0.0088153897180124	0.009599450944396822	-0.012317958277841122	-0.00906810937137383	0.005698901748946702	0.0004802549763797538	-0.0012573771764152468	6.64645520313415e-05	0.006754327037359538	0.006795796963938452	-0.001141731282262279	-0.010005855346537067	-0.0021197014233703235	-0.005288553454133326	bull
2002-09-30	0.0017068649995710871	-0.018729296735766465	-0.0039550341295378644	-0.0011939977389787337	-0.013374737672294457	-0.014426788522072102	0.021289212172592054	-0.0021846676236301848	-0.021029744514278022	-0.014218074645230947	-0.009084874517621222	0.007193681319630696	0.01070750989774338	0.0014313899405521127	-0.0021373357187484147	-0.003444717873793404	0.011509238552071192	-0.0017545050362073173	0.0053266143747895175	-0.010445931008108894	0.010752612862761817	0.0009740806512361964	-0.015634480326216203	0.0019358960588451877	-0.026925579190125316	0.01542924169107263	0.0011151603182972761	-0.0020014090377282285	-0.005539636342173461	0.004977547613039119	-0.0055085425070127555	0.015359593427801459	-0.0015277318911799881	-0.011370297256443706	0.001838514190242734	0.005677401295980441	0.0249646030046716	0.00975842116565972	0.006685175797437251	-0.01843480253879473	0.004546154064521422	0.006924064346998737	0.003461046853987066	-0.0118988209211629	-0.003917470090006698	-0.023683645650293503	0.002826680083112567	-0.019060548386850795	0.010734501805148604	0.017427902787625498	0.019872096448321035	-0.003709429107135324	0.018576844968003093	-0.006023281832737818	0.006105369395383038	-0.01168899822504007	0.004381393870124505	-0.016735189954791764	0.014105166319053456	0.010378938872122361	-0.015068718844744882	0.0006559178877830488	-0.016242945736892996	-0.028278007555320707	-0.02039690137315751	-0.011891621562679262	-0.001766423637959149	-0.010812193176623661	0.010495252119218224	0.007020790756424662	-0.014168309836168944	0.011696185403881076	0.011621366080741833	0.020122497212188502	0.012914239294175952	0.016023352756592106	-0.007034990688650108	0.0080136039538122	-0.005404028909842095	0.015406863005757828	0.0055	0.004482142857142857	0.0034642857142857145	0.002446428571428571	0.0014285714285714284	0.00041071428571428563	-0.0006071428571428575	-0.0016250000000000001	0.0	0.0	0.0	0.0	0.0	0.0	0.0	0.0	0.0	0.0	0.0	0.0	0.0	0.0	0.0	0.0	0.0	0.0	0.0	0.0	0.0	0.0	0.0	0.0	0.0	0.0	0.0	0.0	0.0	0.0	0.0	0.0	0.0	0.0	0.0	0.0	0.0	0.0	0.0	0.0	0.0	0.0	0.0	0.0	0.0	0.0	0.0	0.0	0.0	0.0	0.0	0.0	0.0	0.0	0.0	0.0	0.0	0.0	0.0	0.0	0.0	0.0	0.0	0.0	0.0	0.0	0.0	0.0	0.0	0.0	0.0	0.0	-0.0023745337955944383	-0.005878129762527077	0.012673175088346093	0.0011192844050776655	0.004176177558771827	-0.00451667644683015	0.0027966640970558364	0.0002791201659850442	0.009893332833148047	0.009633414527989385	0.0005887038192065653	0.0014666776290482258	0.0004469432500018222	-0.002542786801947175	-0.001092280470103477	0.001073129107510012	0.00047497218521981067	-0.00389278486804826	-0.002136249505229321	-0.0007501599266897258	bull
2002-10-31	0.005113604596354837	0.0275026756549532	0.016229901218451425	0.0024298956016976505	0.002497723694919454	0.003889918571959986	-0.010652811754735545	0.009553029107444605	0.006502204328684445	-0.0035016813444570896	-0.0026884308480353927	-0.011731809326145549	-0.003221250395376912	-0.014532264495591625	0.009221272575423085	0.0012443869765375363	0.0039717931695222005	-0.004195945826002677	0.011172423011997149	-0.006237745344512914	0.006144433472416429	0.008043139571821442	-0.0049295514941757644	-0.014348521225489599	-0.025011614821264773	-0.0008992468578336732	-0.015954583589830162	0.005665513590679524	-0.0046746558566578495	-0.0007086196584393388	-0.01882708867237246	-0.02064823838953539	-0.015025093250887477	-0.016978536458382952	0.011223457545934245	0.015131867274374813	0.000239479101088107	0.004015890742950931	0.025375960450350146	0.009234634805982	0.01056315112518201	-0.0021596009495464573	-0.011612849921642398	-0.008902091188273212	-0.017022027857120505	0.007177640491221511	-0.013125892555327211	-0.006701855408332	-0.0230547986028671	0.01628669107539972	0.013417166944580438	0.005898621389747734	0.0007274976113565453	-0.004383194668239837	-0.016570120005931322	-0.012387787642479938	0.0076249186048129	0.008692623890040808	0.015058975540641244	0.00012650209786378423	0.0012764531546599696	-0.0073059151352129394	-0.006715151162638656	0.004643667031220712	-0.018253895690712684	-0.016378468642517567	-0.014325357093572518	0.011836629714681201	0.002901590509191778	0.008860533383503883	-0.00034146728051393264	-0.009991252503250957	0.008915187922574433	-0.0031497647183534325	0.002932139495630179	-0.02511279270022444	0.03330636358253419	-0.0056680299891704086	-0.006598624024956509	-0.0026588501958129908	0.0055	0.004482142857142857	0.0034642857142857145	0.002446428571428571	0.0014285714285714284	0.00041071428571428563	-0.0006071428571428575	-0.0016250000000000001	0.0	0.0	0.0	0.0	0.0	0.0	0.0	0.0	0.0	0.0	0.0	0.0	0.0	0.0	0.0	0.0	0.0	0.0	0.0	0.0	0.0	0.0	0.0	0.0	0.0	0.0	0.0	0.0	0.0	0.0	0.0	0.0	0.0	0.0	0.0	0.0	0.0	0.0	0.0	0.0	0.0	0.0	0.0	0.0	0.0	0.0	0.0	0.0	0.0	0.0	0.0	0.0	0.0	0.0	0.0	0.0	0.0	0.0	0.0	0.0	0.0	0.0	0.0	0.0	0.0	0.0	0.0	0.0	0.0	0.0	0.0	0.0	-0.007698406790801684	-0.01455640978371625	0.014381691634062714	-0.010970685653736123	0.002384413596500781	-0.014058387804457837	-0.002122925005620398	-0.0041835553182631565	-0.0005669949102193521	0.001152460894009694	-0.012076459232839029	0.009369812724017686	-0.008227227401621481	0.0012078499907419277	-0.0020170285874031198	-0.0008064876177589764	0.0006031611025631556	-0.00019922514341594495	-0.010509376197779394	-0.002672202736528988	bull
2002-11-30	0.008590277405357217	-0.008551670572985611	0.012975416892068641	-0.006398361443412411	-0.002627326063004312	0.005498849291689532	0.006491255168691469	0.0052350019888645904	0.019554854448273606	0.002139130472980356	-0.02126321588991742	-0.0050234376039983075	-0.0010294187387869605	-0.018101946622076464	-0.015267754579369987	-0.0008176775390802883	0.0005798903976033194	0.007372007264464946	-0.013486836347134438	-0.00772128921152951	-0.012932768529307154	0.005461325727677014	0.0008996509695067891	-0.0207383352151813	-0.0018449062395485682	-0.018234478595399943	-0.0014585227422040951	-0.012899087794495495	-0.0009814275234012227	-0.005724353339271116	-0.020936577073739443	0.0032883412944947664	0.014272789680314809	-0.0011073604257732979	-0.016722402453412152	0.0032679036220177077	0.019448825611509072	0.00813672843907462	-0.0048035956865794096	-0.007612864755408078	-0.01228292300047978	-0.00420753717122116	-0.007487091304215226	0.014089066750009914	0.004556567651063212	0.0010144592151290805	0.009456261142749835	-0.006259998463601634	0.0008770576727743322	-0.01510078318528076	-0.025305871643421726	-0.006638344311621208	0.0011103677534064166	0.006031923354838506	-0.008247652419596218	0.017528425933021233	-0.00841321866427246	0.022510148347527445	0.010342071171577445	-0.005809041032995002	0.0005414253034606673	-0.02170721501145923	-0.013275167866110662	-0.012023218700988313	0.017690846783910013	0.0012567056561150064	-0.005791810959689466	-0.000254017851734059	-0.020552476945052175	-0.008505980146104567	-0.0037805302844216844	0.010890835702055646	0.028700131623109793	0.018511400556428158	-0.0038965572831113214	-0.0037169877450709734	0.008910866173642357	0.01924336215394607	0.0037125852972405195	0.005455959078990194	0.0055	0.004482142857142857	0.0034642857142857145	0.002446428571428571	0.0014285714285714284	0.00041071428571428563	-0.0006071428571428575	-0.0016250000000000001	0.0	0.0	0.0	0.0	0.0	0.0	0.0	0.0	0.0	0.0	0.0	0.0	0.0	0.0	0.0	0.0	0.0	0.0	0.0	0.0	0.0	0.0	0.0	0.0	0.0	0.0	0.0	0.0	0.0	0.0	0.0	0.0	0.0	0.0	0.0	0.0	0.0	0.0	0.0	0.0	0.0	0.0	0.0	0.0	0.0	0.0	0.0	0.0	0.0	0.0	0.0	0.0	0.0	0.0	0.0	0.0	0.0	0.0	0.0	0.0	0.0	0.0	0.0	0.0	0.0	0.0	0.0	0.0	0.0	0.0	0.0	0.0	-0.00532634586709108	-0.009085625226393366	0.007532381752311291	0.004689798006181295	0.005504761571726807	-0.006218620798975696	-0.013584058161429845	0.008493725926490968	0.0024539275277051056	-0.01068226622162905	-0.005207266228278139	-0.005130686432519286	0.005244600074971824	0.0007859292364347617	-0.006491732279988188	-0.0018163505707155614	0.0017094884490203024	-0.009256749566318364	-0.0036603651644672827	-0.0033979226371218638	bull
2002-12-31	0.006516116178674567	0.008271441481401121	-0.02541484340159062	-0.0021194778541350164	-0.015531868404161302	-0.02060823786400851	0.010286110740130153	-0.014746943442272073	-0.009942501160723984	-0.007853540057757517	0.002535978888484374	-0.016662697146251088	-0.010457706140075284	-0.014489204488198237	0.012591397902000898	0.001167637189745775	0.009423640059444646	-0.0008189576788761994	-0.01863113959121759	-0.00514635876784514	0.01798876490922868	0.0031317371592596327	0.007280892988236403	-0.006960097178703208	0.005597987958460186	0.022214983615599617	-0.003826283136345013	0.002907814178601524	-0.012304351707610831	0.008191902897127864	-0.009167765769968694	0.0065394882609595695	-0.011822565582020685	0.0009054795700207053	-0.01157327385413433	-0.019939615718588752	-0.0035932645596491513	0.02843454482787911	-0.0033559404221187206	-0.006219966796080041	0.009901381016813928	0.007487400896109192	0.00855645564370058	-0.0002796307939834854	0.012516615295694096	-0.0026952553139697613	-0.0028722922061680143	-0.006522257950674699	0.002656672841769784	0.011963139454186365	0.012733760755894798	0.009212322905564977	0.008494762167233855	-0.02059937815216963	-0.014112475427503908	0.0014343406984058972	0.02206410216334622	-0.005238441641116238	-0.021135956795497225	0.010152062293498505	0.0024126701393366824	0.0003439279593613063	0.012829416272079596	-0.0001499032115291065	-0.00605871678961651	0.001353190656691741	-0.011612208952274295	0.007891186900724673	-0.002460003648879165	-0.03150904551848643	0.004479341751705075	-0.00202690092166112	9.728232078262593e-05	-0.005526041528405887	0.005907666976258795	0.02162817351467793	0.02160832726901577	-0.002750251835704493	0.02074261673235127	0.006988337241697165	0.0055	0.004482142857142857	0.0034642857142857145	0.002446428571428571	0.0014285714285714284	0.00041071428571428563	-0.0006071428571428575	-0.0016250000000000001	0.0	0.0	0.0	0.0	0.0	0.0	0.0	0.0	0.0	0.0	0.0	0.0	0.0	0.0	0.0	0.0	0.0	0.0	0.0	0.0	0.0	0.0	0.0	0.0	0.0	0.0	0.0	0.0	0.0	0.0	0.0	0.0	0.0	0.0	0.0	0.0	0.0	0.0	0.0	0.0	0.0	0.0	0.0	0.0	0.0	0.0	0.0	0.0	0.0	0.0	0.0	0.0	0.0	0.0	0.0	0.0	0.0	0.0	0.0	0.0	0.0	0.0	0.0	0.0	0.0	0.0	0.0	0.0	0.0	0.0	0.0	0.0	-0.0012607504692577218	-0.008772505810532977	0.0063231365765245885	0.015699182545030835	0.00555175045824585	-0.006303185590277916	-0.0004977720445009676	0.008106740166910688	-7.209826048441403e-05	-0.011403397100418856	0.0021449107519966736	0.0016450377549114877	-0.0016546682357334698	-0.003662471481535411	-0.006880115240847836	0.0010282044723991565	0.0032796524809178534	-0.009328113312752039	-0.0011303130055392019	0.002936693993110433	bull
2003-01-31	0.00757637014352088	0.00710749557692297	0.025514500165841447	-0.005945962988473613	0.010665620670673791	-0.0060884061416392994	0.007951274424530332	0.007672473205834553	-0.002440809371344428	0.013254682122090905	0.01542727704670061	-0.02158388552819841	0.001446493019081497	-0.0251384970378783	0.009082476496588622	-0.007639919939763486	-0.0147038948857455	0.0017513616651011713	0.007558042389979182	-0.008859288776945336	0.007447441365586957	0.005580263535000109	0.017660944821986265	0.009816575546524133	0.016431202897922968	-0.0008459565614903982	-0.006722380356563055	-0.0002724753829909801	-0.012282924644587655	-0.020623254805048237	0.010055373382161599	0.009423067866867564	-0.013327523165689723	-0.02482227897432508	0.005197970982529433	0.006928103923552875	0.018373548638098446	-0.018665355859557642	0.009666051003508133	0.002788748968933144	-0.004829686596653204	0.004285254692588731	-0.0021944434952825683	-0.005636008147173643	-0.00883574097862788	-0.021074481838248883	0.0030883926870091953	-0.010885200573937617	-0.014630918975811041	0.010781495173915356	0.00825181303185873	0.02013397758074517	0.011947805708872904	0.004714069405908809	0.011831072071403687	0.009477293039402224	0.0007681673192558155	-0.016316936364858182	0.002052695184783389	-0.006052712704342784	0.008475052349328459	-0.000907115675338757	-0.011984115589337131	-0.008813292507420517	-0.00839400247910014	0.008740408783423534	-0.003474146577637834	0.010236416236685591	0.00521536114238014	-0.011634357800293722	-0.014253618193068588	0.013504719719673429	0.01313019108405134	0.007986091584357377	0.0037488590895470987	-0.008849260938742548	-0.004354578360110282	-0.015581819424016497	-0.0012491502785244386	-0.004540419720228499	0.0055	0.004482142857142857	0.0034642857142857145	0.002446428571428571	0.0014285714285714284	0.00041071428571428563	-0.0006071428571428575	-0.0016250000000000001	0.0	0.0	0.0	0.0	0.0	0.0	0.0	0.0	0.0	0.0	0.0	0.0	0.0	0.0	0.0	0.0	0.0	0.0	0.0	0.0	0.0	0.0	0.0	0.0	0.0	0.0	0.0	0.0	0.0	0.0	0.0	0.0	0.0	0.0	0.0	0.0	0.0	0.0	0.0	0.0	0.0	0.0	0.0	0.0	0.0	0.0	0.0	0.0	0.0	0.0	0.0	0.0	0.0	0.0	0.0	0.0	0.0	0.0	0.0	0.0	0.0	0.0	0.0	0.0	0.0	0.0	0.0	0.0	0.0	0.0	0.0	0.0	-0.011236275560762137	-0.01207244115013612	0.008948624153284391	0.007727450615531725	-0.004895084071415118	0.008079191894825756	-0.007459575168980262	0.009579113942635093	0.008939669684037454	-0.004026908003979655	0.0006501034973039471	-0.00417022971705537	-0.01002447848804368	-0.0009899333807256877	-0.012969566735823402	0.004572936359718078	-0.0027598263028979692	0.0002434905215369179	-0.0066602731168274604	0.0003965476818181947	bull
2003-02-28	0.006616032852593091	0.004815221207931288	0.012731998424813823	0.017154531519095247	0.019803780685401423	0.02752136553829318	0.003240884099544902	-0.009119236357650386	-0.02612433745404153	0.01537762097788659	-0.011782184818266712	0.008321516530168027	0.00039601000383624493	0.004431116864309362	0.005310561627287751	0.024720336390843534	0.004772991531111678	-0.004312370994077008	-0.02490352966306024	0.00014487003565243474	-0.007400267892723765	-0.0025263360583978674	-0.016603370127580806	-0.01102194383493294	-0.014829540383923208	-0.0034617970107759834	0.00131057039367762	0.019632521544061712	0.0030623828235217315	-0.0003147250703426582	0.009054855409771079	0.011995062723946123	0.008346492749889415	0.01698414378968978	-0.0018973187416913544	-0.009995647821565779	-0.005656114582932516	0.004866393935611944	0.014877580432143028	0.0012901004953993704	-0.02657643554689796	-0.004761972582605449	-0.011684215841787159	0.0031905670067186695	-0.03234090142458785	-0.00668970609295042	-0.01178624068525415	0.004557326758358904	-0.00987690694301516	0.002977180000436792	-0.0012406593462896374	-0.008755394560193882	-0.015146537792948368	-0.014203703867373569	-0.008081377291076443	-0.037669805358767836	0.01441561480240163	0.005618545199998912	0.008424917011977522	0.014478771774283241	-0.004537135569282314	0.020073110069025495	0.002121184718086506	-0.0031289222021635777	-0.006503010854397619	0.0020269190941575766	0.0011054228144433762	-0.00063917102591968	0.026594001608948762	-0.01017835427567518	-0.002167127330872968	-0.0012959735886377292	0.008802608396228687	-0.008371105342706627	0.02212398231519479	0.016053061999445246	-0.00856137938640845	0.015149885475725948	-0.0018817016957618192	0.0009040750633791606	0.0055	0.004482142857142857	0.0034642857142857145	0.002446428571428571	0.0014285714285714284	0.00041071428571428563	-0.0006071428571428575	-0.0016250000000000001	0.0	0.0	0.0	0.0	0.0	0.0	0.0	0.0	0.0	0.0	0.0	0.0	0.0	0.0	0.0	0.0	0.0	0.0	0.0	0.0	0.0	0.0	0.0	0.0	0.0	0.0	0.0	0.0	0.0	0.0	0.0	0.0	0.0	0.0	0.0	0.0	0.0	0.0	0.0	0.0	0.0	0.0	0.0	0.0	0.0	0.0	0.0	0.0	0.0	0.0	0.0	0.0	0.0	0.0	0.0	0.0	0.0	0.0	0.0	0.0	0.0	0.0	0.0	0.0	0.0	0.0	0.0	0.0	0.0	0.0	0.0	0.0	-0.01878753876957319	-0.008360231288824946	0.0025762293290802043	-0.00084762577482151	0.0010447142524038153	0.0110106435737331	0.009633073848536237	0.0015389037081899384	0.000338290673427642	-0.011847682947845342	-0.007767369349908538	0.005189015573149529	0.0010113631091285434	0.0014366248404409617	-0.006543700500651341	-0.003374915404142813	-0.0009088643041564184	-0.004358277926880649	-0.0008342700343862304	-0.000922659382670089	bull
2003-03-31	0.014005958665003686	0.011704971050471448	0.015592944108030566	0.006914939044919955	0.003989906678140487	-0.014198915001814118	0.0014221224164958797	0.013460273421014026	-0.002254716420654885	0.020648374888226628	-0.005042964148288192	-0.013527228993809265	0.003699861928391524	0.017291485107845676	-0.01503652951469243	-0.010503885668367866	0.014224599839083201	-0.0009003888622019216	0.02577594489923513	0.015390815125288254	0.01157410376950721	-0.0033710399345548516	-0.02434500178578551	0.00041245174915611733	0.005162277978934757	-0.01774361884293361	-0.011778799411451265	0.005264614616570596	-0.0002377891999490308	-0.005166575158720062	0.006667954075026677	-0.009959065878097379	0.00715691620747389	-0.017612353389794506	-0.004300797356004927	-0.004590861136691059	0.011104768127372192	-0.012385943250661226	7.570245019611651e-05	-0.002641664059313458	0.010937415690446711	0.026666447793780287	0.0024384439977562437	-0.015002005672233733	-0.017927540290892663	0.00045244389618863314	-0.009239945726565741	0.0010542080242516192	0.0174900664162927	0.013212595474464213	0.004293791744060351	-0.004677249742905038	0.014673887540361663	0.024190868959530803	0.0006195671794442226	0.01698601955192647	0.00694720536882962	-0.0001334175785655528	0.0017566716138487269	0.0037864906069134275	-0.003676671048249337	0.0061270070163928865	0.0037529147305758047	0.019625481657066013	-0.008193987639138768	-0.009243418827303139	-0.0032368550707923636	0.005828224542804425	-0.007849644319133181	-0.012200297914108161	0.015878876937312207	0.007930233058536	0.016100495867974143	-0.02030759399235201	-0.010788076682003272	-0.0009404560824362166	-0.003277241194559265	-0.0027195356248153734	0.005220150769855491	0.007796587656295425	0.0055	0.004482142857142857	0.0034642857142857145	0.002446428571428571	0.0014285714285714284	0.00041071428571428563	-0.0006071428571428575	-0.0016250000000000001	0.0	0.0	0.0	0.0	0.0	0.0	0.0	0.0	0.0	0.0	0.0	0.0	0.0	0.0	0.0	0.0	0.0	0.0	0.0	0.0	0.0	0.0	0.0	0.0	0.0	0.0	0.0	0.0	0.0	0.0	0.0	0.0	0.0	0.0	0.0	0.0	0.0	0.0	0.0	0.0	0.0	0.0	0.0	0.0	0.0	0.0	0.0	0.0	0.0	0.0	0.0	0.0	0.0	0.0	0.0	0.0	0.0	0.0	0.0	0.0	0.0	0.0	0.0	0.0	0.0	0.0	0.0	0.0	0.0	0.0	0.0	0.0	-0.018545311176157347	-0.009622085106945228	0.010212344225989723	-0.006060609710285239	-7.618029128984236e-05	0.006965570612700801	-0.0029294287822883235	-0.00019018794386271214	0.004370354512680958	-0.011016777722117694	-0.00215923814527493	-0.0010806070831447076	-0.0003742830114743634	0.001440069139968201	-0.0005174209554070111	-0.0028743462573555738	0.0011868158887777796	0.0063587212450801275	-0.00028354967669165135	-0.0014519989880185478	bull
2003-04-30	0.0019194180431612428	0.011937740589936218	0.0005336125197457631	-0.008560763787055283	-0.017911334265060586	0.011658824624091652	0.004778788687533354	-0.005538063981992395	-0.01065979575217296	-0.004661945785262848	-0.00930912006625277	0.005009947015148227	0.0019362855351381181	0.01025883418894346	-0.005701998994938746	-0.009780816624802001	0.010083637613395584	-0.0069360454904723885	0.00937102207353647	-0.01946753049959301	0.0024439579502954605	0.0015646573970438673	-0.012239393959415609	-0.00907469576475526	-0.007068175626221269	-0.008318757905685361	0.00558670795531155	0.004742308542122624	-0.005038224648993071	-0.01143545026155519	0.006947163090378439	0.00716342282860206	-0.0038722529371285172	0.004851113098877444	0.017158384248495626	-0.0017115895929664942	-0.0007490542795162265	-0.006118515817413215	-0.007731047096539547	0.0032789237138800124	0.0062092193927947015	-0.005871848738049551	0.0069422380770028085	-0.011396722572313766	0.001816197889306012	-0.0021321986603632464	0.0002691097679630758	0.003025652596416515	0.002857329115804933	-0.011335051112850473	-0.0013312064201961148	-0.010329185579885441	-0.011510004284735332	0.0028517382880214664	-0.02378133595707764	-0.0050301779610602984	0.016222398270057677	0.0006564611475407572	-0.010184378407649063	-0.015104419528575332	0.0002714588575202947	0.008017699384450738	0.018729943283739642	-0.005295476458904267	-0.008612391115404449	-0.011051522648889882	0.00029140139155951365	0.009765523278568472	-0.014184795028887235	0.016508501149818926	0.00437017393423406	0.014896545926074029	0.007292220923925409	-0.0109341571203153	0.0050116348190292325	-0.00339498622894276	0.009362567366279289	0.0017328329186705987	-0.0004755675942083277	-0.0213141169479561	0.0055	0.004482142857142857	0.0034642857142857145	0.002446428571428571	0.0014285714285714284	0.00041071428571428563	-0.0006071428571428575	-0.0016250000000000001	0.0	0.0	0.0	0.0	0.0	0.0	0.0	0.0	0.0	0.0	0.0	0.0	0.0	0.0	0.0	0.0	0.0	0.0	0.0	0.0	0.0	0.0	0.0	0.0	0.0	0.0	0.0	0.0	0.0	0.0	0.0	0.0	0.0	0.0	0.0	0.0	0.0	0.0	0.0	0.0	0.0	0.0	0.0	0.0	0.0	0.0	0.0	0.0	0.0	0.0	0.0	0.0	0.0	0.0	0.0	0.0	0.0	0.0	0.0	0.0	0.0	0.0	0.0	0.0	0.0	0.0	0.0	0.0	0.0	0.0	0.0	0.0	-0.008294873439089407	0.006085410338176599	-0.00848511916570439	-0.0037630875442665936	-0.008285797772081114	0.0023623362403980427	-0.009065923935229248	9.72724120274816e-05	0.017210470629998302	-0.004508451498902567	-0.0023630989640697573	0.00462192353327131	0.0025319249865202414	0.012755302318030591	-0.01083483065542287	-0.0021134180144446696	-0.00354800457736756	-0.0056192058923038805	-0.005190739162492502	0.006279404605183636	bull
2003-05-31	0.013951897872193095	0.009670663262698088	0.00041954128658690075	0.01642682142696873	0.03891667993999272	0.0005864027814357791	-0.0033487775229858264	-0.004200231533632944	-0.002222778315319828	0.010186673892200461	0.00936263114828384	0.003859941744854932	0.008077922162309787	-0.0042956686128740726	-0.010398951462912646	-0.011570318196720622	0.0043370816060388714	0.01029558185832312	0.008255362021650288	0.009457454745821142	-0.034615859727146946	0.01999256832931795	-0.016823154976544148	-0.00341546516053091	0.0038926011342640776	-0.003953242449533545	0.01672516758765799	-0.0027409759611629735	-0.0076179266847366525	-0.01724649161131974	-0.00407681739138429	0.017375493057060865	0.015004150458579888	0.009841648687474728	0.007605270947350701	-0.0020784383102461874	0.0005031617240677515	0.011887923835745582	0.016309282699040757	-0.01425839643437395	0.007902935765460703	-0.017578228835172943	0.00026703352812772055	0.01627627167492581	0.010591036022535121	-0.0011813079680810658	0.006549403416578039	-0.02872386542826043	0.004929897647965076	-0.0031676973694705467	-0.02298748233501723	-0.005857371376496113	0.00307522355230392	-0.004078262776918206	0.008348265033471485	-0.005707096753482256	0.010442167533168855	-0.029394836029794934	-0.000638624095064328	0.004221906406810295	-0.008487027646617807	-0.015918065225252256	-0.0052273269288345085	0.007740471151814971	0.0008820814845724486	0.0028677059288047912	0.0006686366924283513	-0.01575773552785894	-0.028964724249982327	0.006704476780306924	-0.008957466108951567	0.010648450010512726	0.020905837951207457	-0.007847855199875802	-0.002463413114003341	-0.007421580733461636	-0.015882341797657837	-0.002151047722913523	-0.028012974155372822	-0.020424789290136792	0.0055	0.004482142857142857	0.0034642857142857145	0.002446428571428571	0.0014285714285714284	0.00041071428571428563	-0.0006071428571428575	-0.0016250000000000001	0.0	0.0	0.0	0.0	0.0	0.0	0.0	0.0	0.0	0.0	0.0	0.0	0.0	0.0	0.0	0.0	0.0	0.0	0.0	0.0	0.0	0.0	0.0	0.0	0.0	0.0	0.0	0.0	0.0	0.0	0.0	0.0	0.0	0.0	0.0	0.0	0.0	0.0	0.0	0.0	0.0	0.0	0.0	0.0	0.0	0.0	0.0	0.0	0.0	0.0	0.0	0.0	0.0	0.0	0.0	0.0	0.0	0.0	0.0	0.0	0.0	0.0	0.0	0.0	0.0	0.0	0.0	0.0	0.0	0.0	0.0	0.0	0.010418574215077931	0.00803030368463838	-0.0006136911332504401	0.00929077372235248	-0.018515122425022623	0.007536243027122138	0.003834383098314678	-0.009025979380886014	-0.0021193944298299253	-0.0016028526909076038	0.0025742574194627904	-0.0023334707285325718	0.006306164497106755	0.002778429115982627	0.0014320019806009381	-0.005695956737463988	0.0023815860572462223	-0.002627813653284868	0.010097886120304767	-0.0024271386788314643	bull
2003-06-30	0.000925587889481258	0.003324514890658395	0.004219962377966655	-0.009789217500795226	-0.0037907575429843967	-0.008586197973345259	0.019420651926574262	0.005859183264084019	-0.01064113160641312	0.012388637196291512	-0.007811636844144216	0.0008416207385118966	-0.016461200253085652	-0.00173141747483923	-0.019273240187901598	0.007662106862521165	0.00032042986463736155	0.0023452874086121477	-0.0007771952978837539	0.0010094760409623856	-0.012689856766231359	-0.012605178644884142	-0.010720054559476873	0.0050476708634093264	0.010487254936847268	0.0008697988125397493	0.014608710276227975	0.021841241580347292	0.0051005542822724105	-0.017260273965584064	-0.015261273063316427	0.016019461067892104	0.010832769861067007	0.006651909409187593	-0.017430534488707062	-0.019595012009505166	-0.003522390906522755	0.0005590780013573002	-0.007278214239459713	-0.0010752837370681444	-0.008609820383583346	-0.04904604940327854	-0.0075835552552308795	-0.003322830410576798	0.00019899420240228617	-0.012560209243591558	0.0076650246035767765	0.0031974990623740555	-0.012940645778998287	-0.01864441646230112	-0.009164081781996044	-0.006499936931125568	-0.009386684607196499	0.017013405653434878	0.0008796742477629459	-0.006682408115429891	0.0031707224791302294	0.021746435505780277	-0.004370521202679242	-0.01001810753433641	-0.017089331303084866	0.0016910995070583406	-0.01145316588275979	0.0029320712411799446	-0.006851271382567412	-0.022274447962079016	-0.004473985725070237	0.0024213627276150392	-0.008218958814816124	-0.016245251140376	-0.004905235562162981	-0.005049210856437404	-0.025333674792961038	0.004098828099575304	-0.011469906817759687	-0.009459715464888262	0.00481461670455755	-0.011112062098658209	-0.018377073261232713	-0.0058527880708151864	0.0055	0.004482142857142857	0.0034642857142857145	0.002446428571428571	0.0014285714285714284	0.00041071428571428563	-0.0006071428571428575	-0.0016250000000000001	0.0	0.0	0.0	0.0	0.0	0.0	0.0	0.0	0.0	0.0	0.0	0.0	0.0	0.0	0.0	0.0	0.0	0.0	0.0	0.0	0.0	0.0	0.0	0.0	0.0	0.0	0.0	0.0	0.0	0.0	0.0	0.0	0.0	0.0	0.0	0.0	0.0	0.0	0.0	0.0	0.0	0.0	0.0	0.0	0.0	0.0	0.0	0.0	0.0	0.0	0.0	0.0	0.0	0.0	0.0	0.0	0.0	0.0	0.0	0.0	0.0	0.0	0.0	0.0	0.0	0.0	0.0	0.0	0.0	0.0	0.0	0.0	0.013206003845970529	-0.00018421615290055643	0.0030566409184765377	0.00459508014043264	-0.008243276576928523	0.005682439727401057	0.011765416830590208	0.007538985489828288	0.0009410292838607641	-0.008494400038269295	0.0036569192709056016	0.0018869493227803642	0.005908549876215983	-0.0016098086815352303	0.0029107190826886896	-0.005326491691621069	0.002455392080983988	0.002145583331256441	-0.0029821591195888725	-0.007508434159768616	bull
2003-07-31	-0.016236490271866917	-0.009121448623832157	0.016661575362144042	0.012423801448012363	-0.002389461669176001	0.013705308635926415	-0.0026695204893533104	0.013288372666032642	-0.01009649750589898	0.001072399933961019	-0.005013455442597994	0.008872699662618833	-0.0019354748321074068	0.0001589656734031984	-0.013892047503191111	0.013207185908321262	0.0054902823694791	0.03041299376216764	0.0035616751754880193	-0.004784844666606101	-0.007476616454538733	0.0026023995014252256	-0.008527200186578198	0.007508040697863516	-0.006198179074704166	-0.0050274840162635856	-0.008925125755895973	-0.0013327124052012664	-0.0014064789207328227	-0.01624162916593428	-0.016533800106580506	-0.012966729632515902	0.00956140145316282	0.0036511419221757512	0.004832992334897269	-0.01859204023859807	-0.008209533763350218	-0.02166568038433454	0.023015311902707405	-0.004682492107891706	-0.016442654989807237	0.01784736666666165	-0.0036303332546129227	0.0014373228171367513	-0.003901761435961833	0.010551290890618183	-0.016377839332360783	0.004787721132986887	0.01561195265987725	0.023092300309911558	0.01519431612501962	-0.00518853767514252	0.00668606926188488	0.008273839025449118	-0.003507190735133994	0.0040774515456426285	0.005839709133422965	0.0006218564433573289	0.019553914103280817	-0.0037092187789498922	0.014369421728658637	0.008318885777415994	0.01172606119600074	-0.002300026340813886	-0.024104502708709927	0.02972457830133234	-0.012401550215807619	0.015178610971226431	0.008312979718999029	-0.0034764560198900303	-0.0015833109658118787	-0.02299091887008454	0.0073816129396469315	-0.005309847076860318	-0.01741262650481248	-0.016585731192925897	-0.006724286837581915	0.011970755848673399	-0.00013930069282705085	-0.00616039709047093	0.0055	0.004482142857142857	0.0034642857142857145	0.002446428571428571	0.0014285714285714284	0.00041071428571428563	-0.0006071428571428575	-0.0016250000000000001	0.0	0.0	0.0	0.0	0.0	0.0	0.0	0.0	0.0	0.0	0.0	0.0	0.0	0.0	0.0	0.0	0.0	0.0	0.0	0.0	0.0	0.0	0.0	0.0	0.0	0.0	0.0	0.0	0.0	0.0	0.0	0.0	0.0	0.0	0.0	0.0	0.0	0.0	0.0	0.0	0.0	0.0	0.0	0.0	0.0	0.0	0.0	0.0	0.0	0.0	0.0	0.0	0.0	0.0	0.0	0.0	0.0	0.0	0.0	0.0	0.0	0.0	0.0	0.0	0.0	0.0	0.0	0.0	0.0	0.0	0.0	0.0	0.007872041156174972	-0.005561386574662425	0.004564998366069659	2.179663018603284e-05	-0.007562656400954107	0.0011918998522786367	-0.004363229470928194	-0.00622965416323685	-0.005455655184633156	-0.005959927969721425	0.002169538112856457	-0.0044960242196316995	-0.0010903115464689504	-0.0023924779168257573	0.004361355021696723	-0.0018056710879843683	0.0035592314057363997	-0.0037387121803574242	-0.002462171381289278	0.0030372266205735115	bull
2003-08-31	0.0012823290171293487	0.024767050443021233	-0.00421308498466468	0.007498637085651615	-0.0034721014239828592	-0.001598149025075041	-0.009858004948593546	-0.028332032318909784	-0.01135465283639364	0.0006040459008968252	-0.02089916048137974	-0.00787392999977033	-0.000955436343765664	0.007745254684287273	0.001261253133999026	0.02666392057021936	0.009654176009322349	-0.007897497245485701	0.009963795296429502	-0.019526109654595898	0.0050808025905006	0.0054705867044172575	0.014754679017058037	0.014892086814095354	-0.03635394900918979	-0.013139316322837508	-0.006726582705110453	0.009762275146240238	0.009351873267734841	0.005310789593261138	0.001432972619516106	-0.008739852129746957	-0.0053663797056355865	0.013410840914226377	-0.029594986973847992	-0.00422913299225155	-0.004833282237294906	-0.019366727659606172	-0.027684198710207882	0.021551531219073446	0.006465655893311821	0.01962968569739411	0.0080021648785819	-0.005952315110025476	-0.004046922408970072	0.012830068199817345	-0.008301751014029224	0.010345890320488382	-0.00016760743530418211	-0.008259912148187444	0.016241394643353068	-0.0031730746110609524	0.0022398323314528666	-0.005316873915718602	-0.017742070339611837	0.010087964690417834	-0.0038048331476012993	-0.007895666669565477	0.02276367028397616	0.0029623890588442556	0.0052347489575760905	-0.015309990762073965	-0.020463268399609557	0.018761992385006674	-0.009715433898960197	0.0011042799938488404	-0.00864761851034298	0.00042851638100354023	-0.0017608314856059357	-0.005139939806499522	0.005069169807595895	-0.0014047229204380593	0.006070864630564082	0.02459429541756953	-0.005847063740160177	0.005590025572379512	0.016739506578948984	-0.0013400914812470204	0.00036447601459245433	-0.004189937153684221	0.0055	0.004482142857142857	0.0034642857142857145	0.002446428571428571	0.0014285714285714284	0.00041071428571428563	-0.0006071428571428575	-0.0016250000000000001	0.0	0.0	0.0	0.0	0.0	0.0	0.0	0.0	0.0	0.0	0.0	0.0	0.0	0.0	0.0	0.0	0.0	0.0	0.0	0.0	0.0	0.0	0.0	0.0	0.0	0.0	0.0	0.0	0.0	0.0	0.0	0.0	0.0	0.0	0.0	0.0	0.0	0.0	0.0	0.0	0.0	0.0	0.0	0.0	0.0	0.0	0.0	0.0	0.0	0.0	0.0	0.0	0.0	0.0	0.0	0.0	0.0	0.0	0.0	0.0	0.0	0.0	0.0	0.0	0.0	0.0	0.0	0.0	0.0	0.0	0.0	0.0	-0.004700321694139823	-0.00048292444140202216	-0.002739398913571599	-0.005593694537574187	0.0010474704530383902	0.0029860708008577885	-0.005370108670516494	0.005262445903041134	0.0025107416051267702	0.001280073740888814	0.0018707331527485637	0.003026713438558234	-0.0013166932625278361	-0.0008430532835303232	0.001443022140301491	-0.011767250464694992	-0.006675136781611356	-0.003095487423267651	-0.00519995338743756	-0.001998812786879839	bull
2003-09-30	0.030989042566868644	0.019644146905257866	-0.012637129401557382	0.0018715060572172151	-0.004647567955978978	0.007819519513822605	0.019566934218502183	-0.0045727552761540054	-0.00023879602226626996	-0.018676448895352506	0.00962964282591666	-0.0033248262625309257	0.024163702808949573	-0.008701057077332815	0.00893505788676105	0.020696485287585945	-0.00025511001762792106	0.013792804271733855	0.006352585805018881	-0.009113197592917581	-0.0004654203919921435	0.005087980020979333	0.006391127842742011	-0.006464110897783338	0.006287883178726706	-0.00360707584857358	0.006267993866626692	0.0009953243865117364	0.002713992011021617	-0.012498562851167384	0.005997654084751348	0.0031054162795207804	0.01416872811632438	0.008778637598260397	-0.006871907436769406	-0.00941415035388211	0.005258449468080641	-0.00819426873084283	0.005387147821368072	0.018133179544645328	0.0020797402328015663	-0.001950928781594333	0.005032979083489574	0.016374303970641206	-0.007424386688780485	0.008003602620184975	0.008146689797530618	-0.0019765579047312707	0.017231027893150896	0.0028780995576576716	-0.022128634311701968	0.0018211265655328302	-0.01492694469155027	-0.011755294274698673	-0.0036519495263216393	0.008968683674251951	-0.017909930793699742	0.008881817367094084	-0.006433578755483906	0.008652039993214119	0.014489203404305708	-0.0009801540861553635	-0.018954272999826927	-0.007142396723066289	0.01698540123278949	0.003004982418006573	-0.0039020178958249375	-0.02032069371225	0.013487967051872005	0.0025597062311923905	-0.0020209404674691196	-0.012347484842859443	0.005681469830966319	0.00023950766090641897	0.0041947104359572876	0.013961926483415732	-0.028861748324998906	-0.00411190678763248	0.004705480178068266	-0.008219251269577467	0.0055	0.004482142857142857	0.0034642857142857145	0.002446428571428571	0.0014285714285714284	0.00041071428571428563	-0.0006071428571428575	-0.0016250000000000001	0.0	0.0	0.0	0.0	0.0	0.0	0.0	0.0	0.0	0.0	0.0	0.0	0.0	0.0	0.0	0.0	0.0	0.0	0.0	0.0	0.0	0.0	0.0	0.0	0.0	0.0	0.0	0.0	0.0	0.0	0.0	0.0	0.0	0.0	0.0	0.0	0.0	0.0	0.0	0.0	0.0	0.0	0.0	0.0	0.0	0.0	0.0	0.0	0.0	0.0	0.0	0.0	0.0	0.0	0.0	0.0	0.0	0.0	0.0	0.0	0.0	0.0	0.0	0.0	0.0	0.0	0.0	0.0	0.0	0.0	0.0	0.0	0.010511828139748568	0.007049350454558916	0.0006581902065448639	0.0002879562228220935	0.0017012519076180514	0.00021946810260420682	-0.006387614399774283	-0.00776248724061307	0.015029676905361503	0.0116484324857986	-0.0010282049920401137	0.002154167958762042	-0.007387508050786173	-0.0035000543231104107	0.007543497625614534	-0.002838265788251887	0.0012789707187483208	-0.004802523150029272	-0.0012994328943227774	0.004389006776426015	bull
2003-10-31	-0.012593548198528181	-0.003186684762674992	-0.0016052073798192034	0.015671892025608144	0.022739267729213405	0.0008471401769909275	0.0007915288967471682	-0.012888796038663374	0.006004957112422772	0.0017724118575578808	-0.013397446513449596	-0.02395578456818726	0.0018619525142540175	0.021403325230240272	0.023766954686064188	0.02819017762221885	-0.01244071006458349	0.008565690055673826	0.0020210110949032294	-0.015945527477758653	0.010896211968738974	-0.03300308808190847	-0.01975638788940507	0.016131352729324477	0.008351006101384815	0.006104058784891396	-0.014902814817559118	0.01061574982835913	-0.004736889673840552	0.0015717774482711118	0.02043914626093766	-0.00021578016885434622	0.006308301689576986	-0.0012849607560666725	0.006640003173380208	-0.011827869319485373	0.03139483533623056	-0.005028680397581381	7.788582240306354e-05	0.004129276308900323	-0.007630200387415893	0.006493488718397222	-0.0016733602013470972	0.005781423215675761	-0.011892683092993708	0.020338315926244396	-0.003897221719681324	-0.003974823096783334	-0.004731431982756983	0.01412918850836703	-0.004017154022953391	0.0023475539266632475	0.005068250949066591	-0.005485363967864566	0.003608861373445081	-0.021536263621536933	0.02023543603760658	0.005461335845613245	0.013185196117142172	0.006561891899374445	0.020164616457328973	-0.012182801583244744	-0.0004413560452467516	0.0001563346526678341	-0.013062218633955751	0.0029830839401653706	0.00891955778119902	-0.0029128252548646523	0.020645035117817363	0.00851586829409375	-0.017331273436056463	0.0019310863220964958	0.008872641379021448	0.0035622583955695645	-0.004446356579633099	-0.00490740128831882	-0.004215603948022775	-0.004800010579428285	-0.00907837032638511	-0.02264505499459509	0.0055	0.004482142857142857	0.0034642857142857145	0.002446428571428571	0.0014285714285714284	0.00041071428571428563	-0.0006071428571428575	-0.0016250000000000001	0.0	0.0	0.0	0.0	0.0	0.0	0.0	0.0	0.0	0.0	0.0	0.0	0.0	0.0	0.0	0.0	0.0	0.0	0.0	0.0	0.0	0.0	0.0	0.0	0.0	0.0	0.0	0.0	0.0	0.0	0.0	0.0	0.0	0.0	0.0	0.0	0.0	0.0	0.0	0.0	0.0	0.0	0.0	0.0	0.0	0.0	0.0	0.0	0.0	0.0	0.0	0.0	0.0	0.0	0.0	0.0	0.0	0.0	0.0	0.0	0.0	0.0	0.0	0.0	0.0	0.0	0.0	0.0	0.0	0.0	0.0	0.0	0.00809483407901976	-0.01187145722932454	0.002212516409666432	-0.006902747569488755	-0.0022370260502226295	0.0023979766102798835	-0.012437976071345613	0.0026717003340691117	0.0028937489903499516	0.01592478378027156	0.004959407760254177	0.002247782297597447	0.000693942893867676	-0.0026758246598974555	-0.0032460402310685527	-0.0016731448501324975	-0.0037999031896834524	0.0007292192857867374	0.0020770329461569943	-0.0013293248857987675	bull
2003-11-30	0.04143871643864187	-0.002888664498318016	-0.004743482951627234	-0.0001650178511909176	0.029044279455235245	-0.01144932546824384	-0.00547206990361408	0.007922678696321071	-0.010666763636617442	0.006116051288699726	0.012657717161570327	0.01345105917313078	0.0001568301559136677	-0.003938512753281209	-0.013905968934084379	0.01786417345142814	-0.0009417997093222124	-0.010718572223322557	-0.000623512532827827	-0.00020502525742942693	-0.02133784959163328	0.01719422052659042	-0.015135937538963555	0.008299831354935887	-0.0016470152205415396	-0.014335690202568472	0.022569183658363252	-0.0221729697203467	-0.01732365833486872	-0.002574403691935488	-0.008673811613192152	0.0039845133738809204	0.002840885850039322	-0.001231345416111557	0.028192805059829577	0.003232098913810728	0.009002313320750488	0.0002738442255485557	0.009463010253251058	-0.002847985131466221	-0.00015102917438698565	0.006330325846451385	0.005584561256769424	0.0053630491758482595	-0.0034970820772254304	0.012327026301823777	-0.008565051536167946	0.003909514749368255	0.009739281295120835	-0.0035115690466846028	-0.007722853445407474	0.005512376513792139	-0.013910294935330601	0.018792588231051118	-0.005428668981957941	0.0017684819981464315	0.016567099780517913	0.00016967507911341197	0.025539228084467378	0.014263084938590815	-0.010133133655199673	0.015934682626693616	0.004830305540848902	-0.0033533014076434537	-0.011695635256536656	0.020802431225683846	0.007455227067210972	0.011082544801021997	0.011015552667524554	0.005140488374486158	0.016905524730808263	0.0030816677463100435	-0.006343973434929928	0.018718896829681808	-0.02548506925089736	-0.010188370441681046	-0.0015721082209642387	0.010409171830447216	-0.010772256354092817	-0.014615221408684567	0.0055	0.004482142857142857	0.0034642857142857145	0.002446428571428571	0.0014285714285714284	0.00041071428571428563	-0.0006071428571428575	-0.0016250000000000001	0.0	0.0	0.0	0.0	0.0	0.0	0.0	0.0	0.0	0.0	0.0	0.0	0.0	0.0	0.0	0.0	0.0	0.0	0.0	0.0	0.0	0.0	0.0	0.0	0.0	0.0	0.0	0.0	0.0	0.0	0.0	0.0	0.0	0.0	0.0	0.0	0.0	0.0	0.0	0.0	0.0	0.0	0.0	0.0	0.0	0.0	0.0	0.0	0.0	0.0	0.0	0.0	0.0	0.0	0.0	0.0	0.0	0.0	0.0	0.0	0.0	0.0	0.0	0.0	0.0	0.0	0.0	0.0	0.0	0.0	0.0	0.0	0.0071475526093576595	-0.01060852022507329	0.006197822470198993	-0.004476656184278877	0.004096336183233766	-0.00405652035396075	-0.011256364011047218	0.004381323766314156	0.005670607060527326	0.004412322597907331	0.003322406704159953	0.0045000991289482345	-0.0025613466910235656	-0.006699134895096511	-1.7337109917865147e-06	-0.0015919960128703606	0.0034686748956095355	-0.005699315828969463	0.00017657138492160055	-0.0012618488339993243	bull
2003-12-31	0.01920657693916557	0.0017879973505588787	-0.012337066656751449	-0.011352706249155606	-0.0001345746733169579	0.006294159169429592	-0.005143251619601104	-0.0005633082746743876	0.011866772043703447	0.005252038598450208	0.024596446411801455	-0.004285138626332724	-0.007822929073491094	0.006689942952853045	-0.013470758101315887	0.017816431735964918	-0.014711990961691984	0.01731399545461585	-0.0068357202555971285	0.0011017631417029542	0.005850006558835705	-0.008728487147758094	0.00157166633592811	0.00980793962682832	0.010173965688879244	-0.012334932601015635	0.007172340692147372	-0.006306741801500443	-0.0248211426883284	-0.01855873849317191	-0.0099234141409976	0.0039077009267665394	0.013454972588407126	0.004443139320825727	-0.018417928902193247	0.03167831773002016	0.011642542767936264	0.01365556786491795	-0.0073276037849405885	-0.003912769235497579	0.0170946880783369	6.808698988543882e-05	0.023830031872255224	0.004408762113273217	-0.007321830677359742	0.009324168509260438	0.005386773233430072	-0.0012069477378349668	-0.0203339085716037	0.015152291904857725	-0.006514551884423144	0.01778727738460303	0.004525765454737185	0.01076115332089627	0.019647347658380266	0.016520500536467222	-0.012977595936452637	-0.0067695409487343264	-0.005935696373571456	-0.0032141225882075177	-0.004849900685810319	-0.013228328083295804	0.006429876259683609	0.003987402238739648	0.00484055133430352	0.007121351459801135	0.015139771957211496	-0.02719413423523654	0.013064925233018948	0.009271656298992285	-0.004699579309728304	-0.010782381703291018	-0.004999578250949291	0.009096577590055156	0.003483323656573503	-0.009174222337611698	-0.005015549452274031	-0.00873389636772455	-0.016599156144015467	0.0008213945027911943	0.0055	0.004482142857142857	0.0034642857142857145	0.002446428571428571	0.0014285714285714284	0.00041071428571428563	-0.0006071428571428575	-0.0016250000000000001	0.0	0.0	0.0	0.0	0.0	0.0	0.0	0.0	0.0	0.0	0.0	0.0	0.0	0.0	0.0	0.0	0.0	0.0	0.0	0.0	0.0	0.0	0.0	0.0	0.0	0.0	0.0	0.0	0.0	0.0	0.0	0.0	0.0	0.0	0.0	0.0	0.0	0.0	0.0	0.0	0.0	0.0	0.0	0.0	0.0	0.0	0.0	0.0	0.0	0.0	0.0	0.0	0.0	0.0	0.0	0.0	0.0	0.0	0.0	0.0	0.0	0.0	0.0	0.0	0.0	0.0	0.0	0.0	0.0	0.0	0.0	0.0	-0.005328152203562454	-0.016749560969065328	0.010613782209550792	-0.0035650638500898824	0.0008855232583681481	-0.006096425258468415	-0.0038137777536355302	0.00556020841685944	0.0048035908637483506	0.004693733603076204	-0.002796876504644377	0.007712583032739355	-0.002785968498643231	-0.0029458999064011157	-0.004533276213179442	0.004088008529712465	0.006017206085489955	-0.002310405804299604	0.00028571096907707163	0.00952542378353345	bull
2004-01-31	-0.0005655550606783874	-0.007324396024360115	0.009128420408987809	0.008528007561704378	0.014793828862811342	-0.004131900280413764	-0.005444975298864658	-0.008344387276849562	0.012618118428237877	0.023359089065957572	-0.018002844101520976	0.0050248883629699865	-0.0007822381906714865	-0.0020916876951483747	0.010447164867964228	0.014982610144060412	0.026445083068576066	0.001111397244521961	-0.00030101800428890393	-0.027345599618039677	0.004089498400097122	0.0016798287895194166	0.0014180083969038465	-0.038071106274658637	-0.0025145421199083136	-0.013961760569573383	0.03107070730406397	0.003938072533700411	-0.006818016317057063	-0.0033889047204897615	-0.009987161765734356	-0.010616567997519517	0.020005404033866876	-0.011650952975994876	-0.012278692708402369	0.0037051712354289664	0.02216884009712208	-0.019332369019819457	-0.008354187851520947	-0.004177950216996558	0.01896890300102789	-0.017323865523748597	0.010217516968954187	0.014635324198877378	-0.0009219030337818914	0.001024000851716552	0.008268216735259404	0.0027162131241505365	0.009966278575771514	-0.02458828310664842	-0.01327258294018039	-0.006700032733126209	0.014559848870968338	0.008861606285104918	0.0094284999512714	0.010534605306657556	-0.0025631692139683237	0.017313091335164163	-0.009293171194244016	-0.008073826723625298	0.005227271104282289	0.012303718419859635	0.009408791573875825	-0.0068688068237975275	-0.0034050667263229597	0.02051052567748229	-0.013519402820504022	-0.00019229344749209924	-0.024317511222716266	0.013746834090609535	0.0009861495306684013	-0.015394639902676146	-0.005817933026869584	-0.001653588551678011	-0.0004356086577452811	-0.007835403686528096	-0.007570857942791798	0.007664706648434547	-0.018852725290864427	0.009602163601217175	0.0025	0.0018035714285714287	0.0011071428571428573	0.0004107142857142855	-0.00028571428571428584	-0.0009821428571428572	-0.0016785714285714292	-0.002375	0.0	0.0	0.0	0.0	0.0	0.0	0.0	0.0	0.0	0.0	0.0	0.0	0.0	0.0	0.0	0.0	0.0	0.0	0.0	0.0	0.0	0.0	0.0	0.0	0.0	0.0	0.0	0.0	0.0	0.0	0.0	0.0	0.0	0.0	0.0	0.0	0.0	0.0	0.0	0.0	0.0	0.0	0.0	0.0	0.0	0.0	0.0	0.0	0.0	0.0	0.0	0.0	0.0	0.0	0.0	0.0	0.0	0.0	0.0	0.0	0.0	0.0	0.0	0.0	0.0	0.0	0.0	0.0	0.0	0.0	0.0	0.0	-0.0029484166183895	-0.0037494643175261713	0.007013046231384518	-0.009865124710810242	0.010813604377678204	0.0028584219020760518	-0.0028025177216515584	-0.004136791453575504	0.007040819419926949	-0.006878379661359488	-0.005972422833432302	0.009866040848650583	-0.0074894685012597325	0.007048693890885759	0.0010852436543504033	-0.002217179695960964	-0.0017615784562429616	0.0031706281818530057	-0.005195776179696165	0.008775603457291349	bear
2004-02-29	-0.007966499597090195	-0.016667039105295232	0.014251843029534922	0.005435334091984843	0.006462966039612985	0.015424155359712805	-0.020159672790189744	-0.0098519073038629	0.0031986627951657866	0.009178620141206649	-0.005548514148671752	0.006142707328626432	-0.009064262972667055	-0.007244380428239225	-0.023930531154516252	0.012917423880007727	0.0022306088573312453	-0.02098649352680484	-0.007008531830599218	0.00940522500767005	-0.010583344755531925	0.0023567819800075942	0.008448327573086042	0.014245662943158321	-0.011028910735377954	0.0015138042334653088	-0.004187983416623208	-0.011323156899776737	0.014896734365670709	0.012148444096839022	-0.008699207797405184	0.007517835798105012	0.011561106705332676	0.016681529135634185	0.002772560959693852	-0.00023468947223894855	0.0125063238853311	-0.004396143795174037	0.0054651299884138724	-0.013886961823810301	0.02377995912169677	-0.008464912881981363	0.007863349676299166	-0.003264869817287789	0.0056824284174654535	-0.011075754407854913	-0.01369053459425065	-0.0033477872660979237	0.010107028680985836	-0.015934894005985738	-0.005621039942792155	0.006232067443660198	-0.003332066368854491	0.007435804139485826	0.006821913647701034	-0.0012389584201010872	0.008645960482866628	0.007021337590555761	-0.010364924934866675	-0.004303675755051738	-0.0046597737990844235	-0.012095315542124516	-0.002484769394862166	0.023289290251316618	-0.004036227094961381	-0.0011260923219830897	-0.0012047035630728628	-0.008642650668580582	0.0077239780894067704	0.0029604679814470474	0.0029914703414916795	-0.0196350466425845	0.0021748871935465294	0.011833561294970334	0.030244934173962342	0.008555361219136994	0.010828465923615072	0.018615549765808224	0.00420876829151472	-0.0027581508865440257	0.0025	0.0018035714285714287	0.0011071428571428573	0.0004107142857142855	-0.00028571428571428584	-0.0009821428571428572	-0.0016785714285714292	-0.002375	0.0	0.0	0.0	0.0	0.0	0.0	0.0	0.0	0.0	0.0	0.0	0.0	0.0	0.0	0.0	0.0	0.0	0.0	0.0	0.0	0.0	0.0	0.0	0.0	0.0	0.0	0.0	0.0	0.0	0.0	0.0	0.0	0.0	0.0	0.0	0.0	0.0	0.0	0.0	0.0	0.0	0.0	0.0	0.0	0.0	0.0	0.0	0.0	0.0	0.0	0.0	0.0	0.0	0.0	0.0	0.0	0.0	0.0	0.0	0.0	0.0	0.0	0.0	0.0	0.0	0.0	0.0	0.0	0.0	0.0	0.0	0.0	-0.006028039451626043	0.001655651585170575	0.007832066880556923	-0.00031780960801450295	0.00906493880292978	-0.004834987868995026	0.003720896745895379	-0.008097244291087706	-0.0004081255410682766	0.00020696458076113538	-0.0019434999356079431	0.0016262050968144422	-2.2466590757568147e-05	0.0012449861392304742	-0.003262155130677549	0.002244596251307559	0.002950915625579384	-0.005589955728678734	0.001516831298154947	0.008510613205705796	bear
2004-03-31	-0.008381720899422261	-0.004424758325303518	0.005689062289901561	-0.0008801888899909209	0.001734463992836957	0.003284898213747343	-0.004032323075819289	0.012144121996549908	-0.004709335482400493	-0.010989096133926651	-0.009371833218150768	0.009568235976772452	-0.002643519729602582	-0.006040090142747909	0.003637850045908114	-0.0031475269537693615	-0.003112391283750936	0.020013312683383636	-0.0007537853637047892	-0.01336360272592756	0.006814215100788972	-0.007686418887748131	-0.012531440327201543	-0.005687740298392681	0.0014986023921617266	-0.02139434466024268	0.006640302087392742	0.009438072373733158	-0.007820898629788655	-0.005198169659213311	-0.0019926733829223075	0.0010043853825531654	0.003269983638013887	0.010930192297986018	0.014469118923262	-0.004482111724270331	-0.002432139066686419	-0.014366295117998074	0.004672978872677876	0.023634777447421432	-3.100350960042004e-05	0.011536174040678488	0.010973769331439101	0.0007928915820295386	0.0036735846904605777	-0.002286157619500257	-0.005160313770244296	-0.01185850729352545	0.007378527025069444	0.003710119340747977	-0.007263327664578583	-0.00994680710540061	-0.03050953280093863	0.0106077391406913	0.0037343735963469237	0.010944933861920912	0.007368198180344482	-0.012260372550364301	-0.0009252772383988389	-0.03333975671279498	0.00141739051460168	0.012699939062371433	-0.00036107355753191815	0.004926203041800955	-0.007900982747176323	-0.010999028810859453	-0.004684362704335851	0.012595741366570268	0.014163732211273782	0.009086313692392788	0.0037923274426962536	0.0023541378537595852	0.001909847499768164	-0.003509829860339674	-0.002541840965209996	0.01549547444163906	0.03209002409813047	0.00685067958638298	0.020240018957538373	0.008407470255921756	0.0025	0.0018035714285714287	0.0011071428571428573	0.0004107142857142855	-0.00028571428571428584	-0.0009821428571428572	-0.0016785714285714292	-0.002375	0.0	0.0	0.0	0.0	0.0	0.0	0.0	0.0	0.0	0.0	0.0	0.0	0.0	0.0	0.0	0.0	0.0	0.0	0.0	0.0	0.0	0.0	0.0	0.0	0.0	0.0	0.0	0.0	0.0	0.0	0.0	0.0	0.0	0.0	0.0	0.0	0.0	0.0	0.0	0.0	0.0	0.0	0.0	0.0	0.0	0.0	0.0	0.0	0.0	0.0	0.0	0.0	0.0	0.0	0.0	0.0	0.0	0.0	0.0	0.0	0.0	0.0	0.0	0.0	0.0	0.0	0.0	0.0	0.0	0.0	0.0	0.0	-0.0008582597878337463	0.000675897613149669	-0.006188463458916148	-0.00147570376794687	0.005926327645342833	-0.0032764466840342244	0.005265681181641241	0.0023929850467937263	-0.0010566396303808398	-0.004621026739918102	0.005884073581407411	0.010051960726421394	0.0021181797534321964	-0.00975884957358952	-0.0037026118159097722	0.0032420936136703035	0.005111707450237606	-0.004608793557162489	0.0018488447096666706	-0.0031277598547124986	bear
2004-04-30	0.0015493362638238405	-0.005807957773226548	-0.010363724257273249	-0.004908542272995175	0.005794470200409323	-0.027928648908244584	-0.0018685326505068255	-0.020290000860686386	-0.010441601848669652	0.007856198991752206	0.005272150579231939	-0.009644885798420348	-0.006685247938445067	0.015720071886502197	-0.01596407927624047	-4.079785924010407e-05	0.007752412444740664	0.005654052521443808	0.00647703050792295	-0.010325824980092603	0.0012206473613549417	-0.011586149821082905	-0.019556493576944306	-0.012869411256883475	-0.005644646328082457	0.024368080960273767	-0.01355250989008352	0.0028556725821283387	0.016261039175054316	0.00332117385064457	0.013382526598229852	-0.002294258477072285	-0.0012097608280758792	0.0361657300453935	0.012167075584078228	-0.0062586501095164854	0.017589493053801454	0.00897541642453604	0.0043905940372868145	-0.00969409512244724	0.0031783094469655404	0.015858356379447294	0.0015591056347786143	-0.00014453591298414797	-0.002189796430178459	0.018245609845452943	0.009545938856343545	0.02334629926977975	-0.0018199972510671218	-0.029368064286427242	0.002979599332652925	0.009073526147006121	0.023216543255976312	0.00159582709940958	-0.014075631649009782	0.007174828906960356	0.00850819156033555	-0.02052634009514296	0.013142529275918195	0.006658466052416194	0.02445619475302596	0.030837148809981826	0.0018261841796513173	-0.010176655037204763	0.0016883076056314643	-0.0025910249930426637	-0.013091006772928265	0.014544949337782052	0.02108322104834939	-0.014934108995137403	0.005190432491883387	-0.01588868224509523	-0.013633810214931309	0.014441484450751961	-0.02012273377541399	0.00047243034124860834	0.00337000734223757	-0.006184743637617003	0.0044085229233874505	0.0007605198325259605	0.0025	0.0018035714285714287	0.0011071428571428573	0.0004107142857142855	-0.00028571428571428584	-0.0009821428571428572	-0.0016785714285714292	-0.002375	0.0	0.0	0.0	0.0	0.0	0.0	0.0	0.0	0.0	0.0	0.0	0.0	0.0	0.0	0.0	0.0	0.0	0.0	0.0	0.0	0.0	0.0	0.0	0.0	0.0	0.0	0.0	0.0	0.0	0.0	0.0	0.0	0.0	0.0	0.0	0.0	0.0	0.0	0.0	0.0	0.0	0.0	0.0	0.0	0.0	0.0	0.0	0.0	0.0	0.0	0.0	0.0	0.0	0.0	0.0	0.0	0.0	0.0	0.0	0.0	0.0	0.0	0.0	0.0	0.0	0.0	0.0	0.0	0.0	0.0	0.0	0.0	0.0061931016093710375	-0.006609631363212571	0.0009378525847740512	-0.0006077805993637671	-0.011263874909236872	0.004942587422961402	0.007330685722214413	-0.005106551881361881	0.001096173233630805	0.0007268700264681607	0.008563471474498317	-0.001764152752839822	0.00112658778206255	-0.0012948358602466632	0.002278162307278853	-0.0004178653476263122	0.0008220719240339562	0.009204528477991851	-0.011629861769676208	0.0032435449314607966	bear
2004-05-31	-0.0024362512745960334	0.0022951330744947506	0.010376929865491507	0.0064470644491235116	-0.004098901303331693	0.005385176889003886	-0.0029355188694518107	0.00671560077635735	-0.0034341270409582927	0.006060363744369638	-0.01139301112152139	0.001375475897906235	0.010128233584634976	-0.004358960640110037	-0.02031376077192188	-0.021841068923807546	0.006948022525073444	0.012831994692913818	0.01534411092380987	-0.013760863123660332	0.012642845996100455	0.008079754417782865	-0.01584297151834714	0.018908621261014343	0.0021244347440872533	-0.010040302538027977	-0.009040823837095804	-0.0051958304030835685	-0.005402951691144157	0.006006611518463396	0.0011686720302797775	-0.010467947218619926	-0.003118307507500583	-0.013884514092529941	0.010389073728974213	0.004576472333803109	0.005185744130804323	-0.002773683848364603	0.025618794936008642	-0.0075053282139198275	0.0010950412754417676	-0.011841435600556742	0.007559125103698966	0.010896575097871992	0.006902729369305786	0.007513253524068813	0.0029526112303246616	-0.009014928451597034	-0.009072556703158948	0.016426000705882966	0.006470751771482732	0.00763676893262218	0.002711926778269052	0.027382365989778796	-0.010730112197769355	-0.0075931521789775755	0.019363030995468305	0.0048405336714169404	-0.005842901794936648	0.005244633413083111	0.008803641574198726	-0.02470041486061937	0.017838598359848298	0.007248807029527263	-0.015083659294264492	-0.024456914098370863	-0.011886346775398236	-0.0021519853962276825	0.016040177370169387	-0.012813966361335718	-0.005189340007720475	-0.013776316064949602	0.018176449150331352	-0.02609420981181018	-0.009399110117952348	0.016426581184262816	0.013057035571394046	0.0063275447751081175	-0.015311646512242764	-0.0006912380877855912	0.0025	0.0018035714285714287	0.0011071428571428573	0.0004107142857142855	-0.00028571428571428584	-0.0009821428571428572	-0.0016785714285714292	-0.002375	0.0	0.0	0.0	0.0	0.0	0.0	0.0	0.0	0.0	0.0	0.0	0.0	0.0	0.0	0.0	0.0	0.0	0.0	0.0	0.0	0.0	0.0	0.0	0.0	0.0	0.0	0.0	0.0	0.0	0.0	0.0	0.0	0.0	0.0	0.0	0.0	0.0	0.0	0.0	0.0	0.0	0.0	0.0	0.0	0.0	0.0	0.0	0.0	0.0	0.0	0.0	0.0	0.0	0.0	0.0	0.0	0.0	0.0	0.0	0.0	0.0	0.0	0.0	0.0	0.0	0.0	0.0	0.0	0.0	0.0	0.0	0.0	-0.0018149930290521138	0.0008717829469781766	0.007099581504413782	-0.0033976326350724723	-0.005679826209840394	0.01086025535034969	0.008708212013086882	-0.021431617822682863	-0.0029079894961012587	-0.006838429379781315	-0.006895860869398308	0.0089295280999946	0.0016969338878751164	-0.00016245903572358782	-0.0004206528109452002	0.002602652790997911	0.008249146860166966	-0.006086396006622083	-0.004033941924693179	0.00011049416710103227	bear
2004-06-30	-0.008864318348315041	-0.013706852401403496	-0.010178143174188617	0.01651265460199763	0.013378926047833709	-0.021484571643662048	0.03221757158281868	0.003985784989212367	-0.0023393439640410547	0.012891089817472381	-0.0012043163658256506	-0.025360499352388842	0.008663950247669017	-0.018445119111448426	0.003163822635253444	-0.014350755413603023	-0.009806913478082125	0.013166301209603715	-0.0029559749383918444	-0.0014732995378195642	0.0010688665128056366	0.006665212657803584	0.0036585625691373603	-0.006442693705479152	0.016490970564478097	-0.000734506813783625	0.0021359085855157116	0.002636289541491963	-0.006890894836069806	0.006769187784360494	-0.0006747519561890367	-0.019431161222127055	0.01855417871406012	-0.0023878158874106725	-0.005116683323024634	0.004249848857333064	-0.00859169473402388	0.0036894101291743385	0.018898776256946928	0.015408697545813829	0.012771974879351495	0.006605563802217145	0.0033737204192240623	-0.01448179188038391	0.025724159281302204	0.014034843831472918	0.012506049885003702	0.010908974757863642	0.017125851915320036	0.015109003746573898	-0.02352953081883288	0.009206309344169774	0.002193255913248188	-0.009759549386177306	-0.0027099865751540166	0.0011982391535803854	-0.014653607457562851	0.008786145744469868	-0.02148253628174929	-0.0024962614863878897	-0.0036851095922314386	-0.007728667446979262	-0.008105721168953146	-0.0118144347616857	-0.007225025121725838	0.0010625412102603427	-0.015524730143472764	0.00761981476433265	-0.010241429657574273	-0.01993592780891464	-0.015193919117398936	0.005243952190121978	0.0003927225339460873	-0.007876901295173629	-0.010645216305808159	0.01718672878902822	-0.00958634938131895	0.0012325704845401895	0.014163985649298466	0.011919659887322562	0.0025	0.0018035714285714287	0.0011071428571428573	0.0004107142857142855	-0.00028571428571428584	-0.0009821428571428572	-0.0016785714285714292	-0.002375	0.0	0.0	0.0	0.0	0.0	0.0	0.0	0.0	0.0	0.0	0.0	0.0	0.0	0.0	0.0	0.0	0.0	0.0	0.0	0.0	0.0	0.0	0.0	0.0	0.0	0.0	0.0	0.0	0.0	0.0	0.0	0.0	0.0	0.0	0.0	0.0	0.0	0.0	0.0	0.0	0.0	0.0	0.0	0.0	0.0	0.0	0.0	0.0	0.0	0.0	0.0	0.0	0.0	0.0	0.0	0.0	0.0	0.0	0.0	0.0	0.0	0.0	0.0	0.0	0.0	0.0	0.0	0.0	0.0	0.0	0.0	0.0	-0.008631800837611545	-0.015376411500280135	0.013141582878288973	-0.004643454558183437	0.01047170862414687	0.01349469558119633	-0.009587116930567158	-0.002720523193742109	-0.005412621039937894	0.008244393918316885	-0.010192504082247587	-0.0025443603609203043	-0.006894661746490046	-0.007435807405339931	-0.00043801346837490625	-0.005764568495014076	0.000718113853730511	0.007271630592248781	0.0019031231023100147	0.002561011757292262	bear
2004-07-31	0.0011233828843271552	0.014795603991040225	-0.0016818050738580358	-0.01095192374355009	-0.01713388079499748	-0.014785450782156954	-0.00650779006002889	-0.007869556952097387	-0.0249117633853884	-0.028209534340376218	0.016726067068505088	-0.006270791308926252	-0.005030183427864206	-0.010639503330144982	-0.033635479815298	0.01945779960124336	-0.016780441132164294	0.0008478887538915118	0.0005841201116286254	0.009666885890010718	0.014773751481516263	0.02234712346875972	0.025923781304879337	-0.008415214579964284	0.0013293519318788103	-0.007851259846339815	0.0001466069184974719	-0.01037763300858174	0.0015930176863860664	0.004390856618883834	0.005941500154130605	-0.005849913584408014	0.006398994263907626	-0.01930496105163715	0.008638620310629449	0.002445831989963783	0.00883140568510306	-0.00852017120569618	0.013791717060590875	0.008909176084323752	0.005480921262454108	-0.011386582339924324	-0.010060446051977779	-0.0013158183588824735	-0.0166570202726497	0.01841108798354302	0.00028021519142564703	0.022785871710000523	0.019762463555851328	-0.019739391107718093	-0.017109840926645126	-0.014425274826391917	0.0037179244829689453	-0.007155430465034673	-0.004155910225514657	0.017006213183312156	0.006911609351651124	0.013254868872169938	0.0036909106903467836	-0.006347610823975779	0.010577440251537848	0.014337707858113724	0.00615914919944492	0.00805341488900167	0.01226511111440303	0.0007807503773255785	0.010199627842777935	0.0036445105635317136	0.00236323598657528	0.00890344918093489	0.004189447085420428	-0.005706012313377747	0.006138958445866186	-0.0074382768082593585	0.021392529573203027	-0.002624616954468921	-0.009084498823606907	0.020147597244175034	-0.002182999320237621	-0.015406147369099862	0.0025	0.0018035714285714287	0.0011071428571428573	0.0004107142857142855	-0.00028571428571428584	-0.0009821428571428572	-0.0016785714285714292	-0.002375	0.0	0.0	0.0	0.0	0.0	0.0	0.0	0.0	0.0	0.0	0.0	0.0	0.0	0.0	0.0	0.0	0.0	0.0	0.0	0.0	0.0	0.0	0.0	0.0	0.0	0.0	0.0	0.0	0.0	0.0	0.0	0.0	0.0	0.0	0.0	0.0	0.0	0.0	0.0	0.0	0.0	0.0	0.0	0.0	0.0	0.0	0.0	0.0	0.0	0.0	0.0	0.0	0.0	0.0	0.0	0.0	0.0	0.0	0.0	0.0	0.0	0.0	0.0	0.0	0.0	0.0	0.0	0.0	0.0	0.0	0.0	0.0	-0.008538783728557816	0.0050015102665651595	0.0032669337172038858	-0.00017738255886034582	0.00315517596211273	0.0009705021045662114	0.006098930228695934	0.0003921884043679839	-0.0028032099800583336	-0.003642964148485972	-0.001393273609448821	-0.008286861800408276	-0.006042800545049405	-0.010166451705456036	-0.006960187011338713	0.007095590846992037	-0.004097706490615124	-0.0054340661897225775	-0.0007867865877396287	0.0021274669587536274	bear
2004-08-31	0.014871293447820516	-0.02514984534465688	0.00022337727878493803	-0.022092109059403738	0.007205117355096988	-0.002385030133078337	-0.00741697187932099	-0.011746851976704154	-0.007956125109464755	0.015297472231468344	0.012730552831783589	-0.008671369302628452	-0.022575153780757414	0.014615325536336593	-0.008403591585997796	0.01770759827634292	-0.0051514037346322575	0.01945282407105555	0.012726964214937376	-0.0007630003041270244	-0.005939204982568933	-0.008257873213872504	0.013167617743135403	-0.008299103508532395	-0.00077322005529667	-0.016005914120187315	-0.004268766504565819	0.0024273912996735907	0.009168881806648132	0.011572020859657932	0.018943095464141985	0.01203661969280035	-0.013405346456805323	0.022790815714312514	0.02411981215402296	0.0052044122729342284	-0.030224793259183324	0.005482882056906713	-0.007489568937110281	0.0051668672093656935	0.004728901406636623	0.008502044782201713	0.015692834077227245	-0.024494983533701407	-0.004829292788364115	-0.0039576653068009865	-0.017602168103442253	0.009468299862530295	-0.00399227317203734	0.023443463650698392	0.02531936432951505	-0.012052699089423987	-0.0033254756094308604	-0.009037684206674048	0.007385573529476546	-0.001305006748920007	0.020985441507829966	0.006902848847898943	-0.008921789160765425	0.008188365368144029	0.024583909189231735	0.010815288439240385	-0.007194642022872866	0.005187642014833903	-0.021843079664978064	-0.017354790317066594	0.01190941626861225	0.007932528232611959	-0.01830927082754277	-0.013540278201937896	0.001839581603361181	0.00013899266548004002	0.009768861353928099	0.00715711643019544	-0.010150479303263188	0.015296267085084457	0.003495511761846142	0.004556812276296946	0.011769340471641559	-0.013847757526125857	0.0025	0.0018035714285714287	0.0011071428571428573	0.0004107142857142855	-0.00028571428571428584	-0.0009821428571428572	-0.0016785714285714292	-0.002375	0.0	0.0	0.0	0.0	0.0	0.0	0.0	0.0	0.0	0.0	0.0	0.0	0.0	0.0	0.0	0.0	0.0	0.0	0.0	0.0	0.0	0.0	0.0	0.0	0.0	0.0	0.0	0.0	0.0	0.0	0.0	0.0	0.0	0.0	0.0	0.0	0.0	0.0	0.0	0.0	0.0	0.0	0.0	0.0	0.0	0.0	0.0	0.0	0.0	0.0	0.0	0.0	0.0	0.0	0.0	0.0	0.0	0.0	0.0	0.0	0.0	0.0	0.0	0.0	0.0	0.0	0.0	0.0	0.0	0.0	0.0	0.0	-0.0035009752818622817	-0.012196163493344712	0.008443801249961542	-0.016242174463060033	0.001493845429943947	-0.0029401772037991264	-0.0056612090088675165	-0.009559009727814106	0.006025287900509916	0.010968169451307453	0.003886125945478847	-0.009032133415722905	-0.0028408889142817507	-0.0009314558877325896	0.005556141500941073	0.006373027808589807	-0.001093877054481508	0.00047079438734885164	-0.006624200515170389	0.0034055955331020035	bear
2004-09-30	-0.006164748019633801	-0.0060876269393179815	-0.017774485607753816	0.00750097265643607	-0.008483782037727736	-0.011219201524416762	-0.01972470110437793	0.00016775541516627235	-0.004654615934240256	0.002126382657759244	-0.00450226059525158	-0.008443790521332928	0.005420993957244145	-0.01127170356944667	-0.009845801906624119	-0.014835039099782238	0.014301158954827206	-0.015353873529497962	-0.00423501689248216	-0.006589648156634607	-0.006997344457311322	-0.0160578603448586	0.005326316915772302	0.01168129068306914	-0.0032080517103774213	-0.01870746909603009	-0.002834067973095826	-0.011992826786272217	0.005825817615386095	0.006176342282353525	0.0034916737157877167	0.001982386518827359	0.017908942959281113	-0.011534780830252315	0.017246567645211108	-0.012479370326030992	0.006485040399124106	0.009984771204878477	0.0026673890012315665	-0.001159344877196386	0.01422047622150404	0.0019899955429114793	-0.0018182302043364608	0.0018058921427989542	0.004575726020734335	-0.024372240450920048	-0.002562973009645233	-0.0006459012551826666	-0.008502099795242865	0.01709932386869876	-0.014730744664285953	0.0010289360349243332	0.006451106534360473	0.019625843807953906	0.008393728910099716	0.0034721557780136372	0.013348271390174747	0.0010244002464743886	-0.005707641986512741	-0.02837478987380264	0.01626372245040285	-0.002352179425881368	0.012711443117615807	-0.0037727678174083747	0.00793899113138202	-0.019285619049974608	-0.013364053449751246	0.006582551603650056	0.003662572119431549	0.008189099818209351	0.007825061974851956	0.040245521641404526	0.00226739320944596	-0.0010947412062124937	-0.012757996427703493	0.005682396115133849	0.0017913083049315897	-0.010297686232590914	0.012268482220959548	0.00603017600816045	0.0025	0.0018035714285714287	0.0011071428571428573	0.0004107142857142855	-0.00028571428571428584	-0.0009821428571428572	-0.0016785714285714292	-0.002375	0.0	0.0	0.0	0.0	0.0	0.0	0.0	0.0	0.0	0.0	0.0	0.0	0.0	0.0	0.0	0.0	0.0	0.0	0.0	0.0	0.0	0.0	0.0	0.0	0.0	0.0	0.0	0.0	0.0	0.0	0.0	0.0	0.0	0.0	0.0	0.0	0.0	0.0	0.0	0.0	0.0	0.0	0.0	0.0	0.0	0.0	0.0	0.0	0.0	0.0	0.0	0.0	0.0	0.0	0.0	0.0	0.0	0.0	0.0	0.0	0.0	0.0	0.0	0.0	0.0	0.0	0.0	0.0	0.0	0.0	0.0	0.0	-0.004132968308070601	-0.0018934217235107818	-0.007831786774099327	0.009039097202063124	-0.009795503875160882	0.007593924547971212	-0.00667350781197263	0.0017996602630054239	0.010001089651021765	0.015111857264463539	0.001500732280263245	-0.0054185822250383845	0.011167288231225814	0.001498399019766268	0.009490040899293794	-0.0008500404561597465	-0.0003060605451620831	0.00029811532617660217	-0.0038171578438473673	0.0024158009254779873	bear
2004-10-31	-0.006475169129192769	-0.003004666440964158	0.001514798624850496	-0.00015141010888314376	0.010482945182808026	-0.0075875350329980724	0.016452339497939977	0.009151527536490161	0.019176569480383796	-0.008793693505711296	-0.004435244651662792	-0.0016992002530365124	0.004039791276796149	0.004322933686627214	-0.010844559326406381	0.023156236933945827	0.004969168608140432	-0.0024713008689629078	0.008013717594709532	-0.002307188391724688	0.01662804487989299	-0.012657746705506689	-0.009601420053771877	-0.0014014851119045562	0.0022799557026056128	0.016689078190489957	-0.023933236753421835	0.009818445330854813	0.003249899304532922	-0.01712786129196947	-0.018449974732054675	0.00035114602097512934	-0.01098654994628175	0.005527023049682138	0.002969396860946669	0.004881030597438045	-0.008313900723758597	0.018217994104374108	0.004290441433118773	-0.012620371178042222	-0.008254150731632404	0.0025967461329488573	0.003661999468948305	-0.016993559881366572	-0.003567356657193017	-0.0036602159612244933	-0.005618915761934614	-0.0028089742987218685	-0.004506996595083392	0.00565345297393893	-0.002368918937027999	-0.004703058738168866	-0.01694565054182793	0.0037366820736354786	-0.008138328799246152	0.002170530119764034	-0.005184807598427203	0.005645459124379387	0.01362855873074032	0.01008528450822576	0.019245724565349877	0.010056761611085152	0.012676633060918324	-0.00778647732104381	-0.008902773351397475	0.0016181787967286026	0.008878944731584206	-0.010236491753891777	0.020055651417273442	0.000146188616364568	-0.011198156325402315	0.009674866037486582	-0.001865009824109534	-0.013597730710968663	0.015894254778205393	-0.010507191944791822	0.005225400843891663	0.0019265661914291768	0.0058812559229657405	0.00020346654856267114	0.0025	0.0018035714285714287	0.0011071428571428573	0.0004107142857142855	-0.00028571428571428584	-0.0009821428571428572	-0.0016785714285714292	-0.002375	0.0	0.0	0.0	0.0	0.0	0.0	0.0	0.0	0.0	0.0	0.0	0.0	0.0	0.0	0.0	0.0	0.0	0.0	0.0	0.0	0.0	0.0	0.0	0.0	0.0	0.0	0.0	0.0	0.0	0.0	0.0	0.0	0.0	0.0	0.0	0.0	0.0	0.0	0.0	0.0	0.0	0.0	0.0	0.0	0.0	0.0	0.0	0.0	0.0	0.0	0.0	0.0	0.0	0.0	0.0	0.0	0.0	0.0	0.0	0.0	0.0	0.0	0.0	0.0	0.0	0.0	0.0	0.0	0.0	0.0	0.0	0.0	0.0010850362836622792	-0.011134575539399224	-0.004265963222605363	0.00991532620422903	-0.0045159924704670455	0.0042997024309686955	-0.005882252463072694	-0.002375638019044117	0.012094773940288168	-0.0026142954388808067	0.006999787861138182	0.005123293288483659	0.006626546178737188	0.012336046583659964	0.009237099349726267	-0.0028234120517753817	-0.002467194505609244	-7.745535534971871e-05	-0.0032524060828296865	5.7546811687150335e-05	bear
2004-11-30	0.015586830800966948	0.01783770243921667	-0.0019624869839730366	0.0019921805072730227	0.0005296779432602038	-0.013542127547379167	-0.024112969972166966	-0.010174220588250583	-0.0012109684243256295	-0.0028035495982853867	-0.002012608215333357	0.030568334706054027	-0.0017628806233978705	0.021276372556344472	-0.011045622521274081	-0.008776447069386314	0.018650887069985606	0.0032913893649798172	0.020912141842011872	0.0070879353187226065	-0.007914822063910877	-0.0028661542698332106	0.0014436217799933513	-0.0024056933374496997	0.010356417917215067	0.01512925264804439	0.02130496628901896	0.016245333666253754	0.003487567853331637	-0.016482441447792484	0.00788633032177579	-0.0050591055058228935	0.0051310411414498425	0.009788387312184293	-0.0005506999340611419	-0.0016938888503788083	0.0019202235554418294	0.017410536536172527	0.010567090847195986	0.008171364304939326	-0.0010017268419064405	0.010400123770205565	-0.014882168364026708	-0.0015383942485410564	-0.012569362772146472	0.005568482049688831	-0.0008298236367875872	0.018359826422847378	-0.0025109616957939788	0.007801731947047889	-0.004029586538805189	-9.067435534860596e-05	-0.0030184550206344652	0.01912017082375632	-0.017962772551412334	0.015733847132270145	0.017298414645302615	-0.00745400562059398	0.002842036037131562	0.001910467158521655	-0.012785104599532669	-0.009967996661546843	0.0027678150465397728	-0.012306777050036669	0.0023601046978876743	0.024632960661589376	0.011408824894035175	-0.015232311086651894	0.014317201296905776	-0.034968865553780114	0.03050285193949738	0.013427297728955992	0.006945830488319318	0.008646588273891522	0.007406288668747086	-5.0397663928801116e-05	0.019612627678469954	0.02611202525324718	0.007879376433784155	0.007400696960304799	0.0025	0.0018035714285714287	0.0011071428571428573	0.0004107142857142855	-0.00028571428571428584	-0.0009821428571428572	-0.0016785714285714292	-0.002375	0.0	0.0	0.0	0.0	0.0	0.0	0.0	0.0	0.0	0.0	0.0	0.0	0.0	0.0	0.0	0.0	0.0	0.0	0.0	0.0	0.0	0.0	0.0	0.0	0.0	0.0	0.0	0.0	0.0	0.0	0.0	0.0	0.0	0.0	0.0	0.0	0.0	0.0	0.0	0.0	0.0	0.0	0.0	0.0	0.0	0.0	0.0	0.0	0.0	0.0	0.0	0.0	0.0	0.0	0.0	0.0	0.0	0.0	0.0	0.0	0.0	0.0	0.0	0.0	0.0	0.0	0.0	0.0	0.0	0.0	0.0	0.0	0.00553034406147395	-0.010194437042267322	-0.0032439984352167764	-0.0032512925280505194	-0.0032177151326544026	0.005433765385784068	-0.004689251474156478	-0.00502854178953225	-0.0031212726930505263	-0.007515831676945636	0.00252548213081921	0.006445856863710673	0.005561058315314444	0.0028751628813014265	0.007029844864231174	-0.0019749206165609427	5.000042508068774e-05	0.008431591563374191	0.0006927391783313707	-0.0011485385087824063	bear
2004-12-31	-0.0015767035149121676	-0.007108361028229905	0.012283212337645238	-0.003494855529423318	0.0017440563380430162	-0.008504160263193334	0.003125356201427242	-0.007453988416674518	0.006612562861333021	0.018981736777789627	0.021128903769550945	-0.028513158966739987	-0.0005131031433629191	0.01186230438758079	-0.015093381679439778	-0.0037333242371973066	0.009281604610620754	0.01575215769443974	-0.01295693781621814	-0.005926827749353895	0.010305871883859933	-0.01674310443574065	0.009430416964600775	-0.0064618539888026474	0.008803404710584616	-0.0016101923805897965	-0.02917443856864702	-0.008280352623493897	-0.013570647701293723	0.018015687202053928	-0.010873121073033822	-0.014888609636517057	0.015897713247724692	0.009500542580226905	0.0059123088677461326	0.013164934156058643	-0.006966729088757807	-0.022325508101059786	0.0148348471524074	0.007306847384337523	-0.003691507524799809	-0.01364773696370722	-0.014691255120758058	-0.00020913980760433527	0.010429868199776988	0.0014784177526960365	0.004094261718380903	0.004349441264409316	-0.01238991780141124	-0.005184903505563547	0.022517766330882084	0.018001309983653586	-0.018709539195067258	0.007469637366692377	0.013871120503133291	0.0029788443166340623	-0.009281591801716432	-0.006621018842588199	0.011801445810549064	-0.004815283233432732	0.0003969401056595365	-0.005595260305505956	0.0004542659514711435	0.012146506457927274	-0.012548258353012204	0.004292280816585805	-0.011596825237645292	-0.026870914799510703	-0.01859570576576809	0.03526652141524515	-0.0016472638359529845	-0.0018667343640407603	0.008165214575794269	-0.010572913603562889	-0.008980421429375373	0.018435080000848075	0.01942592578140348	-0.008213150793943115	0.006417560670674378	-0.0078267624086208	0.0025	0.0018035714285714287	0.0011071428571428573	0.0004107142857142855	-0.00028571428571428584	-0.0009821428571428572	-0.0016785714285714292	-0.002375	0.0	0.0	0.0	0.0	0.0	0.0	0.0	0.0	0.0	0.0	0.0	0.0	0.0	0.0	0.0	0.0	0.0	0.0	0.0	0.0	0.0	0.0	0.0	0.0	0.0	0.0	0.0	0.0	0.0	0.0	0.0	0.0	0.0	0.0	0.0	0.0	0.0	0.0	0.0	0.0	0.0	0.0	0.0	0.0	0.0	0.0	0.0	0.0	0.0	0.0	0.0	0.0	0.0	0.0	0.0	0.0	0.0	0.0	0.0	0.0	0.0	0.0	0.0	0.0	0.0	0.0	0.0	0.0	0.0	0.0	0.0	0.0	-0.0009933230442694169	-0.006547965974878308	0.0014355966063549685	0.009146616564137794	0.0038656485748939833	0.008874818654387313	-0.0007193997745314694	0.011332352507846451	-0.007586620659652475	-0.00024376185890273463	0.007518818130607389	-0.0025220606972439323	0.006305810527419987	-0.0014901037504966494	0.005274945984540149	0.01607702043046944	0.008127279102981388	0.004169584457020923	0.0005006916901521049	0.004126410025417306	bear
2005-01-31	0.00726410330321269	-0.01110128715174377	0.004322561845805978	-0.005632384162990816	0.017784133641253287	-0.0077995195550495805	0.013004709070063404	0.0142002398424347	0.009473781669508656	-0.007909280290781107	0.022574428797508057	0.007493387927711623	-0.004220264973308009	-0.01628029855296195	0.010069414626419766	-0.0049408248020512986	0.005525965247490537	0.010069090919380916	0.02090924442428865	-0.013200071114751443	-0.005103211133539137	-0.0003375844498091713	-0.013231450517600968	0.017803893565908786	-0.0008393099873755192	0.004983645873036087	-0.002035799854828317	0.012166555649274276	-0.0074556734032790685	-0.006239358835330684	0.004992031964744144	-0.007877679213535174	-0.021550231966410975	-0.006567945191254305	4.8305906353030773e-05	-0.0015751264761366072	-0.012324471726333863	-0.03058100185226077	-0.00014654919186272598	0.00511220765985357	0.005423899507483418	0.014339526894170784	-0.012967200611057215	0.0049883916017082605	-0.0021935823555984213	0.01487146452456171	0.004478556137095495	0.003827480748517162	0.001124035205143547	0.00637690892069818	0.0063378109774937744	0.023887821775513837	-0.00026505959035022763	-0.003074611115513011	-0.009744030181441678	-0.00279409721024379	-0.0016543627348057594	-0.009525399586220092	-0.00396369486136073	-0.01611081789163229	0.013493911807968259	-0.004031656302234129	-0.010387261067533337	0.01802914167006044	0.01619671045393965	0.009795784874745275	0.016291418122170647	-0.006144870646434726	0.0003237744019856773	0.011706516609803649	-0.02204899469974645	0.015665301850468667	0.014571196368989065	-0.007931852879090354	0.00500476858018032	0.01124363222369993	0.011721145541882359	0.005801635685065508	0.011547130892601603	-0.026691952209967267	0.0025	0.0018035714285714287	0.0011071428571428573	0.0004107142857142855	-0.00028571428571428584	-0.0009821428571428572	-0.0016785714285714292	-0.002375	0.0	0.0	0.0	0.0	0.0	0.0	0.0	0.0	0.0	0.0	0.0	0.0	0.0	0.0	0.0	0.0	0.0	0.0	0.0	0.0	0.0	0.0	0.0	0.0	0.0	0.0	0.0	0.0	0.0	0.0	0.0	0.0	0.0	0.0	0.0	0.0	0.0	0.0	0.0	0.0	0.0	0.0	0.0	0.0	0.0	0.0	0.0	0.0	0.0	0.0	0.0	0.0	0.0	0.0	0.0	0.0	0.0	0.0	0.0	0.0	0.0	0.0	0.0	0.0	0.0	0.0	0.0	0.0	0.0	0.0	0.0	0.0	-0.008079919162782783	-0.0032967611980019356	0.003499688284052013	0.0017060866447121837	-0.004595791497778314	0.0020458500210743698	0.00017439581273945775	-0.0007976242154681488	0.004597543180367222	0.009450517163880647	0.00170160432699961	-0.006388958714683351	0.0007042024965254289	-0.009586200685954832	0.0014810951656844223	0.0066158015670962165	-0.0019041712863813432	0.0008240217811216284	0.0015056494449084104	-0.002713273192791252	bear
2005-02-28	-0.00406277436173335	-0.0257954858809067	-0.00029052720194257427	-0.00234219830686514	-0.010512281656537281	0.014789481612760546	-0.009258669569154722	-0.0114437227204972	0.01747309584354385	0.0013612900896743433	0.006611672342594616	-0.001021054780147775	-0.02825411925544618	0.011326368885190919	-0.01265394461594715	-0.0077418037278781755	-0.0004516825797998112	-0.0029513741887813956	0.003751199800188183	-0.009529735053311696	0.004932781470692038	-0.008861234536833946	-0.013811855276320121	0.0033285218696697543	0.00813505813609698	0.00607531229864047	-0.008169507056201968	-0.012732356178479464	0.013887550890028294	0.0007926388118940871	-0.021068492855304655	-0.005180306138925461	-0.008872422031158341	-0.0056550737877486545	-0.009879084960818183	-0.008383759095855169	0.00193903937113869	-0.02218692298394476	0.008520686466683882	-0.021576257689963466	0.026152669366834264	0.010025850115315102	0.0023879724792328044	0.0072166792233878735	0.010898499232457528	-0.011724369785773594	-0.003922900433391469	-0.01389845829099499	-0.006698226844414053	0.004155123414497552	0.007931648677962066	0.008755210576831002	-0.024439011038377034	-0.013825875065932745	0.012027061862486265	0.02471896939040837	0.005536663644717867	-0.018032232744922685	-0.002120683267676484	-0.004545232078539412	0.008924589233420968	0.010328002565645557	0.014279478243214577	0.002267658866180984	0.00626156075261857	-0.009350141664545062	-0.004924733563314104	-0.010590759761225772	0.010454068285115876	0.009029310050619514	-0.0038728835235084373	-0.00047188784825894994	0.005620701089553998	0.011098494603343775	0.0007382087607288205	0.004235241201136819	0.004526547274009251	-0.012351689128730954	-0.003530526458169602	-0.013105930797104363	0.0025	0.0018035714285714287	0.0011071428571428573	0.0004107142857142855	-0.00028571428571428584	-0.0009821428571428572	-0.0016785714285714292	-0.002375	0.0	0.0	0.0	0.0	0.0	0.0	0.0	0.0	0.0	0.0	0.0	0.0	0.0	0.0	0.0	0.0	0.0	0.0	0.0	0.0	0.0	0.0	0.0	0.0	0.0	0.0	0.0	0.0	0.0	0.0	0.0	0.0	0.0	0.0	0.0	0.0	0.0	0.0	0.0	0.0	0.0	0.0	0.0	0.0	0.0	0.0	0.0	0.0	0.0	0.0	0.0	0.0	0.0	0.0	0.0	0.0	0.0	0.0	0.0	0.0	0.0	0.0	0.0	0.0	0.0	0.0	0.0	0.0	0.0	0.0	0.0	0.0	0.0046063772929213825	-0.010105359459639193	-0.0007168410954168608	0.00126696269533084	-0.00025070688770184894	-0.007972467328953067	0.0022967986499699425	0.006487563485392622	0.008363525019068216	-0.0016597196864418344	0.0026391368254033492	0.0030233744609751813	-0.0009122261559543572	0.0001252941880807235	0.0059516971582320504	0.008342128056060374	0.005439192270168246	9.336649519707464e-05	-0.0019354069938576938	0.002708733447654468	bear
2005-03-31	0.0010320334149915402	-0.015131265917479268	0.011186484589329233	0.00661195135781842	0.007478010636453862	0.0022326889662254326	-0.0068662578802248945	-0.006897065733873359	0.0009090406209154692	0.011592011753264778	0.00408426091447652	0.017652049817505542	-0.014742781681651775	-0.0030728710349591597	0.005839282486229741	-0.015122085974206929	-0.021204391514437086	-0.01176595682234855	-0.004574599591261415	0.009056261994486585	0.003984646661331139	-0.005217318137914829	0.0037543512449285583	0.02219635272552114	-0.0037003941095841613	0.01310859039512266	0.003951696382032841	-0.01108219767636041	-0.008362712263299344	0.0009062119055945067	0.0010902908130611363	0.008396631456108599	-0.015202455871453224	0.017567597981465417	0.0039110089371327105	0.0065497113192606515	0.004065633538553828	-0.0011081103972164401	0.0028827713296394435	0.011172892129056063	0.0064405794883322124	-0.008792789703559003	0.0030104945196464364	0.02941326837756944	-0.0105033969699652	-0.005300615151365357	-0.0072760124804275815	-0.009161523377990529	-0.013772861661826686	0.009352503727156515	-0.008186242685813087	0.0029955711991381155	-0.010821766474714414	0.024946628252564867	0.016945381575534595	0.0006024067398914757	-0.01183045818266665	-0.0028339899852915184	0.007968417093649907	0.014237870079409212	-0.002627497338559327	0.0004295782387916142	0.006530994693550474	0.00506915881209533	-0.007028513110594689	-0.005639116913455075	-0.012450891721507186	0.013806561561389435	0.006315728613095272	0.009291648826461066	0.003627745475941827	-0.0006684604593403763	-0.001381529116989918	-0.007276094922249455	0.018278289653832495	0.017506133876600088	0.003322299215428885	-0.003961001849372846	0.01397825714932721	0.00020550838669127871	0.0025	0.0018035714285714287	0.0011071428571428573	0.0004107142857142855	-0.00028571428571428584	-0.0009821428571428572	-0.0016785714285714292	-0.002375	0.0	0.0	0.0	0.0	0.0	0.0	0.0	0.0	0.0	0.0	0.0	0.0	0.0	0.0	0.0	0.0	0.0	0.0	0.0	0.0	0.0	0.0	0.0	0.0	0.0	0.0	0.0	0.0	0.0	0.0	0.0	0.0	0.0	0.0	0.0	0.0	0.0	0.0	0.0	0.0	0.0	0.0	0.0	0.0	0.0	0.0	0.0	0.0	0.0	0.0	0.0	0.0	0.0	0.0	0.0	0.0	0.0	0.0	0.0	0.0	0.0	0.0	0.0	0.0	0.0	0.0	0.0	0.0	0.0	0.0	0.0	0.0	0.0013037561187208074	-0.00289406139076612	-0.004071323790641768	0.008648939289758859	0.0045698814055756725	-0.0031158136775200134	0.00856114030442724	0.006466705147558382	-0.0012279460209236237	0.0011607059912688812	-0.001990886271715572	-0.0019449256018670852	-0.003874396410781237	0.008005201025871338	0.000614910623546847	0.004064343616329933	-0.0021571153006059566	0.008942966949765383	-0.00040263549257097954	0.0044715333736310495	bear
2005-04-30	0.012501099131515047	-0.0024816290861383638	-0.0025554490849017467	0.016688843957957212	-0.010584927997649943	0.010936675021041705	-0.006462194354550675	0.010247563114149066	-0.014218205266057259	-0.014758584073974484	0.012601037655483755	-0.00343548429507184	-0.027359147099065395	0.01175499526966262	0.006545181955471033	0.0035912894845504797	0.016371866794244242	-0.0012017180055897644	-0.0077302653034000786	-0.004783896962223665	-0.0071530842636768465	-0.005333207580633296	-0.013168231706336731	0.0032000799488479227	0.01931918151372932	0.012393726951469944	-0.004155653254887055	-0.004737878804569871	-0.00018837513321580168	-0.007564435402962648	0.006613497741207155	-0.01444390187072704	-0.008967696262026143	-0.00011320880145346122	0.025559672022333443	0.0028448864385496294	-0.006400653550528575	-0.011222091230614491	-0.0032309134857035878	0.015466193956703324	0.0013019758711355716	0.010951744230781012	-0.0009839129582418418	0.0034787404371465847	-0.004369625973926465	0.002145938365167722	0.005511421525036321	0.008036701455513814	0.006993229734193656	0.00531238543682773	0.00969122626113128	0.0019936245223909042	0.00394841251408545	0.0089639098898922	0.006996899192143	-0.012439479973799144	0.013764413150965922	-0.005311080946540401	-0.017722606287592667	0.010414179367231097	0.011282332344988525	0.009286702345805298	-0.0071695623541112785	-0.0069113384470311096	-0.006761582085481659	-0.01764978061300835	-0.007097407399379506	-0.006104977729522684	-0.010501460525863154	-0.0008679341881248601	0.009265156298616522	-0.023552961109912056	-0.018068869268056367	0.007862937291794136	0.018219464086095954	0.0020728437085347886	0.0014245111104851085	-0.01589838298521489	-0.00011306138053610997	-0.005648841528692788	0.0025	0.0018035714285714287	0.0011071428571428573	0.0004107142857142855	-0.00028571428571428584	-0.0009821428571428572	-0.0016785714285714292	-0.002375	0.0	0.0	0.0	0.0	0.0	0.0	0.0	0.0	0.0	0.0	0.0	0.0	0.0	0.0	0.0	0.0	0.0	0.0	0.0	0.0	0.0	0.0	0.0	0.0	0.0	0.0	0.0	0.0	0.0	0.0	0.0	0.0	0.0	0.0	0.0	0.0	0.0	0.0	0.0	0.0	0.0	0.0	0.0	0.0	0.0	0.0	0.0	0.0	0.0	0.0	0.0	0.0	0.0	0.0	0.0	0.0	0.0	0.0	0.0	0.0	0.0	0.0	0.0	0.0	0.0	0.0	0.0	0.0	0.0	0.0	0.0	0.0	-0.014391944596661948	-0.00844490571603743	-0.001529842863748287	0.0117193949570351	0.0018848340943008954	0.0008142739982828405	-0.0003582257594498704	0.0013083652971804542	-0.012729494923233367	0.00904027937688277	0.006684529074425433	-0.0006274163984114026	0.0012264961095683187	0.005815464125769014	-0.0005183803626155991	-0.001979809616150575	0.0038652920716690763	0.008221798370287674	0.004393614550332315	0.005009587503925679	bear
2005-05-31	-0.006670595224951155	-0.0012233797525256474	0.01322471517786655	0.006670576649374219	0.021700581998008894	0.01801676126234943	-0.010800459068747567	-0.005866373020536069	0.010931278211438475	0.01930519133094057	0.0013718112151724364	0.01661931364316774	-0.008165178742242044	-0.0035328107300218485	-0.001003938951291844	-0.01159289221323712	-0.0038152200866343466	-0.01738700250184075	0.008370333825973249	-0.014556622796345712	0.005375744550446945	-0.004936353872026168	-0.011352035125658619	0.01824796175995569	-0.017554033740164125	0.012928672423619753	-0.004481582506900268	-0.005174110603563555	-0.019709159563487916	-0.018745062214603415	-0.005598186743090741	0.00036100331484473154	0.02430321784005208	0.004176942045440979	-0.005440388467231496	-0.013702891842676701	0.0018602743300950293	0.012886112578887289	0.0026104922084327067	-0.007648153209171764	0.01791869992058243	-0.01607503866686139	-0.013197622808076345	-0.018435359833508955	0.017009894704557244	0.012301827594466418	-0.009220644800388455	0.00445100531477964	0.00404048839952574	0.036259820759046525	0.0007727855241762955	-0.013361370212188861	0.02289178122561719	0.01069623481590862	-0.005261168090772459	0.002824870190919507	-0.006680772519726197	0.008991039912035951	0.02313838595232069	0.007116417195099139	-0.007849198762313556	0.0042277237774055905	0.016598628672511006	-0.016059835118359334	-0.01976535249017523	0.022055834016144363	-0.00762212632479327	-0.006872599515965154	0.0020468222341299075	0.013557965434224944	0.013400215027489943	0.01647178849037844	0.007752219328978707	-0.005139970050925898	-0.0021398993415982915	-0.012177590229107131	-0.014864845266855354	-0.007148282281331979	-0.004707996194226835	-0.00928991706698068	0.0025	0.0018035714285714287	0.0011071428571428573	0.0004107142857142855	-0.00028571428571428584	-0.0009821428571428572	-0.0016785714285714292	-0.002375	0.0	0.0	0.0	0.0	0.0	0.0	0.0	0.0	0.0	0.0	0.0	0.0	0.0	0.0	0.0	0.0	0.0	0.0	0.0	0.0	0.0	0.0	0.0	0.0	0.0	0.0	0.0	0.0	0.0	0.0	0.0	0.0	0.0	0.0	0.0	0.0	0.0	0.0	0.0	0.0	0.0	0.0	0.0	0.0	0.0	0.0	0.0	0.0	0.0	0.0	0.0	0.0	0.0	0.0	0.0	0.0	0.0	0.0	0.0	0.0	0.0	0.0	0.0	0.0	0.0	0.0	0.0	0.0	0.0	0.0	0.0	0.0	0.00013128054272472291	-0.009852625600341298	0.0008509814934639399	0.0017139763873343192	-0.002633473742649728	0.0045502064526227	0.003910429025038223	-0.00042679448981139455	-0.014697097413663183	-0.0055465274309005755	-0.005520712253345325	-0.007358157654180258	-0.007754694219990679	-0.00024289115650892915	-0.0056230315286169025	-0.001100512697370599	-0.005706679060230941	0.0030829114019931035	-0.007304762158575147	0.0016735472872778903	bear
2005-06-30	0.001224465252757614	0.018685733308469135	0.017116264670174703	-0.004864984646365133	-0.014955629576263191	-0.008896384358349038	0.007718909936444872	-0.0012590959641688086	0.00555259355027307	0.0015708214311932487	-0.0011372225966228384	0.015721040279460082	-0.01486029779924843	-0.010470831521064669	0.003318949299021354	0.016485890558307625	0.0011971559616200287	0.019610507440322344	-0.013500707344886903	-0.021419788458457233	-0.006813268921669653	-0.010703715123174458	0.0019632049510084483	0.012309912858384004	-0.02978628846645355	-0.004938016302701913	-0.00047950648504795144	0.008367531040782474	0.023392213632133247	0.02037298895111708	0.004909562209340621	-0.002364609408440974	0.018321038672659565	0.0053291677946562584	-0.007889860024978466	-0.016039790349125997	-0.009593140493441508	-0.011182590884363637	0.007371529549368237	0.0059544363409987896	0.00420426414374259	0.008082396699072339	0.00564157698903608	0.016566696451419092	0.010360989172007616	0.00806561547472686	0.012026236569199619	-0.025782926931139108	-0.001963209442450787	0.014031260168744094	-0.0016668511570574272	-0.03334375721376423	-0.024023745919313128	0.000990301406810196	0.004153994012870583	-0.004513651498936222	-0.015193766741065297	-0.014382403366434203	-0.0032509884719606028	0.0014552717782845802	0.0006536127384978394	0.005674388920735724	-0.0018838725732454932	-0.006528493755227442	-0.013036398011352986	0.002811007664619235	-0.00849634756791974	-0.009725263948083986	-0.007983413244325653	-0.011677356700757981	-0.024845451627522604	-0.02997942305521349	0.009999501885275678	0.005007051967717017	-0.003911668196675141	-0.012500983164254376	-0.003270415541338477	-0.004789292117825061	-0.03366916243429224	-0.018676565824757865	0.0025	0.0018035714285714287	0.0011071428571428573	0.0004107142857142855	-0.00028571428571428584	-0.0009821428571428572	-0.0016785714285714292	-0.002375	0.0	0.0	0.0	0.0	0.0	0.0	0.0	0.0	0.0	0.0	0.0	0.0	0.0	0.0	0.0	0.0	0.0	0.0	0.0	0.0	0.0	0.0	0.0	0.0	0.0	0.0	0.0	0.0	0.0	0.0	0.0	0.0	0.0	0.0	0.0	0.0	0.0	0.0	0.0	0.0	0.0	0.0	0.0	0.0	0.0	0.0	0.0	0.0	0.0	0.0	0.0	0.0	0.0	0.0	0.0	0.0	0.0	0.0	0.0	0.0	0.0	0.0	0.0	0.0	0.0	0.0	0.0	0.0	0.0	0.0	0.0	0.0	4.315776000920217e-05	-0.002942989307406677	0.0009757258358294558	0.003958630384552126	-0.00481450424668709	-0.0032774033794936634	0.006420478368172854	0.004524667213916115	0.0006234777087041989	-0.008717255506737215	-0.0012718718909728287	0.0005303052761705077	-0.007756180489483412	0.004187137333358393	0.002424034682963477	-0.0005650519045272244	0.005108817607790802	0.0003016030922819721	-0.01018992535475929	0.00034284916670781454	bear
2005-07-31	0.018408663036651406	0.0060031842909864346	0.007340060602740344	-0.00968801168516991	-0.007108782509768858	-0.004549120893709931	-0.019884441849187792	-0.01957328512047097	-0.00973029461461738	-0.008049274410219529	0.002654175182026615	-0.006989181921211293	-0.019061258958297477	0.004189637712364414	0.0032173034665446227	0.014624365252519827	0.012051754155292539	0.012130219826543536	-0.0015628573376756062	0.0058848773195082265	-0.007138898066403843	0.0009315847908890605	0.017389698920740257	-0.015944582364022433	-0.034536704930836624	0.013746310225509276	-0.005382496527514984	-0.003513455525778985	-0.01872180152833302	-0.0017942336613659487	0.016426363946658036	-0.014484943438609186	-0.00911078226190448	-0.0033592172310745196	-0.018602159564143468	-0.007667578530766788	-0.010679318962410806	0.006869200997500765	-0.021667726054487742	0.002494862110512882	-0.0005902461624024578	0.01911664345617154	0.005663216922518407	-0.018000821358527194	0.011279577073041405	0.015904024081568248	-0.014841606118071947	0.00596929984679914	-0.021290204114319682	0.006351928653055195	0.001405763800200654	0.004207190592142144	0.012373432370004302	-0.0011168398233704084	-0.005383650732851071	0.010237321148985758	0.002729980749387738	-0.0013858781016091479	-0.0018400326522651235	0.007353610367386705	0.003051919359041181	-0.006319767871553313	-0.005228625346677538	0.004536325786396398	0.008487281397657013	-0.0011740961780685375	-0.016844871966135256	0.004832491833299937	0.010229118281715813	0.017336825849421002	-0.013212045391972512	-0.004273675867459345	0.018637836294358254	0.014059843364759617	0.0033924013377651975	-0.013389123406481166	-0.001718386610368454	0.002275236913681917	0.00907354285236263	-0.01594452047957356	0.0025	0.0018035714285714287	0.0011071428571428573	0.0004107142857142855	-0.00028571428571428584	-0.0009821428571428572	-0.0016785714285714292	-0.002375	0.0	0.0	0.0	0.0	0.0	0.0	0.0	0.0	0.0	0.0	0.0	0.0	0.0	0.0	0.0	0.0	0.0	0.0	0.0	0.0	0.0	0.0	0.0	0.0	0.0	0.0	0.0	0.0	0.0	0.0	0.0	0.0	0.0	0.0	0.0	0.0	0.0	0.0	0.0	0.0	0.0	0.0	0.0	0.0	0.0	0.0	0.0	0.0	0.0	0.0	0.0	0.0	0.0	0.0	0.0	0.0	0.0	0.0	0.0	0.0	0.0	0.0	0.0	0.0	0.0	0.0	0.0	0.0	0.0	0.0	0.0	0.0	0.009774268804088366	-0.006026797975352561	-0.004293252961092763	0.006886984311259805	-0.011588521694838379	-0.012199424104792283	-0.0001858740348927219	0.006935197586393241	-0.0076629406145838535	-0.0031084518219160985	-0.002226771688290892	0.0035307747718303197	-0.0040021738566399356	-0.006208900283590331	0.0034892307683639903	-0.004901361133470769	0.013676739105070994	-0.0007875849087693643	0.0013757284001579178	-0.0018393348998151607	bear
2005-08-31	-0.003307631796377048	0.00010575035878943343	0.0015392426969951924	-0.020026015919360936	0.013787081501121495	0.004729222063705872	-0.015530112516293673	0.012247210690693518	0.005461208516301223	0.002881378822354075	0.01378385416054116	-0.02446790566853062	0.01691627956707541	0.008920266733856565	-0.008426005550075978	-0.00517634161546415	0.008974464664122233	0.0076368539312622295	-0.0029660732441492057	0.005238214037577468	0.02449058787124601	0.0006971315553199841	0.005523870527398538	0.002459406222269974	-0.02077935692709181	-0.01591922652029981	0.00325008498712231	0.010187679182646712	0.01432718249819581	0.0061723458845456365	0.022870783821866615	0.013876845020104403	0.00040922751087329334	0.008772237809000372	-0.005989756550511803	0.0048887753103669575	-0.018718867146535836	-0.010257309623495988	-0.01411327963389057	0.00518222030892254	-0.0021588739699050646	-0.014908581899596237	0.01773766189809167	0.004592549240260912	-0.010897984931925935	0.002695299244991815	-0.0030525756705922225	0.007327331463097826	0.014797422148243963	-0.007946927131988244	0.009542395534787128	-0.01304276453106292	-0.005663857052748047	-0.013160909604674465	-0.008491490709221715	-0.0014153363896400217	0.0005134684109247035	-0.006213951842901075	0.012168558985104412	0.0008745540876932262	0.007213959200707785	-0.026642051268862956	0.0019568179218466095	-0.011068375518129836	-0.011742864920513376	-0.005459514538420551	0.024847308951554438	0.0031165756233028077	-0.008269408370911118	0.005985383800973481	-0.022616185665880317	-0.002797049565285794	-0.026349735056688615	0.003216826873164853	3.315152852892222e-05	0.00036841691271128724	0.012647101135904542	-0.008195849499351125	-0.0019902736685522616	-0.020133075434967757	0.0025	0.0018035714285714287	0.0011071428571428573	0.0004107142857142855	-0.00028571428571428584	-0.0009821428571428572	-0.0016785714285714292	-0.002375	0.0	0.0	0.0	0.0	0.0	0.0	0.0	0.0	0.0	0.0	0.0	0.0	0.0	0.0	0.0	0.0	0.0	0.0	0.0	0.0	0.0	0.0	0.0	0.0	0.0	0.0	0.0	0.0	0.0	0.0	0.0	0.0	0.0	0.0	0.0	0.0	0.0	0.0	0.0	0.0	0.0	0.0	0.0	0.0	0.0	0.0	0.0	0.0	0.0	0.0	0.0	0.0	0.0	0.0	0.0	0.0	0.0	0.0	0.0	0.0	0.0	0.0	0.0	0.0	0.0	0.0	0.0	0.0	0.0	0.0	0.0	0.0	-0.011727581644461832	-0.004911058749926606	0.0005214341763603454	0.008461496464297221	-0.005312084268069272	-0.009008354152032213	0.011896474408103212	0.00222521802491017	-0.0049448568207773325	0.009431620698754917	0.0038319766189953306	0.004927908655913084	0.0034924471677823927	0.001406213426239071	0.004427874910527587	-0.00379568557618109	0.0021517342826035653	-0.0009193442127692762	-0.005192795770899428	0.004794375642159716	bear
2005-09-30	0.03990046164449879	0.005090341895103068	-0.021424411943151662	-0.001612202169490799	0.005340306006882256	0.008527065701916041	-0.005478975805191488	0.01145120456437699	0.012887480606070107	-0.0026869050115584103	0.005061900713870739	0.0017192450916093103	0.0007382507255806159	-0.012190827768008408	0.00786912437812188	-0.009842022571273921	-0.009306321638412106	0.024925156636172386	-0.010531186991004514	-0.005327744873486687	0.007727063921306194	-0.008738870419566674	-0.018525484781330204	0.010591310379662582	0.022202234303763523	-0.00877144700964688	0.0020575101561409325	-0.009564928048116166	0.017977309930406606	0.014937965936117535	0.006568539291980739	0.02407593063059326	0.014155510941996165	0.025123564968989084	0.011898442572842657	-0.024284689441329887	0.002355779069918902	-0.001550134868456985	-0.015978769705367504	0.004635689574860496	-0.016256556399412075	-0.006311354737616784	0.00429188999346379	0.01934725804397934	0.005086580598480134	0.012099080726302777	-0.0006454567470530311	-0.018843319102493424	0.004156884009818111	0.006824559678279896	-0.0011775471270478056	0.013675500851263305	-0.008414193810038325	-0.019846603303255654	0.007524850340666172	0.007381735869001707	-0.008801436924509411	0.0039744617809092655	0.012576646334335341	0.014572290408169424	0.014501679981224218	0.014982900033063335	0.0011457443272215116	0.0023913897818216034	-0.015458373577860281	-0.012591064447156764	-0.00045672238016425723	-0.008908369054538259	0.010744236724042929	0.0048310041799621735	0.025177624102450204	0.013451488510616052	-0.006035044408280225	0.016107098262146805	-0.010634591257407953	-0.012500058859298831	-0.022037684494761425	-0.006049129975691924	-0.021045827539608573	0.0012225629343941406	0.0025	0.0018035714285714287	0.0011071428571428573	0.0004107142857142855	-0.00028571428571428584	-0.0009821428571428572	-0.0016785714285714292	-0.002375	0.0	0.0	0.0	0.0	0.0	0.0	0.0	0.0	0.0	0.0	0.0	0.0	0.0	0.0	0.0	0.0	0.0	0.0	0.0	0.0	0.0	0.0	0.0	0.0	0.0	0.0	0.0	0.0	0.0	0.0	0.0	0.0	0.0	0.0	0.0	0.0	0.0	0.0	0.0	0.0	0.0	0.0	0.0	0.0	0.0	0.0	0.0	0.0	0.0	0.0	0.0	0.0	0.0	0.0	0.0	0.0	0.0	0.0	0.0	0.0	0.0	0.0	0.0	0.0	0.0	0.0	0.0	0.0	0.0	0.0	0.0	0.0	0.0019358117653454766	0.008756987415016293	-0.003312212042241413	-0.007355549928369152	-0.0029125837027106317	0.0009641604301736375	-0.000591412708676606	0.004747526759998823	-0.0028003954355545636	0.002496305341493326	-0.0017348327464284056	0.0024682398234403017	0.000130414749984754	0.0055438669663569065	0.002479760898851294	0.005387300156748567	0.003945465455623514	-0.0009599119434388517	-0.0005986558716011582	0.009982710775727583	bear
2005-10-31	0.010862776254920659	-0.007974826878810655	-0.004380020721658617	-0.008038673274294417	0.010902754068144258	-0.004007933075222122	-0.021430850587109352	0.023629328126694046	-0.013936740884643377	0.021351326344247613	-0.024091559469490154	0.010524752811519288	-0.011729162286040519	-0.005283555718915317	-0.009461461409004758	-0.01576802859182877	0.023228691406863195	0.013288447533622363	-0.0026936778892780594	0.0029035109171118454	-0.0016820892734513266	-0.002039158044666491	0.008605596042605624	-0.0054041220009933225	0.018608468615138426	-0.020302768303058435	0.008171752243466108	0.0018981691260305889	-0.0029149259078548873	0.004102324360351701	0.015366350563412854	0.01185606554188168	0.007383366401570159	0.017815451096130086	0.0007874501228834858	-0.0010982317981371088	0.015784113575971932	-0.016730764699577398	-0.0053336971474335524	0.0020906523036374122	0.001399272995058225	-0.006859406525039135	0.01666628220878276	0.0036232320163219266	-0.016519027225239485	-0.0092342011784237	-0.0024758862221244426	-0.011501063922647553	0.018236998574458676	-0.019936016346800107	-0.010561684783949182	-0.01330765872184277	-0.0023097283756799737	-0.0006892298772305375	0.00021763928652429373	-0.011278842960551469	0.003808750828593365	0.003583302968512165	0.001863069250313769	-0.00864494128283555	0.009445629648451378	0.030850268555155942	-0.010894014691648184	0.001603623302289399	-0.008902811130584169	-0.0033819453133301296	-0.018753327478127278	-0.010828738421137398	0.008003739523717112	0.01612689876718698	0.005082798791787757	0.01227109295743546	-0.002417008628320117	-0.004967241619412181	-0.011938062343442232	0.005886563051462864	-0.005712385625388273	0.010415111778900202	0.00425238980941377	0.000727806583658218	0.0025	0.0018035714285714287	0.0011071428571428573	0.0004107142857142855	-0.00028571428571428584	-0.0009821428571428572	-0.0016785714285714292	-0.002375	0.0	0.0	0.0	0.0	0.0	0.0	0.0	0.0	0.0	0.0	0.0	0.0	0.0	0.0	0.0	0.0	0.0	0.0	0.0	0.0	0.0	0.0	0.0	0.0	0.0	0.0	0.0	0.0	0.0	0.0	0.0	0.0	0.0	0.0	0.0	0.0	0.0	0.0	0.0	0.0	0.0	0.0	0.0	0.0	0.0	0.0	0.0	0.0	0.0	0.0	0.0	0.0	0.0	0.0	0.0	0.0	0.0	0.0	0.0	0.0	0.0	0.0	0.0	0.0	0.0	0.0	0.0	0.0	0.0	0.0	0.0	0.0	0.003963730845085463	0.003349934714064514	-0.0020617220322118423	-0.0015945903392456519	-0.007270362102317956	0.009728022036536655	0.008703935647802911	-0.0017830643785440741	0.0033626984032637647	-0.002773395779052728	-0.0071452464130537475	0.002914158818122711	-0.0020978177124681046	-0.0011578543999009106	0.008377845153802877	-0.006225331870669407	-0.00013165915516342172	-0.0008981791812487684	-0.008248367776817625	0.007955083120116245	bear
2005-11-30	0.009940454679360581	-0.025898925686079707	-0.014988262102832906	0.003656010805264675	0.028792608365909755	-0.022379157430169445	0.01172933214458441	0.009053120972470257	-0.01742532559541587	-0.001315868961580528	-0.0012982618270000244	0.01297472607303125	-0.0008970025899556666	0.020608047419094565	-0.022139596544058816	-0.008424299615690436	-0.03175607791098903	0.0036007221156120228	0.017510201549616404	-0.0017918331196911871	-0.012284263331576058	-0.0016649790074908788	0.0006829761947744112	-0.0026905757829613812	0.004306012100101515	0.02693721983600697	-0.01476594936121912	0.007477635991169261	0.013775250591281487	0.01906319626366955	-0.021480069007384268	-0.013958879393043383	0.005247589120601868	-0.011827871610483471	-0.0011922619178463007	-0.019849995240885814	0.0015015331753675419	0.000588691313137608	0.015712950024142247	0.0022411148078471665	-0.001704551262355373	-0.0026134199209498638	-0.026047688572187165	-0.002279889765002714	0.005848047261699318	0.027014020410909705	-0.009748720995871034	-0.006517609201137391	0.012595856135746987	-0.002292682429822825	-0.004550290163436158	0.015373847302809903	0.005315998123533251	-0.015639570505342478	-0.012452527850170017	-0.005891071473905628	-0.008688556614401832	-0.0006531025680753275	0.0032793230018635365	-0.004510429472246172	-0.006143899933381531	-0.00249003352638554	0.009501936496900325	-0.015074571496080904	-0.004155263523724959	-0.026943137255450167	0.00766534903168692	0.00525335436836909	0.0007034150982921591	0.007804079719206266	0.007978377202437714	0.028007935296530583	-0.01822436610896284	-0.008791379000155353	-0.015407621094063075	0.0043397790648779565	-0.0033506879100309687	-0.003487375609700227	0.008404607726787933	-0.004163823378472959	0.0025	0.0018035714285714287	0.0011071428571428573	0.0004107142857142855	-0.00028571428571428584	-0.0009821428571428572	-0.0016785714285714292	-0.002375	0.0	0.0	0.0	0.0	0.0	0.0	0.0	0.0	0.0	0.0	0.0	0.0	0.0	0.0	0.0	0.0	0.0	0.0	0.0	0.0	0.0	0.0	0.0	0.0	0.0	0.0	0.0	0.0	0.0	0.0	0.0	0.0	0.0	0.0	0.0	0.0	0.0	0.0	0.0	0.0	0.0	0.0	0.0	0.0	0.0	0.0	0.0	0.0	0.0	0.0	0.0	0.0	0.0	0.0	0.0	0.0	0.0	0.0	0.0	0.0	0.0	0.0	0.0	0.0	0.0	0.0	0.0	0.0	0.0	0.0	0.0	0.0	0.0036671177036585755	0.01189669965239461	-0.00026975556470224297	-0.0019326491503910924	0.0038086861036075266	0.006351019260531927	0.0012014753768081572	-0.0018774946091608714	-0.0012811769889223227	-0.0071162618329355855	-0.0014058198699149643	0.007082063396005932	-0.005967619792002403	-0.0018850411209552474	0.005463307101071999	0.008416808028944065	-0.0005368838508019205	0.006541529174890229	0.006502695640778159	0.005066896574622426	bear
2005-12-31	0.015713600702346783	0.006717472122270228	0.012900461375264202	-0.008210183902110122	0.035338172454525606	-0.012646163381197027	0.0011797930837400396	0.0020544851510491016	-0.009841718661254606	0.00818683076254776	0.010620264020438303	0.006898883913073865	-0.02240191867839784	0.016412909148544277	-0.008975289469663174	0.008156900629051044	-0.007992727998522731	-0.01332889900036371	-0.002453413094952807	-0.008115155134677912	0.0009541553672981825	0.016943859688486662	0.002727939421013271	-0.0088229755589108	-0.011543674704337007	-0.013613600897359577	0.008987300003990801	0.012204789646434545	0.01166784688403228	-0.011999552010449424	-0.004809256771275659	-0.00849857000756111	-0.008522836901601131	0.0016407266442540333	0.005306062681989533	0.0011899219507217247	-0.02225012146759164	-0.0195878179498247	0.015067095461865881	0.004364857032058979	0.016173608224027865	0.014312151518872492	0.004546912637403438	-0.0018060514101988856	0.006949777961857182	0.011224270429632664	-0.003643415236619436	0.00870290970875732	0.0037726616557220726	0.003657103348351569	-0.0222239734197367	-0.006167703199716567	0.01694541522849133	-0.014604740548637835	0.004047531007703281	0.007436037706465449	0.012274551860499125	-0.0023105890393248286	0.0005566905357125594	-0.003659985588428052	0.011573610187031092	0.02821766269947261	0.004664782987000437	0.00518282692425666	-0.007840372279776912	-0.013714300692147439	0.018824963734171106	0.01210746530123548	0.011389163192192927	0.0018920865950503305	-0.024938525541316356	0.009951532903285046	-0.009243573749309108	-0.002702533174947423	0.009064787308482416	-0.002126105227588984	0.013600598208178124	0.021761031910919687	0.014423868810475575	-0.004013412850110769	0.0025	0.0018035714285714287	0.0011071428571428573	0.0004107142857142855	-0.00028571428571428584	-0.0009821428571428572	-0.0016785714285714292	-0.002375	0.0	0.0	0.0	0.0	0.0	0.0	0.0	0.0	0.0	0.0	0.0	0.0	0.0	0.0	0.0	0.0	0.0	0.0	0.0	0.0	0.0	0.0	0.0	0.0	0.0	0.0	0.0	0.0	0.0	0.0	0.0	0.0	0.0	0.0	0.0	0.0	0.0	0.0	0.0	0.0	0.0	0.0	0.0	0.0	0.0	0.0	0.0	0.0	0.0	0.0	0.0	0.0	0.0	0.0	0.0	0.0	0.0	0.0	0.0	0.0	0.0	0.0	0.0	0.0	0.0	0.0	0.0	0.0	0.0	0.0	0.0	0.0	0.006656018105302675	0.005589490021619839	-0.012969244568645968	-0.00857302620047524	0.0039527962931913555	0.00019303641709708403	0.0020529471486463577	0.01068533562406713	-0.006231823165027748	-0.004585879307384551	-0.0007343117860664297	0.004891005690209742	-0.0027824231259106773	-0.0013963163452958521	0.013397088527344732	-0.002681443098154524	0.003697990920432114	0.009879619968810805	-0.004608795750298284	-0.006156725716344288	bear
2006-01-31	-0.0010902728767944094	-0.012182796249343625	-0.013728011413372387	0.021383063235162272	-0.0037138118839259012	0.007422300347005678	0.005477952380961702	-0.01611524538264955	0.008379282276976948	0.005212606665794013	-0.0022345976943935067	0.0037921412143333577	0.0038307612032975656	-0.013925297921198013	0.0019337319685908212	0.0022551896980256853	-0.002740004269806935	0.012702917491781962	-0.004956755428256256	-0.0008488809580606666	0.026607263295889427	-0.0005211268822250713	-0.0033021751392484566	-0.01088633669672062	0.010913831588889002	-0.011559347740421184	0.012182477436307078	-0.00870617934859123	0.0018885515042944086	-0.009181019927424068	-0.03213409147563086	0.03137238203056048	-0.01150960505001988	-0.0010388089708462949	0.003470662344825385	0.0108448355992913	-0.0034346259006771433	0.0020717492371168933	-0.007452954935588419	0.02042639328209246	0.00926341312898394	-0.0026531200633994317	0.002287821332597701	-0.023350021316676007	-0.018751420946995324	-0.0011702478162356285	-0.024068903162305668	-0.011322922878069961	-0.009187351663312363	0.006248644775347208	-0.00979550046373416	0.0044086439986862356	-0.002026942939978786	-0.001624882855496204	0.014685735110200156	-0.010771509872691726	-0.011184915847029553	0.019950107512158248	0.011949953150295262	0.001989856932693698	0.005155977907067032	-0.01679433404651075	0.031426138629869725	-0.015096953576383635	-0.003665738138003248	0.013178276311867307	0.01088984079753845	-0.014405108705958328	-0.024236553371246555	0.006226764846732585	-0.0066977957461262115	-0.0019328662727258515	0.014043967772170757	0.008294126708582707	-0.020947447487519685	-0.0026552335319505508	0.00010381139784677831	0.0019341445252825465	-0.008085741978526191	-0.006517147616834675	0.0055	0.004482142857142857	0.0034642857142857145	0.002446428571428571	0.0014285714285714284	0.00041071428571428563	-0.0006071428571428575	-0.0016250000000000001	0.0	0.0	0.0	0.0	0.0	0.0	0.0	0.0	0.0	0.0	0.0	0.0	0.0	0.0	0.0	0.0	0.0	0.0	0.0	0.0	0.0	0.0	0.0	0.0	0.0	0.0	0.0	0.0	0.0	0.0	0.0	0.0	0.0	0.0	0.0	0.0	0.0	0.0	0.0	0.0	0.0	0.0	0.0	0.0	0.0	0.0	0.0	0.0	0.0	0.0	0.0	0.0	0.0	0.0	0.0	0.0	0.0	0.0	0.0	0.0	0.0	0.0	0.0	0.0	0.0	0.0	0.0	0.0	0.0	0.0	0.0	0.0	-0.006633912933112366	-0.010962942620557357	0.010492595605866562	8.977293199220076e-05	0.0033475941905443483	0.004538951910574849	0.01035423684912881	0.00577365404595805	0.0031508526327366465	0.008508357267475881	0.0036333431375990214	0.006195878778279943	0.0009039261404807885	-0.003087353232740436	0.002853587407861661	0.001593267893131123	0.001077715304322336	0.010941315950200366	-0.0073295593993109535	-0.0047495707033283876	bull
2006-02-28	0.027433927322361065	-0.01650875752955713	-0.008820255077884814	0.014284873717287842	0.004784615997666303	-0.011717825071967761	0.016126701289943937	-0.009634956956808181	0.01808954016822536	-0.017894012250088815	-0.000686023805823717	-0.00774514039107765	-0.021753130355469146	0.002024036999614878	-0.006361208453002732	0.017800919471833262	-0.006709251742568322	0.008592228727642459	0.0019443297856069186	0.005347078785425614	0.007029069800504308	0.010955044684976038	0.0060986716930726955	-0.0053163054358289445	0.0023843039631231537	-0.01976755343623218	-0.013336847190368553	0.013344866560898071	0.004406421296908487	-0.018847405747009507	0.003851305777761273	-0.004487933852284935	-0.0028507993581211605	-0.005587054736472995	-0.02106286739736088	0.013230868888460848	0.030113443997903958	-0.01964238691729285	-0.02225822630492597	0.003509871629036921	0.0020402603484847835	-0.016989086025497896	-0.0012225616781504785	-0.006370121410148994	0.01978434126686913	-0.020452742642597842	-0.004309077739866928	0.003241185819077011	0.001182640458226384	0.0008528512956404366	0.008368449925209907	-0.0057552093747888	0.01654634162414818	-0.008761043697226726	0.014302706737843677	-0.018813056913123127	-0.009776618196011796	0.010199473246528196	0.013922193275807088	0.0014198620121985493	0.015504666280745582	-0.0020673428541525102	0.009212908468447648	0.013523128581246907	0.01786576625391474	0.0020250700235099725	0.01386889986459237	0.002202818098707225	-0.008468816566713083	0.00834710679997315	0.01703696514248306	-0.006406794738185531	-0.012589053265050108	0.007227891650461583	0.0024212420450909953	0.028498073048930664	0.007485919611160775	0.022297514370165663	0.011175075634225934	0.004425780410931074	0.0055	0.004482142857142857	0.0034642857142857145	0.002446428571428571	0.0014285714285714284	0.00041071428571428563	-0.0006071428571428575	-0.0016250000000000001	0.0	0.0	0.0	0.0	0.0	0.0	0.0	0.0	0.0	0.0	0.0	0.0	0.0	0.0	0.0	0.0	0.0	0.0	0.0	0.0	0.0	0.0	0.0	0.0	0.0	0.0	0.0	0.0	0.0	0.0	0.0	0.0	0.0	0.0	0.0	0.0	0.0	0.0	0.0	0.0	0.0	0.0	0.0	0.0	0.0	0.0	0.0	0.0	0.0	0.0	0.0	0.0	0.0	0.0	0.0	0.0	0.0	0.0	0.0	0.0	0.0	0.0	0.0	0.0	0.0	0.0	0.0	0.0	0.0	0.0	0.0	0.0	-0.0022998020894329126	-0.010555243910696356	-0.0013552960498762153	0.0016563101252704908	-0.0017275597215849665	-0.01050584285862476	-0.00618188089063831	0.0028272754320407237	-0.003486353206272486	0.003898946398275367	0.000945101248774467	0.0021072826619882665	0.0021830983378460216	0.006082106686296049	0.009315989398629085	-0.0013854484843762414	-0.0043804782092855404	-0.002248312309102684	-0.00341761763303061	-0.00011289388341901771	bull
2006-03-31	0.01730647570240266	-0.011746043076927296	0.002241325457137835	0.02529977619554754	0.02338100741620453	0.005335752180621782	0.011175287118292429	0.006112763586803209	-0.016206904049110276	0.005003545151107901	-0.008897620154839003	-0.011709132575843943	-0.00974656953185891	0.0038139720602172883	0.0012974606161212238	0.01657078927013978	-0.0076508290318295855	-0.019151451484926897	0.004039672019254025	0.015400549306725676	-0.008014816328189178	0.009672531794060028	-0.010820955587991671	-0.021199786329265426	0.01391578528033154	0.004946058742946032	-0.022611985570662303	0.00402073873226921	0.00013764392300065988	-0.0055135821104832766	0.0061829238751090875	-0.016100232547415244	0.003211913285446578	0.003176638196743067	-0.011788782215423147	0.004679125348768027	0.017890988961773557	-0.005618771175681634	0.012977808938136685	-0.004148360529595448	0.008251235117276566	-0.014788064104855626	-0.003157361514594778	0.0005351339160676216	0.007397435630033808	0.011737428033939032	-0.015983799584056473	0.0028667077428773556	0.014417632477348123	-0.0007597002034312499	0.00630889902579063	0.003481719020720321	0.0024646273165552604	-0.03231526820651269	-0.003022779451572161	0.00473188871528156	0.0037193876197168154	0.015006947299384702	0.019238458065182533	-0.024065901912339437	-0.011657346642218175	-0.01332665340784933	-0.004857388579792921	-0.01013147014286024	0.01575686529848423	0.00638078873984072	-0.01570603271152639	-0.005742748338779251	-0.010013467753739238	0.005764498135130798	-0.016424353543587417	-0.007655525814373356	-0.005989127905242073	-0.015656914331332542	-0.004513226605419751	-0.003680028531674965	0.015104428862425502	0.018459802868535647	0.0014762051464752377	-0.02053578145715804	0.0055	0.004482142857142857	0.0034642857142857145	0.002446428571428571	0.0014285714285714284	0.00041071428571428563	-0.0006071428571428575	-0.0016250000000000001	0.0	0.0	0.0	0.0	0.0	0.0	0.0	0.0	0.0	0.0	0.0	0.0	0.0	0.0	0.0	0.0	0.0	0.0	0.0	0.0	0.0	0.0	0.0	0.0	0.0	0.0	0.0	0.0	0.0	0.0	0.0	0.0	0.0	0.0	0.0	0.0	0.0	0.0	0.0	0.0	0.0	0.0	0.0	0.0	0.0	0.0	0.0	0.0	0.0	0.0	0.0	0.0	0.0	0.0	0.0	0.0	0.0	0.0	0.0	0.0	0.0	0.0	0.0	0.0	0.0	0.0	0.0	0.0	0.0	0.0	0.0	0.0	-0.0039345083604300155	-0.013724043660920945	0.014790825630113634	0.004760060080975614	0.0011162249284074489	-0.00871096754547488	0.003884747303365977	-0.009566853026820112	-0.007948144294520258	-0.007454274823669918	-0.0032135739192733024	-0.0042425570902972064	0.002396651001950568	0.014985130227942029	0.0022568523329462146	-0.00726458974613143	0.0005363812427859061	0.005765021560935748	-0.0006063033071942869	-0.002362201036290477	bull
2006-04-30	-0.012250935328683562	0.024230720028523063	-0.004672721355611743	-0.020827137320476863	-0.0011242073895347503	0.011306676920973055	-0.011824480560049198	-0.0015673374129368263	-0.005042125266833875	0.0175741824391732	-0.011666488047592563	0.0073585454395053325	0.005494912671406024	0.00963981998984861	-0.020956366969055108	0.0017205218450791853	0.020809891627566236	0.0016448482401816155	0.004192338531200691	0.004270456350786348	-0.0033864092039566037	-0.019327935757023778	-0.002206275720167887	-0.015350153215177718	0.003192504946709338	0.0030975553508586938	-0.007568911191650402	-0.005984501205377586	0.0017329175758703482	0.023644577953348248	-0.0056136899127996005	-0.01125779307724933	0.0025550245755763036	-0.008775505525507314	-0.009626230017554624	-0.0012410332367673905	0.007437743108660946	0.005004709739976016	-0.019610104823892062	0.016892153972500466	-0.0003965021814897906	0.016317736550196933	-0.012375074691121504	-0.019554364336290195	-0.007773283844140239	0.026480866635261564	-0.013293634813587404	0.008024446230244056	0.010625374095536674	0.006821914235032985	-0.007770430931779729	-0.008264936751365729	0.0030091006222162818	-0.0016813295131055262	0.012824952156349635	0.007945644666641882	0.0025695988846762743	-0.015446857708745218	0.014396668464591738	-0.017561737944779186	0.011067109024431058	-0.0024749425927428443	0.02006027712216979	-0.0020444762183701075	0.011430068396638064	0.0035468460621034857	-0.016870201848021984	0.004574325820318079	0.02363902413918794	0.003938884531488682	0.00571695505086701	-0.020641489664908672	-0.009671032864462555	0.01918694055654453	-0.016095433831251477	0.011682629971904964	-0.002495828076042991	-0.005147761895278451	-0.00015707656581704987	-0.023955891213248405	0.0055	0.004482142857142857	0.0034642857142857145	0.002446428571428571	0.0014285714285714284	0.00041071428571428563	-0.0006071428571428575	-0.0016250000000000001	0.0	0.0	0.0	0.0	0.0	0.0	0.0	0.0	0.0	0.0	0.0	0.0	0.0	0.0	0.0	0.0	0.0	0.0	0.0	0.0	0.0	0.0	0.0	0.0	0.0	0.0	0.0	0.0	0.0	0.0	0.0	0.0	0.0	0.0	0.0	0.0	0.0	0.0	0.0	0.0	0.0	0.0	0.0	0.0	0.0	0.0	0.0	0.0	0.0	0.0	0.0	0.0	0.0	0.0	0.0	0.0	0.0	0.0	0.0	0.0	0.0	0.0	0.0	0.0	0.0	0.0	0.0	0.0	0.0	0.0	0.0	0.0	-0.002997157413960446	0.004751025293978766	0.010891920631833384	-0.0006217469328609174	-0.0033582279112190907	0.004501778512805736	0.01135999869883781	0.006858605251785359	-0.008867575664874384	-0.0023284368615376894	0.006563072911129198	-0.0020227213101848794	0.004476689259942243	0.006154059952515389	-0.0027803680613666115	-0.010819515978921376	0.0006918377189279934	-0.0003319777786092823	0.0098870082804055	-0.0067556851960636054	bull
2006-05-31	0.010390329704092427	-0.01123361203307775	0.01952299158503354	0.01159730213565369	-0.002487398487295545	0.003119085336504497	-0.00044533075647515955	0.005093224065953604	-0.0026200949019235674	0.015650601935400965	-0.0008016633443968176	-0.00341916484591131	0.004165021034242789	0.006910482310816909	-0.006877401931753683	-0.006932164794476273	0.00538583229746473	-0.003975183713447361	-0.001859738350354717	-0.004454480553490533	-0.0004669582145018084	0.0013726376947973905	0.002155179670564371	-0.010077702952789274	0.02275376607800924	-0.01482220660082464	-0.00305409582321334	0.00718618405962902	-0.012686933092142761	0.016707217497258387	0.01632002826191718	0.013137109692143604	0.002760646918491488	-0.018475778831203032	0.004475967984986515	0.023716022307217557	0.015557978880820353	0.003967014085451469	0.00771924812498446	0.004134429037548255	0.008563950946986122	-0.007934687126463212	0.0010159880077258727	0.01501297795940047	0.000953850232972089	0.0003565596328307815	-0.010385533231068238	0.0023001878589682606	0.0037063653003117014	0.008311869677668853	0.011590311337183435	-0.022624254116793505	-0.016321382112549857	-0.002258920173088517	-0.0018559888607444586	0.004330380843279709	0.009483814923941562	0.022435302808060716	0.007980718099939194	-0.006837026515254103	-0.025094819597622185	-0.016389400050251787	0.0021084292643067278	0.0015997068090869324	-0.00486707034899447	-0.009734206294660855	0.0012476200995198724	0.013202886777299621	0.02416950684079225	0.007523840035851285	0.011315910818851112	0.017291664575645852	0.008864202695623666	0.009568585055679792	0.005287624065258504	-0.0097946595248904	0.004886583708165848	-0.020021201654687612	-0.0021253779349691875	0.0012692908115332026	0.0055	0.004482142857142857	0.0034642857142857145	0.002446428571428571	0.0014285714285714284	0.00041071428571428563	-0.0006071428571428575	-0.0016250000000000001	0.0	0.0	0.0	0.0	0.0	0.0	0.0	0.0	0.0	0.0	0.0	0.0	0.0	0.0	0.0	0.0	0.0	0.0	0.0	0.0	0.0	0.0	0.0	0.0	0.0	0.0	0.0	0.0	0.0	0.0	0.0	0.0	0.0	0.0	0.0	0.0	0.0	0.0	0.0	0.0	0.0	0.0	0.0	0.0	0.0	0.0	0.0	0.0	0.0	0.0	0.0	0.0	0.0	0.0	0.0	0.0	0.0	0.0	0.0	0.0	0.0	0.0	0.0	0.0	0.0	0.0	0.0	0.0	0.0	0.0	0.0	0.0	-0.012126734514445871	0.000376246961618692	-0.009802357590977275	-0.00036959521980751986	-0.002768263697424068	-0.0019952862863660105	0.0019423546277468336	0.00293425903210936	0.0018219524828056739	-0.013662426392482819	0.005126199194181084	-0.006328442380639404	0.005632356820928642	-0.0030537644160593975	-0.00012516592883098722	0.0015183477860185928	0.0016402781214934063	0.0011078226569940027	0.004830693478849691	0.0014856241643750822	bull
2006-06-30	0.008116005817066355	0.0012967627008444544	0.00971773290169793	0.01155734424273659	0.01842979902861341	-0.008746361472856873	-0.001438580154542281	-0.0023142471869294573	-0.003562955072307238	0.027511479361286652	0.016825055346366302	7.180486250842306e-05	0.013933689249322303	-0.014308506530818374	-0.016123373737158785	-0.010277357519563227	-0.00024567060685325116	0.0030652931106147628	-0.0037005606964336715	0.018869806804464182	0.0027220348418808956	0.00728060319311163	-0.012522646701321506	-0.005061011900914869	-0.003154165282669042	-0.010226817193074647	0.004957861682682558	0.004872609605983437	-0.00628597386492691	0.011318455913030552	0.01693452869888599	-0.012397487911596627	0.00990378163347211	-0.00608872463800432	0.004302334621282157	-0.01396833328080811	0.006613447587939825	-0.0037295072631052056	-0.010587998844324101	-0.0016179916067506365	-0.010043219532899533	0.01693184320821131	0.00782633357755622	-0.013312825385594869	0.009618299064440186	-0.007878798522496422	0.004295193140486643	0.004256347177565474	-0.004242298146138858	-0.006797200641517937	0.0031291049941019645	-0.017540969899606157	-0.0005569955044429078	0.02369957796647408	-0.002061088561426977	0.004182805219127869	0.022876765309423095	0.015473921311275908	0.012369053505491586	0.0064827259585590975	-0.0031816069094223695	0.0077371833840637685	0.018077587050358807	-0.004686042625307886	-0.02281121711752989	0.011096709670668056	-0.004930207683269026	-0.010300339098872131	0.004234827306401424	-0.0021481412736555875	-0.023454950444224	-0.011593720809344123	-0.00023929971144081539	-0.005611555481429315	0.0062827538102583295	0.004086990580148993	0.005204041614023908	0.0005659740691812555	-0.02126513790938548	-0.01747767374606455	0.0055	0.004482142857142857	0.0034642857142857145	0.002446428571428571	0.0014285714285714284	0.00041071428571428563	-0.0006071428571428575	-0.0016250000000000001	0.0	0.0	0.0	0.0	0.0	0.0	0.0	0.0	0.0	0.0	0.0	0.0	0.0	0.0	0.0	0.0	0.0	0.0	0.0	0.0	0.0	0.0	0.0	0.0	0.0	0.0	0.0	0.0	0.0	0.0	0.0	0.0	0.0	0.0	0.0	0.0	0.0	0.0	0.0	0.0	0.0	0.0	0.0	0.0	0.0	0.0	0.0	0.0	0.0	0.0	0.0	0.0	0.0	0.0	0.0	0.0	0.0	0.0	0.0	0.0	0.0	0.0	0.0	0.0	0.0	0.0	0.0	0.0	0.0	0.0	0.0	0.0	-0.004289894069913038	-0.0008258181509120262	-0.0005904848619582358	-0.0028967858125906864	-0.006371037415168839	-0.0013237009504783038	0.006204705127570828	0.0027093213141516125	-0.00037107544371294216	-0.00873623209869382	0.0012404685379391112	0.007131739821125253	-0.004424287195452776	0.0014935824692983916	0.0017889018731833623	0.0005289810178715694	-0.004570471152240296	-0.005262001349936759	-0.001990456956870359	0.0033387122303864744	bull
2006-07-31	-0.015362834353526105	-0.01586796538120036	-0.0018376526775525227	-0.016455177155122364	0.009411879766728101	0.001851488463467877	-0.021480923585253886	-0.006603190981630383	-0.017259519749054465	0.007970807454868441	-0.006189204116419114	-0.015211447740209124	-0.004956073915194589	0.0032293882777746303	0.017613762323084106	-0.0011901256824242653	-0.01942024916164259	0.005352466486464217	0.008374811923326552	-0.0024842737876775794	0.0018608492653740408	-0.011014909752976013	0.0007435243336463314	-0.018781544087834456	-0.0026480814574373402	-0.0011099322246919097	-0.00733556986206124	0.009457253034686433	-0.0004096692953793529	-0.005595187096623374	0.0038477985111979255	-0.0011789677905988218	-0.009917692848061817	0.002744689710033543	0.0019248121813501406	-0.007393361051439098	0.004411971615037835	0.001227527370149845	0.007955654012574385	0.008788516151449639	0.0009112908786354589	-0.005001137766820851	-0.006420660171138178	-0.02158448847756402	0.015450786141589982	0.011677982484041286	0.017922842500068155	-0.00028244209180998696	-8.060274167952078e-05	-0.004781133273601593	-0.002275032697244092	0.007673402834110008	0.006673854008168928	0.023874355310657954	0.00795897653967544	-0.0171532261365347	0.02050773288117791	-0.0039483534562863645	0.00935781138969237	-0.013455318440482845	-0.01343055993784227	0.0063535178951081	-0.03501984161761358	0.014864075164243621	0.0032359076062816847	-0.007357517431113796	-0.0201757220296793	-0.008790483480839996	0.009382394878809139	0.010849117709735307	0.007113508219234717	-0.0033458827744788826	0.01208925192467384	0.022288700242751484	-0.0020751969412033493	0.008194751263234504	-0.004349046196576632	-0.0075678835249070086	0.020170897969747578	0.012453956787042995	0.0055	0.004482142857142857	0.0034642857142857145	0.002446428571428571	0.0014285714285714284	0.00041071428571428563	-0.0006071428571428575	-0.0016250000000000001	0.0	0.0	0.0	0.0	0.0	0.0	0.0	0.0	0.0	0.0	0.0	0.0	0.0	0.0	0.0	0.0	0.0	0.0	0.0	0.0	0.0	0.0	0.0	0.0	0.0	0.0	0.0	0.0	0.0	0.0	0.0	0.0	0.0	0.0	0.0	0.0	0.0	0.0	0.0	0.0	0.0	0.0	0.0	0.0	0.0	0.0	0.0	0.0	0.0	0.0	0.0	0.0	0.0	0.0	0.0	0.0	0.0	0.0	0.0	0.0	0.0	0.0	0.0	0.0	0.0	0.0	0.0	0.0	0.0	0.0	0.0	0.0	-0.0006716058985870983	-0.0023599010166176953	-0.0030075304345256516	0.004122847357097217	-0.0034207781356984665	0.005671337880749672	0.00031342728764244395	0.0012951602563843708	0.0014768418937731436	0.0019295747167637411	0.004145915000236407	-0.005879202699889297	0.0009713033587737644	-0.0009308286019675913	0.00045207595372017306	0.005606915909408421	-0.0018346143029649804	-0.0035725770013674074	0.002544216475940437	0.002503228020826562	bull
2006-08-31	0.02571245305195967	0.0034259908031190763	0.021703550384401138	-0.007717259157537971	0.013007033474503034	-0.016471789349687422	-0.020587608467059523	-0.004577788322448789	-0.00951226801487629	-0.009835123383936908	0.024081802158671027	0.017280851600410586	0.020472495151303984	0.011324993128797697	0.00380663944411071	-0.012745357348348179	-0.0009731140595670697	-0.01350209438627214	-0.004183868101181165	-0.01009262780878043	0.0005152907157189193	0.002810679138887038	-0.011403678467775048	-0.014344175603271399	0.003711482589830403	-0.0024272185374645786	-0.0029644067636372565	-0.003406699242370353	0.0018864519164486285	-0.0068389644070534815	0.021877703253371277	0.026696690810783165	-0.016474830627982967	0.0084719513100654	-0.013070568569265837	-0.006124785889948976	-0.01004655227228867	-0.013827716153152947	0.013683115132886703	0.00773124773139594	0.004273144960251558	0.005348762570449796	-0.017384213997287633	-0.013315737170867323	0.0034340691682268622	-0.013276308623680679	0.008608330076303105	0.006862128645410925	0.013581538206076299	0.01422594296460498	0.01702641672939041	-0.011478885407380606	-0.007559907219686088	0.009183212777749	0.0071561112674805236	-0.005447590016480587	-0.0001745122527146286	-0.015990421077438716	0.0031685987905836865	-0.014506530234181927	0.0011791802673458923	0.004632099208686665	-0.012539734104855002	0.007949649122968997	-0.005894527463209475	0.010616108848738941	0.01759018289464023	-0.006560645799014625	0.0031035155344707626	-1.2436584120915163e-05	-0.004119071994588473	-0.011839893553255857	0.026930820699932047	0.014335104582907784	0.012193869050916165	-0.0049166981548453845	-0.0041191779643940975	-0.014816109360518994	0.019910738054001956	-0.012347279237875484	0.0055	0.004482142857142857	0.0034642857142857145	0.002446428571428571	0.0014285714285714284	0.00041071428571428563	-0.0006071428571428575	-0.0016250000000000001	0.0	0.0	0.0	0.0	0.0	0.0	0.0	0.0	0.0	0.0	0.0	0.0	0.0	0.0	0.0	0.0	0.0	0.0	0.0	0.0	0.0	0.0	0.0	0.0	0.0	0.0	0.0	0.0	0.0	0.0	0.0	0.0	0.0	0.0	0.0	0.0	0.0	0.0	0.0	0.0	0.0	0.0	0.0	0.0	0.0	0.0	0.0	0.0	0.0	0.0	0.0	0.0	0.0	0.0	0.0	0.0	0.0	0.0	0.0	0.0	0.0	0.0	0.0	0.0	0.0	0.0	0.0	0.0	0.0	0.0	0.0	0.0	0.005896465408282614	-0.0010564984970918034	0.005979548899504531	-0.0010019852670844992	-0.008897910647425265	-0.00041646810413940947	-0.0010660936107586374	0.0026742754433957184	-0.012458015774096363	-0.011487346201733513	0.000850309510031223	0.001154281878928928	0.005112516173081258	-0.0011098979847673515	0.003173824702346538	0.002619192373154118	0.0014719470939940152	-0.0027422450382436946	-0.0004602251908967319	-0.0018453243591692	bull
2006-09-30	0.0017007114364508127	0.003622225460188602	0.008054664156388261	-2.8184437161147668e-05	0.0008718971164769908	-0.0015610377286562997	-0.004851019768918338	-0.010933542197177362	0.0015708239846481747	-0.0008850504333783578	-0.000942101684524401	-0.010696587314600084	-0.005061519885984428	0.00035269921767670716	-0.00509283511763423	-0.01101184663790673	0.0007214100297555152	-0.003942208471718223	-0.00371459620570399	-0.011484935440481354	-0.007625629902992371	-0.014574479750432561	0.008334592187462013	-0.006394212691125018	-0.01816985095531828	0.019366859897565793	-0.005758519537117309	0.02424671598517947	-0.01498019654463032	0.0073402550784202065	0.0021258943047135635	-0.017715528360926037	-0.005323651406355862	0.019668348610079236	-0.0027972264575995033	-0.007982896327671725	-0.019924834502294944	-0.017021445968557865	-0.0027711144500779197	0.0009476464986548379	-0.0096880111910861	-0.009339140889234075	-0.016262059511424405	-0.008263951730336689	-0.011877862398750771	-0.003891013809476529	-0.020707489729604515	-0.010980650968772447	0.016532963746246944	-0.013845482066158467	0.00547500666387377	0.006225445039475033	-0.0018130831985297574	-0.01132629751863942	0.014200531851235565	-0.006704773684894934	0.010297566528008244	-0.008532075580218538	-0.011995994516101801	0.006002399111355161	0.010614746142624072	-0.006726773475526762	-0.008455848295413243	-0.008264353017495271	0.006528817654222023	-0.00239366783846824	0.0082028154765509	0.0038839720359146825	-0.0011069566191818773	-0.007869162900685968	-0.00955841490871086	-0.018790066311296014	0.0029588567336755463	0.0019980933312926667	-0.0037526227230415547	-0.0026341781380593127	-0.010611300752906396	0.010395578724137784	0.004225768191963083	-0.009623213568882969	0.0055	0.004482142857142857	0.0034642857142857145	0.002446428571428571	0.0014285714285714284	0.00041071428571428563	-0.0006071428571428575	-0.0016250000000000001	0.0	0.0	0.0	0.0	0.0	0.0	0.0	0.0	0.0	0.0	0.0	0.0	0.0	0.0	0.0	0.0	0.0	0.0	0.0	0.0	0.0	0.0	0.0	0.0	0.0	0.0	0.0	0.0	0.0	0.0	0.0	0.0	0.0	0.0	0.0	0.0	0.0	0.0	0.0	0.0	0.0	0.0	0.0	0.0	0.0	0.0	0.0	0.0	0.0	0.0	0.0	0.0	0.0	0.0	0.0	0.0	0.0	0.0	0.0	0.0	0.0	0.0	0.0	0.0	0.0	0.0	0.0	0.0	0.0	0.0	0.0	0.0	0.011117473560712809	-0.003022018003460028	-0.0020371142466700225	-0.005151005864646803	-0.004647386156476357	0.004863379013236117	0.006288471318986792	-0.006336583797959037	-0.002680610522178323	-0.009189137363239753	-0.005107142802657328	-0.0037071990601142543	0.007053630300610792	0.0017698832181424757	0.005189893340065499	0.0008569027587642783	0.0024745946980701617	-0.0019976652025769704	0.0027227862436946713	0.0007261307147487113	bull
2006-10-31	0.010739154547796271	0.00836011078513704	0.005104137366183226	-0.000692190490917751	0.01907370782161833	-0.003240654035207828	-0.0031796911528155164	-0.003681075465146117	-0.0024496425231839017	-0.0003575913200011382	-0.0016405668657577656	0.0017708346797660308	-0.009212729169461016	-0.006273506986404638	0.011796095675952719	-0.008402185470700907	-0.0017701974788882167	0.007139185305781137	-0.020360180321689954	-0.006505707710845417	-0.005299515054142879	-0.00712400239759783	-0.012492237071436471	0.0026361755308712998	0.008347141012238646	-0.008776088295487115	-0.0024416020348454076	0.0069208206095932095	-0.0008838659232109037	0.0061874279687524165	-0.014758991603724873	-0.00048762385714662697	0.007896706477738566	0.00691233954015228	0.011721557671871639	-0.007477694584481377	0.02574439255457382	-0.016097332277369557	-0.02479215722484166	0.01222212013801421	-0.002917553269994349	-0.004263703916957831	-0.0200223499017234	-0.0018030798800584907	-0.024829375561800888	0.012758585692135052	0.012170648166890126	0.011520370583530856	0.006587115319832716	0.013568359879327292	0.005295911495419312	-0.01576738051756521	-0.019467139233174374	0.012893837960018936	0.005358939501699738	-0.015587418815728227	-0.018588881224795135	0.010361220331885532	0.004357844229586203	-0.005427838764252344	0.0016633213320767883	0.001978344329416805	-0.013417965044556073	0.01696263242661132	0.006095933638541199	0.010344478284111116	-0.008393107553573196	-0.004086661640580696	-0.00661042642535946	-0.004860338293983332	-0.009075883962473557	0.00532383997284177	-0.010057881028373065	0.0011174163633615923	-0.0034587082183103975	-0.0062481160206553235	-0.00041809181253987386	0.020266458787752968	-0.0007481923347151299	0.005495828563976516	0.0055	0.004482142857142857	0.0034642857142857145	0.002446428571428571	0.0014285714285714284	0.00041071428571428563	-0.0006071428571428575	-0.0016250000000000001	0.0	0.0	0.0	0.0	0.0	0.0	0.0	0.0	0.0	0.0	0.0	0.0	0.0	0.0	0.0	0.0	0.0	0.0	0.0	0.0	0.0	0.0	0.0	0.0	0.0	0.0	0.0	0.0	0.0	0.0	0.0	0.0	0.0	0.0	0.0	0.0	0.0	0.0	0.0	0.0	0.0	0.0	0.0	0.0	0.0	0.0	0.0	0.0	0.0	0.0	0.0	0.0	0.0	0.0	0.0	0.0	0.0	0.0	0.0	0.0	0.0	0.0	0.0	0.0	0.0	0.0	0.0	0.0	0.0	0.0	0.0	0.0	-0.0037374834412476376	0.0009273993419899797	0.00017016410029232554	0.005504383642779759	-0.007854338660707942	0.01011278861480222	0.003871309581039305	0.005448279246345719	-0.0027598866914592714	-0.010081614756110184	-0.0002639201216457312	-0.003388414860405539	-0.0029748867924361644	-0.0019461172901939895	-0.003919562605441086	-0.0035194849488705245	0.0031702753492442405	-0.004133035030280366	-0.004690971794668335	-0.002215719383433618	bull
2006-11-30	0.010378395401154136	0.018706934126458376	-0.00012801146201803486	0.0035099233053221763	0.0004661196843802468	0.005182977559183723	-0.011794079595774496	-0.0007286836335688451	0.006311551966922189	0.002244079851474892	0.005276742540003296	0.011142466640888266	-0.014102444069902907	0.016748619434680024	-0.001618639329342155	-0.0061932215026622855	-0.01252450172598423	-0.0022462900706579497	0.013484357637641572	0.000433927883904078	0.03722637035028989	-4.280737630845152e-05	-0.006658435395694904	-0.009531233164359262	-0.01756278884697169	-0.017362360696412307	-0.007018902442360072	0.011888397624700139	-0.009513408898744323	0.023983016834993154	0.015515627782572844	-0.026090497143574833	0.005666307022533256	0.0064512955075476325	0.020893247735608047	0.01008934393439179	0.016320082256701368	0.011683552823273458	0.0029993355744392953	-0.015449060798196008	0.01564723033072962	-0.005241168218085137	0.005463129503414583	0.0024176870716176692	0.010264650369536096	-0.00728014979144415	0.0015542314086450346	0.01979278991585417	0.016083830270111708	0.027002488398490725	0.003645528167024359	0.006271566636655356	-0.011854567841710894	0.007574566946134578	-0.008375466821245504	-0.004864836280326239	0.02822021493636059	-0.02885623861553769	0.015038432866689782	0.007921133335503832	0.014343517964359818	-0.013045683148165803	-0.012959824128179153	0.0015451596641782857	0.029853151259057683	0.01229756554075971	0.00964369921891458	0.0030319058776234076	-0.006770637465493631	-0.0034515011659096324	-0.010550318755137232	0.0031816471558724696	0.0077342230863475135	0.01605988147695369	-0.010040531918037894	0.012395615076939676	0.0015633205237518578	0.0034699890101735982	0.024660235564176493	-0.01371583756835788	0.0055	0.004482142857142857	0.0034642857142857145	0.002446428571428571	0.0014285714285714284	0.00041071428571428563	-0.0006071428571428575	-0.0016250000000000001	0.0	0.0	0.0	0.0	0.0	0.0	0.0	0.0	0.0	0.0	0.0	0.0	0.0	0.0	0.0	0.0	0.0	0.0	0.0	0.0	0.0	0.0	0.0	0.0	0.0	0.0	0.0	0.0	0.0	0.0	0.0	0.0	0.0	0.0	0.0	0.0	0.0	0.0	0.0	0.0	0.0	0.0	0.0	0.0	0.0	0.0	0.0	0.0	0.0	0.0	0.0	0.0	0.0	0.0	0.0	0.0	0.0	0.0	0.0	0.0	0.0	0.0	0.0	0.0	0.0	0.0	0.0	0.0	0.0	0.0	0.0	0.0	0.00045462604555802477	-0.004991309436102069	0.006288276916284578	-0.00418754398179077	0.0033314771420584503	0.006659039481683756	-0.0022342595882098074	-0.00039159027812672416	-0.0013521576939320476	0.004071546407698802	0.0019562601826920096	-5.232047092718485e-05	0.0027026112677909237	0.0015701251952988412	-0.005815610230012928	-0.00023611110781362847	0.0023985920742839364	-0.002081970937992042	-0.005171270095447433	0.005582018146484425	bull
2006-12-31	0.005028770758748782	-0.013645432352797672	-0.006258641134393547	-0.023254663494197695	0.007023427087864227	0.007476553715089913	0.007925032716896676	0.010702693797811908	-0.012707060173259944	-0.0171156028672793	-0.004143693386738652	0.014870886128414513	-0.010910821155036587	0.01192114590179651	-0.0015253885095216433	0.013125171817673151	-0.008452256124091763	-0.006327656939372494	-0.008531300974106117	0.022395748026705072	-0.00973031642171132	0.0024390169139609096	0.0049186026342932666	0.011573080801725637	-0.004561517184910236	0.005172418622530363	0.014179920818988423	-0.004208130926829763	0.007350825729778785	0.007941013787776898	-0.0011031282309364482	0.006391742134187025	0.013293268417935713	0.002670932811297549	-0.006608615513213008	0.010462570736779465	0.016154967706784183	0.0020356620442078654	0.012508949175622463	-0.009440077371497624	0.010359562119236202	-0.0020445051121676617	-0.017406140246003485	0.01550367457741778	0.003395331601509688	-0.020750273853636213	-0.00601931981998889	0.017407448384830035	-0.02187997667740038	0.0064315050165332085	-0.00010585975808538624	0.009001073296124647	0.010645731869237274	-0.002060315202112713	0.0179882438723608	-0.020562387929998878	0.02299731585595611	-0.0172827982014858	-0.001944688852796189	0.008133820715202623	0.009431845529859024	-0.004288478897036089	-0.009985516042415356	0.008915370744493282	-0.009578876639874032	-0.00954818283465172	-0.0028217077952091604	0.011146529492438204	0.01179044191134281	-0.0005846787263668295	0.01481423786185988	0.015784224888866414	-0.036718128748969965	0.00972322431556469	0.028427359260177802	-0.014189658547074062	0.00019209996293503373	0.015547456756849121	-0.0024361698187467403	-0.0075463540626324105	0.0055	0.004482142857142857	0.0034642857142857145	0.002446428571428571	0.0014285714285714284	0.00041071428571428563	-0.0006071428571428575	-0.0016250000000000001	0.0	0.0	0.0	0.0	0.0	0.0	0.0	0.0	0.0	0.0	0.0	0.0	0.0	0.0	0.0	0.0	0.0	0.0	0.0	0.0	0.0	0.0	0.0	0.0	0.0	0.0	0.0	0.0	0.0	0.0	0.0	0.0	0.0	0.0	0.0	0.0	0.0	0.0	0.0	0.0	0.0	0.0	0.0	0.0	0.0	0.0	0.0	0.0	0.0	0.0	0.0	0.0	0.0	0.0	0.0	0.0	0.0	0.0	0.0	0.0	0.0	0.0	0.0	0.0	0.0	0.0	0.0	0.0	0.0	0.0	0.0	0.0	0.0009206103929363737	0.002992017862070595	0.004743517150724333	-2.8021123658458617e-05	0.002419383483789542	0.001474745372846017	0.0020033572715319253	-0.00012747479020540884	0.003782296348521843	0.004906228204505088	0.003502029531591577	-0.0038679824280123546	-0.005707598716397177	0.0027552921806080445	-0.0012735712195215106	0.00133424108054522	-0.00826791373472866	0.008085053103731664	0.004839556271462379	0.0029672389507966403	bull
2007-01-31	0.03197423905193516	0.013411745219186411	-0.01529806571784036	0.001139570035071077	-0.027763319473190832	0.00902774111014701	0.011047161615363241	0.004401782719981446	0.007847102771397864	-0.0028762296209200273	-0.003970992660630401	0.009637025853769517	-0.009426825568831194	-0.0018064675333348313	-0.003885604147691306	0.0023814605579050214	0.003509341799057332	-0.0065094227558546445	-0.011879598890670535	0.001499826978455428	-0.012845759160043931	0.004227082908018051	0.014908265522567592	0.0034257117471794265	-0.014091523791344832	-0.001794449838236149	-0.017774842282127362	-0.02363152764356197	0.020827199012378332	0.008128921158277805	0.0016193262328721922	0.004500610093452951	0.0051691338661716425	-0.020351295212024407	-0.011618646029241878	0.0024966141748309855	0.008453926321383221	-0.017253493910143677	-0.01085718608757779	-0.004362982508151938	0.01600773614133674	0.00593100216108874	-0.019324775922333944	-0.012610381416719187	-0.01639147599189792	-0.005975230768055335	-0.00383919307457452	0.0010594276131625617	-0.0019205994291811228	0.015776277536678134	0.004766736355580569	-0.01172606766872555	-0.017831351551038096	0.007901150492908201	0.001618249482710014	0.007019593823665295	0.018844983785115177	-0.0043703129288689135	-0.016535932827214106	-0.004465316941455633	0.004097387242606866	-0.005223073588006432	0.016526275655488233	0.026567353372051076	0.030825410841183832	-0.0030196950107050074	-0.0011958653552633955	-0.0049694271430329095	-0.020562082697315468	0.01112738387882001	0.008068652589333212	-0.024345876402936176	0.027648636242169847	0.0006554589004215255	-0.003621607968628177	-0.005837639221485483	0.00911587093116501	0.0011543312789774392	0.021099443736839033	-0.0025718296883486	0.0055	0.004482142857142857	0.0034642857142857145	0.002446428571428571	0.0014285714285714284	0.00041071428571428563	-0.0006071428571428575	-0.0016250000000000001	0.0	0.0	0.0	0.0	0.0	0.0	0.0	0.0	0.0	0.0	0.0	0.0	0.0	0.0	0.0	0.0	0.0	0.0	0.0	0.0	0.0	0.0	0.0	0.0	0.0	0.0	0.0	0.0	0.0	0.0	0.0	0.0	0.0	0.0	0.0	0.0	0.0	0.0	0.0	0.0	0.0	0.0	0.0	0.0	0.0	0.0	0.0	0.0	0.0	0.0	0.0	0.0	0.0	0.0	0.0	0.0	0.0	0.0	0.0	0.0	0.0	0.0	0.0	0.0	0.0	0.0	0.0	0.0	0.0	0.0	0.0	0.0	-0.002060907750108676	-0.00025015627343042703	-0.00887048378313644	-0.005195760933767181	0.010057509303225236	0.0011814571235756071	-0.005007205290110032	0.00848537259682305	-0.0033677088513658438	-0.0026716110991969687	0.004788658587448722	-0.003259472206711779	-0.0028720178772590897	-0.0015826060325499543	0.001374968846728372	-0.003181873168737576	0.0025984891483146373	0.004521647827599101	0.00834569484751851	0.0033483271364602536	bull
2007-02-28	0.0385421888202219	0.005892109472874132	0.010950730065848648	-0.019663778859860877	0.013636588219291665	-0.003074789575959423	0.0025837196621610265	0.013501861565188912	-0.007457301633734982	-0.014061505738531013	-0.012930710010022889	-0.01187352994111288	-0.007082872633425555	0.0053651799773999425	0.006601428129519057	-0.017674071457303823	0.005409563404470335	-0.01580790621594019	-0.010188793545828903	-0.0012239364219178398	-0.007912171825311726	0.000434834609003915	-0.006534485317459161	-0.011118189782563176	0.006542920936047423	-0.016388563601365157	-0.014494513912649524	0.004451389360825279	-0.0016454933482118151	-0.013294116628222694	0.0007469850634322794	0.005721001448869077	-0.009395452155892853	0.0013325482253273735	-0.00580236671841695	0.005230648489107436	-0.019560971539544916	-0.008696302926711051	-0.01921796425757098	0.0166741854752418	-0.018929436270615635	0.00418616114664045	-0.008491126290901322	0.010544735048279744	0.0013241036384773579	0.011117338063199743	-0.006485607975817237	0.010800061803513172	0.017811484285861927	-0.0039427086962337795	0.0070699419901846	-0.009124144946712492	-0.0005320325293865528	0.0031770502841739394	0.0033739977316147958	0.005108749716724013	0.017993170228769277	-0.005401703620505379	0.006467582081716984	0.006578924869333893	-0.02167308706223793	0.00956747483856084	0.0003904797477778817	0.021310510677556935	-0.01634276092446141	0.012134869413835363	0.01250058559084805	-0.02103830365692417	-0.011777397554566027	-0.002130448456815775	0.005893269098733752	0.01804534117752367	0.0010295943734651353	0.00806543755994823	-0.022356910201477582	0.013034158444796178	0.0027031081744087367	0.007275741006320626	0.003197865821361156	0.0064138298073534855	0.0055	0.004482142857142857	0.0034642857142857145	0.002446428571428571	0.0014285714285714284	0.00041071428571428563	-0.0006071428571428575	-0.0016250000000000001	0.0	0.0	0.0	0.0	0.0	0.0	0.0	0.0	0.0	0.0	0.0	0.0	0.0	0.0	0.0	0.0	0.0	0.0	0.0	0.0	0.0	0.0	0.0	0.0	0.0	0.0	0.0	0.0	0.0	0.0	0.0	0.0	0.0	0.0	0.0	0.0	0.0	0.0	0.0	0.0	0.0	0.0	0.0	0.0	0.0	0.0	0.0	0.0	0.0	0.0	0.0	0.0	0.0	0.0	0.0	0.0	0.0	0.0	0.0	0.0	0.0	0.0	0.0	0.0	0.0	0.0	0.0	0.0	0.0	0.0	0.0	0.0	-0.001802905488718286	0.008211350764049068	-0.003113031008319031	-0.001745475529839422	-0.0024629043644173883	-0.003422420066975278	3.184215178768737e-05	0.00891292676517517	-0.0007220802262266909	-0.003965666389614962	-0.0022048210210343427	-0.0030627418625453835	0.001396801841672448	-0.0011498918078148752	-0.0006089624607942215	-0.004175174878095652	0.0013303959815515452	-0.008813883243691494	-0.0027856155399671027	0.007368707137122215	bull
2007-03-31	0.010519808968527628	0.01787909667400063	-0.0030108047280730196	-0.00137133814772219	0.013116657849279904	0.01103109550137141	0.005684627258660126	0.019614628362158704	0.005766836862269485	0.02263378589327775	0.004208115606555725	0.008819237852713716	-0.015499303195403618	0.011859896761853648	0.0005358280140355353	0.01220003107700912	0.010525036899605867	-0.0060813901313143	-0.010255224276730715	-0.009675018238611229	-0.027660441658112822	-0.024678869981386173	-0.0013145687467858815	-0.010217248504423349	0.003189340615243876	-0.020820064481867084	-0.011786620830882942	-0.009203552670330078	0.004865947517802531	0.014901500590761781	0.008093302098462238	-0.023358578747907595	-0.002738191106517193	0.011610163092017638	0.0044795775029642364	0.0014383951368713475	-0.020030234553828866	0.006175863324763947	0.013049528762228904	0.0011430279236802243	0.004458704942762556	0.006084055977447275	0.0059604648126742885	-0.0031841420075376953	0.005053617627435679	-0.00019156670596695504	-0.0004019086945532348	-0.011317699908731476	0.011306673516138148	-0.012158325517174114	-0.0004510727531554308	-0.003669210823784772	-0.012303095976774831	-0.006708883175344213	0.008050857407460796	-0.006075334258351909	-0.017803789430930226	0.008513106376863703	0.020433870957438073	0.007223674876238434	-0.013764275857837467	0.0072111197732857325	-0.0043653906350789775	-0.0011755386146223745	-0.011449608990935048	0.017596079321480648	-0.007867811706491035	0.0079840130464306	-0.011098710717890928	0.01440499159385899	0.01562435768962756	0.020888444255906732	0.00929123275735557	-0.01884222813722584	-0.018124843617921632	-0.006908601577919795	-0.018050179339626615	0.010747515137875873	-0.018207820550450858	0.0011437555200200934	0.0055	0.004482142857142857	0.0034642857142857145	0.002446428571428571	0.0014285714285714284	0.00041071428571428563	-0.0006071428571428575	-0.0016250000000000001	0.0	0.0	0.0	0.0	0.0	0.0	0.0	0.0	0.0	0.0	0.0	0.0	0.0	0.0	0.0	0.0	0.0	0.0	0.0	0.0	0.0	0.0	0.0	0.0	0.0	0.0	0.0	0.0	0.0	0.0	0.0	0.0	0.0	0.0	0.0	0.0	0.0	0.0	0.0	0.0	0.0	0.0	0.0	0.0	0.0	0.0	0.0	0.0	0.0	0.0	0.0	0.0	0.0	0.0	0.0	0.0	0.0	0.0	0.0	0.0	0.0	0.0	0.0	0.0	0.0	0.0	0.0	0.0	0.0	0.0	0.0	0.0	0.0020885203932813788	0.0012800831824778395	-0.0003098254322343232	0.0023924169400942885	-0.006986194661367288	0.0050601333023320445	-0.0033908042172736894	0.006827090019163328	0.003780441368419445	-0.0002636342519111779	-0.0016726920721664765	0.0033257832217057203	-0.004743951974529892	-0.0025360877321684494	0.002663429153770833	0.0013851743220723905	0.009189565860946831	0.003285733900415499	-0.00023097256115601702	-0.004793396659035743	bull
2007-04-30	-0.002643822889929129	0.010716878317168752	0.004101533363762136	-0.017307921282976133	0.008602160872820544	0.014109794201245716	0.003493044627975855	0.0030349038547854324	0.0086296990841474	0.0003268517044434925	-0.003614975487851003	-0.005767977613180327	-0.0009201920145419073	0.00011543053027248748	0.006884536566131391	0.011070927352197994	0.015847332127194257	0.001855838168185941	-0.025111984916794942	-0.0006338179053537632	-0.017024996256141272	-0.02370837332685586	0.0030882658099791026	0.015124509288325325	-0.0142383186882316	-0.004402149086456	-0.005332672768092901	0.003021232150500829	-0.01340884773432103	-0.0007358824344681509	-0.005275266206726187	0.0009805457897288123	-0.010455975577110373	-0.016331531334538844	-0.008165574960234703	0.0036613220336154254	0.010196533331282943	0.0012443793898183524	0.0041752411283366405	0.005458944311438134	-0.003586623428229492	-0.01269800765483611	0.0037419204756091186	-0.002984967139979357	0.009652165198231094	0.00788871754295178	-0.014314856871075716	0.000927290970918455	-0.010258564108397816	-0.0024031763369571574	-0.001114582992556695	-0.002297170095504525	-0.008269648749339806	0.006839522720265861	0.002470036821297007	-0.00801455336097747	-0.0118932590184364	0.01235548326331275	-0.03005167043330986	0.01479107381757451	-0.010249295272998166	-0.01026507980500532	-0.0007039117332572262	0.021348651872401547	0.0031347824981191146	-0.008582350350912505	0.026697375938843984	-0.018872344141263972	0.00016429547264174888	0.01168241770091673	0.023472358776867826	0.015226078270589543	-0.001322569452887816	0.002291831810103472	-0.007890617402192428	0.00047722155149295813	0.00285367154007807	-0.004343613974789151	-0.003323677412174142	0.0037552541808597802	0.0055	0.004482142857142857	0.0034642857142857145	0.002446428571428571	0.0014285714285714284	0.00041071428571428563	-0.0006071428571428575	-0.0016250000000000001	0.0	0.0	0.0	0.0	0.0	0.0	0.0	0.0	0.0	0.0	0.0	0.0	0.0	0.0	0.0	0.0	0.0	0.0	0.0	0.0	0.0	0.0	0.0	0.0	0.0	0.0	0.0	0.0	0.0	0.0	0.0	0.0	0.0	0.0	0.0	0.0	0.0	0.0	0.0	0.0	0.0	0.0	0.0	0.0	0.0	0.0	0.0	0.0	0.0	0.0	0.0	0.0	0.0	0.0	0.0	0.0	0.0	0.0	0.0	0.0	0.0	0.0	0.0	0.0	0.0	0.0	0.0	0.0	0.0	0.0	0.0	0.0	-0.0019328193011614024	-0.001973147694253198	0.005620293519806224	0.008183451491413668	-0.004552843025591313	0.003773996291703211	-0.004084775382202356	0.00990381212972548	0.0028650433312111595	-0.0032802463690505576	0.0044167038637203055	-0.0021978761324580884	-0.008363872156894707	-0.0012641529388703443	0.004117032532418895	-0.0010244207668303773	0.007278548456092314	0.00528118434860998	0.002912555431843325	-0.0004278456643565608	bull
2007-05-31	-0.006334761973550027	-0.0006354137393135379	0.006370784138485513	0.0038127357884090475	-0.020489687308793424	0.0012950709899186195	-0.03312550583307795	0.01032465459811155	-0.0098611357123251	0.004963873702891185	0.00048580232262629435	-0.0034910770333128663	-0.010624474549350785	0.003625381637276552	0.0068628048974999694	-0.006664415773298124	0.000561718424019575	-0.007631878972637455	0.005398741427957247	0.013021139276395886	0.021720898464100934	-0.006910216086054931	0.0009201305214281365	-0.0030413553272204707	0.005312668445238408	-0.01278109176930215	0.01972477453595737	6.344535853891937e-05	-0.012908462120856412	0.012848687944506366	0.011972004690115555	0.020205958490522397	-0.019756746003672946	0.01089867881923402	0.0028001368509295178	-0.0029769959817201575	-0.0009444300932871524	0.004006328408381388	0.0075262782344941905	0.007865178979398585	0.005900428637787844	-0.005589836702186716	0.0071825945204142235	0.007789442474259957	0.006141394273476893	0.023886542533598475	-0.0007658542743816804	-0.008353836304440393	0.0053508390343464125	-0.0029057173381579716	-0.028732383817570633	0.017342122930392553	-0.0017367032087605109	0.010488932513009645	0.008737310802911498	-0.0043174441195116915	0.00754627958985777	0.006782187495542555	-0.010006643074111529	0.005352642423828009	-0.008283934877357348	0.009743707007533992	0.0025070480973681006	0.003923202564270185	-0.007548475890828431	0.009982739698907648	0.02656969360870243	0.007594821592717878	0.014731721893000963	-0.005149927181758426	-0.008387136347625411	-0.011435446610150257	0.003518545587928352	0.023352491389615235	-0.0014310278631430675	0.019625624870382025	-0.011987106287261606	0.009005788703161622	-0.009069546064558535	0.011453063668146463	0.0055	0.004482142857142857	0.0034642857142857145	0.002446428571428571	0.0014285714285714284	0.00041071428571428563	-0.0006071428571428575	-0.0016250000000000001	0.0	0.0	0.0	0.0	0.0	0.0	0.0	0.0	0.0	0.0	0.0	0.0	0.0	0.0	0.0	0.0	0.0	0.0	0.0	0.0	0.0	0.0	0.0	0.0	0.0	0.0	0.0	0.0	0.0	0.0	0.0	0.0	0.0	0.0	0.0	0.0	0.0	0.0	0.0	0.0	0.0	0.0	0.0	0.0	0.0	0.0	0.0	0.0	0.0	0.0	0.0	0.0	0.0	0.0	0.0	0.0	0.0	0.0	0.0	0.0	0.0	0.0	0.0	0.0	0.0	0.0	0.0	0.0	0.0	0.0	0.0	0.0	0.0011289780943043487	-0.012890847463527762	-0.005185766519565823	-0.0019230098459466557	0.008696128397861401	-0.001848681066648184	-0.0010233178482485141	0.002973620015663212	-0.0029698276196646525	0.00438806491342807	0.0014069228744748971	0.005159722894688766	0.001614205925344907	-0.0020338248387922545	-0.0037841262737771607	-0.0025630335865073667	0.0022668567490346987	0.0012728806813504753	0.0002898903922007881	0.00027055840292446534	bull
2007-06-30	0.003581672887794373	0.024443074304433182	0.007766817244113664	-0.006357498571586387	-0.0006923089333774868	0.016804980432918667	-0.00012613580528548514	-0.019119993322861586	-6.361686366441598e-05	-0.004163217114489696	-0.0009723438130002986	0.002139948396442098	0.010566843336065555	-0.0014203957501204198	-0.012506908705302194	0.0001188732491632641	-0.013106885824624813	-0.01776157447754665	0.024450799667295717	0.006181366193091561	-0.009800876660897987	-0.0024956092550148887	0.015959940277100904	0.0057393385707855795	0.010706843533193304	-0.0051621378723527836	0.003949464374539532	0.023598341974471294	0.014657140077636376	-0.01011137552452117	0.0159794104023788	-0.01890896683790095	-0.00395540170555809	-0.003013237419950329	-0.009911896235117772	-0.005591739579181482	0.014645630803321676	0.02810334326103155	0.02703539223630658	-0.025156200842496597	0.006862924871889721	-0.01288684890810097	-0.009105627548818083	-0.006702834008656787	-0.005567103681264578	-0.0024766442166349704	-0.010991814740065602	-0.009723410268091261	0.0065019439987141405	0.0020849112442596924	-0.003007155836969052	0.021649123502810334	-0.004025575009037623	-0.000738759714816398	0.016516679266994714	0.013624744955917822	-0.0018554011079350578	0.01737868693140025	0.002285377757857114	0.012200781054952047	-0.009680286720656527	-0.025756579715112266	0.008378270520867433	-0.008719319834926059	-0.029409545811538103	-0.009631715111742961	-0.003416060494626967	-0.010791780626872007	-0.004828331599283988	-0.017858194370771522	-0.0007159300775856128	0.0239785155740267	0.005557827323511375	-0.0041628125270135015	0.012049911162769527	-0.00572604817329995	0.00579741443406993	-0.011934045241980032	0.01742491321773301	-0.004240486423222958	0.0055	0.004482142857142857	0.0034642857142857145	0.002446428571428571	0.0014285714285714284	0.00041071428571428563	-0.0006071428571428575	-0.0016250000000000001	0.0	0.0	0.0	0.0	0.0	0.0	0.0	0.0	0.0	0.0	0.0	0.0	0.0	0.0	0.0	0.0	0.0	0.0	0.0	0.0	0.0	0.0	0.0	0.0	0.0	0.0	0.0	0.0	0.0	0.0	0.0	0.0	0.0	0.0	0.0	0.0	0.0	0.0	0.0	0.0	0.0	0.0	0.0	0.0	0.0	0.0	0.0	0.0	0.0	0.0	0.0	0.0	0.0	0.0	0.0	0.0	0.0	0.0	0.0	0.0	0.0	0.0	0.0	0.0	0.0	0.0	0.0	0.0	0.0	0.0	0.0	0.0	-0.0010710828455147373	-0.0012175266475895072	0.008308637192165983	-0.005668506381518097	0.0078109465297705695	0.006734693188149799	0.0002912382025822865	0.002549002964414175	0.0007953977145508658	-0.006413493556547412	0.017484067803271344	-0.0006239929206293621	-0.004204351388426325	0.0011995508502271684	0.003523347733693289	-0.0043121767059508655	0.00856979240347994	-0.0012784740551651747	-0.005355860298520379	0.003067850368321831	bull
2007-07-31	0.011897088295631107	0.004903967530366419	0.010963536739192542	0.003802540659671674	-0.0046640573784178675	-0.009933875363989037	0.040637159509376374	-0.0024544038519839296	-0.006194090450671085	0.006582159042681642	-0.008689267764265289	-0.004185397646941401	-0.011279428322052256	0.0011314141976403894	0.0010990145023987994	-0.011826118340925005	-0.012994093036212646	0.002153296011469387	-0.01830318608949896	0.0064353844246685865	-0.02892037480165014	0.0069460625742985786	0.018877273138266128	0.009585035859228623	-0.008669830593683899	-0.009457593221874354	0.001592370968776409	-0.010164637338363428	-0.0029751459018577736	-0.008514741351615398	0.019739609423001656	-0.011815550601700415	-0.01578105830050084	0.011304387547247151	-0.02217966804359404	-0.005751692840730321	0.014108627368287463	0.002774254278915651	0.02450271850862841	-0.007026711773292641	0.007310195692143583	0.014950925948833125	0.02303944876830881	-0.0017711965999389425	0.017253205355837204	-0.0018625699557226277	-0.007879722589411022	-0.008769804763174726	0.008637579478728136	0.006665771662925697	0.00032857028239279955	-0.003449211509497564	0.0024790857129997315	0.002279138355403374	0.011822848476498499	0.012352665433363717	-0.015286242920420556	0.01048845463710073	-0.012010740332522278	0.008365833178615053	-0.007884807858383754	-0.009573866952868085	0.0009808778347728587	-0.021030590324978275	0.0009341725549511489	-0.001513651112689224	-0.012226820202155484	-0.015366521077328105	0.009597919813204112	0.011910850207895294	-0.0035321596307577585	-0.011850085283850405	0.012683648588423484	0.006303549174394436	0.01505022231292356	-0.016090207083499723	0.01773360237914229	-0.01445968564274443	-0.007200405516261113	0.014283217838642432	0.0055	0.004482142857142857	0.0034642857142857145	0.002446428571428571	0.0014285714285714284	0.00041071428571428563	-0.0006071428571428575	-0.0016250000000000001	0.0	0.0	0.0	0.0	0.0	0.0	0.0	0.0	0.0	0.0	0.0	0.0	0.0	0.0	0.0	0.0	0.0	0.0	0.0	0.0	0.0	0.0	0.0	0.0	0.0	0.0	0.0	0.0	0.0	0.0	0.0	0.0	0.0	0.0	0.0	0.0	0.0	0.0	0.0	0.0	0.0	0.0	0.0	0.0	0.0	0.0	0.0	0.0	0.0	0.0	0.0	0.0	0.0	0.0	0.0	0.0	0.0	0.0	0.0	0.0	0.0	0.0	0.0	0.0	0.0	0.0	0.0	0.0	0.0	0.0	0.0	0.0	0.010356313126281989	-0.01212997803664713	0.0005345993688212931	0.006568939086499604	-0.004182789243124563	-0.003536863224384324	-0.004715842856135213	0.0016987640599723669	0.0025445299587835636	-0.001263956338307969	0.006235562497160353	-0.0003515655743152736	-0.0070542489329783265	-0.003282208505902001	0.0016580213733025778	0.005630607478824143	0.0047293776834394325	-0.007123643261595231	-0.00606043068773589	-0.001472416282092507	bull
2007-08-31	0.010611247718791236	0.017492858542229303	0.0014242209888857141	-0.018999238730041376	0.012187741150960373	0.004208458311544302	0.008140069158559514	0.0072173326633690645	0.021605748445893483	-0.0157690061948701	0.0018147433740747392	-0.003910641507728179	0.002048707784102169	0.014197821358153844	-0.007376201222384802	-0.0010833629814241848	-0.012667549038179973	0.014734379227508069	-0.008133263704344865	0.003830322398050938	0.013196156019701803	-0.010899387951264557	-0.0199723221447252	0.014137728174049236	-0.011576096559052547	0.0033489476489293422	-0.014017857319882396	-0.0003775741029922546	0.009571769080707837	-0.008747270949256293	0.004119210795544526	-0.008470006893297114	0.004050291472811738	0.005678851311591801	0.005120287132022365	-0.007579432088490467	0.01461345369627881	-0.008050711646232172	0.007891240722909263	0.022263796208637464	0.004381898510970234	0.0006754391188901681	-0.00628917731822749	0.01372399007335742	0.003151342559390036	0.00841619080688001	0.007204581986322599	0.0004931045145148875	-0.0012960230482476258	0.002741597384001524	-0.00570084023666255	0.004606066095194557	0.0011891081009645311	-0.020838420735861597	-0.015508599932570888	0.008043936466653318	-0.009467615259862122	0.019656193093649126	-0.0019391248425816479	-0.005537401970152134	0.0003893749919309872	-0.011909442144004159	-0.0028451954741505426	-0.009918829276232369	0.00931974906739776	0.0019907604727530176	-0.020015475751663125	0.017100034892035636	-0.008348576832632794	0.019306990814850575	-0.012518344774752568	-0.00644608951204642	0.018152301967027627	0.015412350953342153	-0.021643493604688653	-0.01806555644411581	0.019218738928510077	-0.00835479303778746	-0.002642133233638104	0.007270818295694479	0.0055	0.004482142857142857	0.0034642857142857145	0.002446428571428571	0.0014285714285714284	0.00041071428571428563	-0.0006071428571428575	-0.0016250000000000001	0.0	0.0	0.0	0.0	0.0	0.0	0.0	0.0	0.0	0.0	0.0	0.0	0.0	0.0	0.0	0.0	0.0	0.0	0.0	0.0	0.0	0.0	0.0	0.0	0.0	0.0	0.0	0.0	0.0	0.0	0.0	0.0	0.0	0.0	0.0	0.0	0.0	0.0	0.0	0.0	0.0	0.0	0.0	0.0	0.0	0.0	0.0	0.0	0.0	0.0	0.0	0.0	0.0	0.0	0.0	0.0	0.0	0.0	0.0	0.0	0.0	0.0	0.0	0.0	0.0	0.0	0.0	0.0	0.0	0.0	0.0	0.0	0.002412809063588507	-0.001366562117621973	-0.00876694750060053	0.014277351820776604	0.0031983656108681376	-0.0019754551728179658	0.006819899631123603	0.006629217950166517	0.0013138954176706674	0.0004921085368695513	0.01085657983271489	0.005551508821166734	0.0002598183324471863	-0.005150644731686412	0.002984338355384834	-0.004076426693458111	0.004658470354039999	0.0017922118909752325	0.0009422751724408728	-0.0038554938783486765	bull
2007-09-30	0.016640308437093555	0.005973002216909023	0.00340101507151575	0.01196892278786901	-0.009348055217153253	-0.010163516288603187	-0.004983260567641638	0.0010378096242148489	0.00022219115036761194	-0.017555444421258882	-0.023774967549362796	-0.01045765810420907	-0.009385080263676392	-0.009539913566990169	0.01233461008735857	0.0075340168322172805	0.023801688646171108	0.00407827818686268	-0.0005740764558301315	0.023125729298916577	0.005953020071303818	0.01186778965803124	-0.023428578224769916	0.003616655072166663	-0.00031784266094129734	-0.001120019195355895	-0.002427409727680523	0.01825837741672285	-0.011720176598776376	-0.004841729104449724	0.009883022226546063	-0.011885162054101324	0.0036703476758582973	0.02418575528191438	-0.0010885549659328726	0.007041617483767327	0.005446161286714461	0.007276151819058461	-0.025420700214473367	0.015136054991228987	-0.01982818767214432	-0.009224744225706377	-0.009204898525037888	0.00741241771052359	-0.016893131091271028	0.010325637245705633	-0.001767239439892245	-0.003182980871368112	0.005203753700109654	-0.0029934343348810956	0.014581485922531421	0.013124892088428172	0.0035177574675764557	-0.0006113580630129896	0.003548060000770745	-0.01063788699457394	-0.006940706212110384	-0.0025899129739720378	0.025554439040322938	-0.004183342126923189	0.0038473814131143287	0.0013338147502245802	0.01928729691228548	-0.005055704983465722	0.0135934544748589	0.012807686774495397	-0.007559067931643481	-0.01420740686404172	0.014398410918674559	-0.011360045493403793	-0.0044283797117801536	0.002368786780389626	-0.001723911546527013	0.005974080836588503	-0.0031020332554645195	-0.008772555006248831	-0.013005268203466607	0.007864744703778912	-0.004926944949455557	1.6068620295607585e-05	0.0055	0.004482142857142857	0.0034642857142857145	0.002446428571428571	0.0014285714285714284	0.00041071428571428563	-0.0006071428571428575	-0.0016250000000000001	0.0	0.0	0.0	0.0	0.0	0.0	0.0	0.0	0.0	0.0	0.0	0.0	0.0	0.0	0.0	0.0	0.0	0.0	0.0	0.0	0.0	0.0	0.0	0.0	0.0	0.0	0.0	0.0	0.0	0.0	0.0	0.0	0.0	0.0	0.0	0.0	0.0	0.0	0.0	0.0	0.0	0.0	0.0	0.0	0.0	0.0	0.0	0.0	0.0	0.0	0.0	0.0	0.0	0.0	0.0	0.0	0.0	0.0	0.0	0.0	0.0	0.0	0.0	0.0	0.0	0.0	0.0	0.0	0.0	0.0	0.0	0.0	-0.00029627207065117684	-0.001418320626899504	-0.0013004485754765265	0.00354492320295556	-0.0023644039258668083	0.0071332914024737	-0.003921883506716763	-0.002717729253331437	0.011440334161655604	-0.0033134865107090714	-0.002732231092833044	-0.0019608689219831033	0.0018929483561163974	0.00035858530345824835	0.0007650103978056194	0.0026207025071810323	0.007968652902408361	-0.0006256036780877096	-0.0008928112949487548	0.007031462529131946	bull
2007-10-31	-0.006073189771918872	-0.021285558759193256	-0.002395237834881154	-0.008172701545972253	0.013382621076691784	-0.006675200033061186	0.022038649413605754	0.004041631584358066	0.016224847434216334	-0.00143277603959766	-0.01517076451615892	-0.007603083025858017	-0.0032122768108918775	0.001554124493324946	-0.023161712209145938	0.004178715613484835	-0.020425770265756527	-0.02035792067512819	-0.008766338804000962	0.0009984386909431709	-0.0003415163840011995	-0.02706485635933562	0.002938392851722746	0.01694082858205742	-0.015876089476299694	-0.017209024326707432	0.009339751520908077	0.0036631575584311375	0.004043827189343736	-0.004715741059136861	-0.014016138020385501	-0.006168080299312833	-0.0017168844709567219	-0.0007393085474497648	0.004923592076467324	0.002578595787032607	-0.00016047565889545663	-0.010779746418325785	-0.016978014422421972	-0.016464501831245686	-0.0083853825895418	-0.0004813289392368131	-0.014949958653518109	0.0024826649731830856	0.00930003198240943	0.00890497474475441	0.0008439115854863792	-0.028540472399187684	0.0028476617221080544	-0.006876899287621323	-0.0034558667068434164	-0.009362931397398234	-0.010989853024455548	0.0011439956947193078	-0.0045830180279430735	0.011257796477092531	-0.010120353072914576	-0.010253660272984967	0.008213299071291128	-0.007414875606523182	0.013123553874767683	0.013035872136867967	0.014933975714067377	-0.013425448331064124	-0.005650436221378947	0.012405334745672698	-0.010235784557342028	-0.00820400624221293	0.006742735781756169	0.02733533073490004	0.0009538141731059623	-0.005079144258864756	-0.0010066081509031532	-0.0019904299563075984	0.008595458304098831	-0.013569722043083451	0.022043367243636938	0.004903159201578684	0.0034446236591125713	0.0036001207256401175	0.0055	0.004482142857142857	0.0034642857142857145	0.002446428571428571	0.0014285714285714284	0.00041071428571428563	-0.0006071428571428575	-0.0016250000000000001	0.0	0.0	0.0	0.0	0.0	0.0	0.0	0.0	0.0	0.0	0.0	0.0	0.0	0.0	0.0	0.0	0.0	0.0	0.0	0.0	0.0	0.0	0.0	0.0	0.0	0.0	0.0	0.0	0.0	0.0	0.0	0.0	0.0	0.0	0.0	0.0	0.0	0.0	0.0	0.0	0.0	0.0	0.0	0.0	0.0	0.0	0.0	0.0	0.0	0.0	0.0	0.0	0.0	0.0	0.0	0.0	0.0	0.0	0.0	0.0	0.0	0.0	0.0	0.0	0.0	0.0	0.0	0.0	0.0	0.0	0.0	0.0	-0.003091915305741148	0.0043945811929403025	-2.2291164420353005e-05	0.005264748678263742	-0.0006054570128533034	0.0038341677809877683	-0.005801248709078128	0.00037899272524742416	0.007380603972709577	-0.0022410732844655116	-0.005036570552334621	0.0019313908460330724	-0.0047595928541276835	-0.005651207533374984	0.003795128608881875	-0.0004152577899965337	0.004197320231709203	0.006164718530348396	-0.003288317874765031	0.006016459987116085	bull
2007-11-30	0.0030974792788224085	-0.014387640612645868	0.008154241950406742	-0.007762129075691489	0.014655752773627831	-0.00832126779205661	-0.019487404507215776	-0.013423597004268921	0.001599970406861765	-0.01080591114664857	-0.0018287229433928754	-0.02266068555531759	0.010037272783842621	-0.0004361084596174857	0.002898085937183514	-0.01523106133361929	0.016202277835548826	-0.0076572629773620175	0.023088961412765813	-0.00211525425779044	-0.005567900716501874	0.00246383822620984	-0.0035504418473043297	0.003726901589807215	0.004593581697975619	-0.005147808122664899	-0.011652140586629736	-0.010984987046780248	-0.006826842014195541	-0.006148837777200919	0.019571389993249436	-0.01732319299162391	-0.0032796131498247904	-0.010301426485731398	-0.010104065282237472	0.0068593206380764635	0.004320365351822304	-0.013249474375079775	0.022446532116934547	0.001955686467653343	-0.007262691231426235	-0.011472209330440956	0.016496964121698612	0.011243881744441568	-0.017019025602560262	-0.00030425047028979056	-0.011983875514459721	0.0021129806422372104	-0.012208367703297798	0.02004996557064813	0.032256011443313574	-0.00023709611911756	0.0047422387766631715	-0.009121678433736331	-0.00014796168960405585	-0.00019929374489616677	0.0014587695248806786	-0.026243061373494067	-0.011303219953964116	-0.007570504372148661	-0.0057846699861656544	0.013792107243223764	0.0067431333068438916	-0.008880078703828386	-0.020586551872529866	-0.016211106491888352	0.005720124822864448	0.00976892672952557	-0.005891605530166854	-0.0035643765101450015	-0.03249992629758029	-0.007700244139317185	-0.0052726103022219285	0.0015324039098220175	0.014436165315106027	-0.003429249974798462	0.01627355778976138	-0.0017148438791000213	-0.009933654645908892	0.004474222700229906	0.0055	0.004482142857142857	0.0034642857142857145	0.002446428571428571	0.0014285714285714284	0.00041071428571428563	-0.0006071428571428575	-0.0016250000000000001	0.0	0.0	0.0	0.0	0.0	0.0	0.0	0.0	0.0	0.0	0.0	0.0	0.0	0.0	0.0	0.0	0.0	0.0	0.0	0.0	0.0	0.0	0.0	0.0	0.0	0.0	0.0	0.0	0.0	0.0	0.0	0.0	0.0	0.0	0.0	0.0	0.0	0.0	0.0	0.0	0.0	0.0	0.0	0.0	0.0	0.0	0.0	0.0	0.0	0.0	0.0	0.0	0.0	0.0	0.0	0.0	0.0	0.0	0.0	0.0	0.0	0.0	0.0	0.0	0.0	0.0	0.0	0.0	0.0	0.0	0.0	0.0	0.000692401912875508	-0.005264848638232413	-4.197213983380397e-05	0.006732699095759628	-0.0030726993180339914	0.0021685796257164525	-0.003561932038117497	0.005118165663069165	0.002103104907602354	0.005433269142587084	0.004618827811766919	-0.0018616161459472102	-0.0011258480366241202	-0.0007999183772468116	-0.0022061892209965187	0.003955500507468125	-0.00807532622373527	0.004551800718057062	-0.004132628708780191	-0.0033338787313046403	bull
2007-12-31	0.004746914195490917	0.02602639490282574	0.008490515294138794	0.000894660856522246	-0.02180942815791317	-0.016167573201140505	0.011415698926646654	0.0023618692968633216	-0.0015930501925901632	0.0019989245279151938	-0.016896101065335675	0.001155012365468178	-0.00460984798976998	0.0011511307830341204	0.014476514522204767	0.009290874959264941	0.0024222386353576963	0.012162017601652142	0.02787429954221311	-0.010132087758890773	-0.007117599635358485	0.025576293106233147	-0.017194015431115036	0.003970050487606753	-0.00937969060617859	0.01840289862649207	-0.006741969543034739	-0.010440839018161632	-0.0019424461958193091	0.0144148890151295	0.027492410557167158	0.019429311825689365	-0.010993864605058346	-0.007929561429248179	-0.0019503536392669598	-0.010614829636589513	-0.014190973358595997	-0.004776633105257324	0.0024684776324438882	-0.0017613200995676116	0.010149834581736147	0.009728723304142957	0.0034996930556806327	0.014506500199340492	0.011345574334676284	0.002658786816600167	-0.003900367561256786	-0.004417905150513617	-0.001210659219292232	-0.003499403620393402	-0.011876101751032674	0.0037157681904363654	0.0009372352578203775	-0.005539933796916403	-0.0029332095180665354	-0.012878319367798314	-0.01946748605398925	-0.008944744087507209	-0.0028970806718238524	-0.00923293649585551	-0.008777460219327377	0.01978087928157916	-0.0024137122710276076	-0.0072253059563998885	0.010364822121849773	0.001664045853069701	0.00099868633518817	0.012566817654070788	0.0061837273845786415	-0.004357157615157381	0.010546000676632626	-0.003844737944715021	0.01185031046354168	0.014257265480931426	-0.015754884373624232	0.006083535108957301	0.0044635470060457125	-0.0003516426792653864	0.0077562989181924466	-0.011361959072289016	0.0055	0.004482142857142857	0.0034642857142857145	0.002446428571428571	0.0014285714285714284	0.00041071428571428563	-0.0006071428571428575	-0.0016250000000000001	0.0	0.0	0.0	0.0	0.0	0.0	0.0	0.0	0.0	0.0	0.0	0.0	0.0	0.0	0.0	0.0	0.0	0.0	0.0	0.0	0.0	0.0	0.0	0.0	0.0	0.0	0.0	0.0	0.0	0.0	0.0	0.0	0.0	0.0	0.0	0.0	0.0	0.0	0.0	0.0	0.0	0.0	0.0	0.0	0.0	0.0	0.0	0.0	0.0	0.0	0.0	0.0	0.0	0.0	0.0	0.0	0.0	0.0	0.0	0.0	0.0	0.0	0.0	0.0	0.0	0.0	0.0	0.0	0.0	0.0	0.0	0.0	-0.00034676338892114365	-0.014768897498789613	0.0008187020065880545	-0.0015030589206816213	0.004632279977921623	0.0005441343006994182	-0.005303866112031455	0.0044565415895565464	0.007594701898809994	0.005251260764119099	-0.001739954873440633	0.003733572140292408	-0.007067410840173967	0.002049553058990092	0.0035218233691047267	0.004259659424586319	-0.00015170968326877867	0.00692843300486456	0.0057082578696328375	-0.0058979793746993	bull
2008-01-31	0.013354252423170558	0.007231827712201454	-0.004368222184325539	-0.0026093876593613918	-0.001968600741993586	-0.0065431623539771505	-0.013853620716401494	-0.009745267216066401	-0.001268704828377471	0.0023043533527493617	8.883037044941279e-06	-0.016117799339669114	-0.006487365584792808	0.00617930031019898	-0.005095677255483801	0.000560044856380864	-0.009940220671102815	0.000315259931044353	0.0004298315063765871	-0.010256489622911659	0.002001441554273849	0.006815149805934456	-0.010612339441256944	-0.013311967077949639	0.010571943572631526	-0.006307821783253629	-0.00029259342363168736	-0.012284704265670963	-0.003880771016779824	-0.011773162882785198	-0.008549224104330249	0.003579230831404768	0.027267794215977827	0.003978793167038054	0.0026244905410298227	0.0006901319444234787	0.002028455692668159	-0.00024115568795542126	0.021622237936073364	0.0037633607728220215	-0.021422116140705133	-0.0035440559106839275	0.012573739834356727	0.010557025693430054	0.01274070511633873	0.016451747412481395	-0.011118016054101277	-0.011334576506782162	-0.0016298393572489879	0.0117452752051302	-0.008289696822327785	-0.005025704913140489	-0.000941173635290046	-0.001464794922083263	-0.0008766176487355042	-0.006558176702402692	-0.012412580782438462	0.013222493748416123	0.0055192471498020715	-0.00038724186418374065	0.01735334431836752	-0.0008647911304581287	0.0038582974986547374	-0.004691154660699631	0.0003802119236692664	-0.028528489664773938	0.014241541281531924	0.006779318151165083	0.010167843630428356	-0.02105659660812148	-0.012781286286035082	-0.004747145802634324	0.018107660141351123	0.007504268288243903	0.006791657733203873	-0.00872911224996926	0.01823044443734259	-0.0017403086358907447	-0.012522828859183991	-0.0013497201164743133	0.0055	0.004482142857142857	0.0034642857142857145	0.002446428571428571	0.0014285714285714284	0.00041071428571428563	-0.0006071428571428575	-0.0016250000000000001	0.0	0.0	0.0	0.0	0.0	0.0	0.0	0.0	0.0	0.0	0.0	0.0	0.0	0.0	0.0	0.0	0.0	0.0	0.0	0.0	0.0	0.0	0.0	0.0	0.0	0.0	0.0	0.0	0.0	0.0	0.0	0.0	0.0	0.0	0.0	0.0	0.0	0.0	0.0	0.0	0.0	0.0	0.0	0.0	0.0	0.0	0.0	0.0	0.0	0.0	0.0	0.0	0.0	0.0	0.0	0.0	0.0	0.0	0.0	0.0	0.0	0.0	0.0	0.0	0.0	0.0	0.0	0.0	0.0	0.0	0.0	0.0	-0.000900855007347689	0.0016967825709999001	-0.004311845724911767	0.004138499020963575	0.00015310556666429584	-0.003294292366457934	0.005339627565768578	-0.00025026956385436425	-0.0002469901716706693	-0.005342702368421837	0.00020607016536132574	0.0012133503984443803	0.004455415478308087	0.0019734191261867604	0.007159428885961036	-0.003017235681035588	0.0064597365629594184	-0.0017784749838505583	-0.0035699518117694715	0.006168203671028687	bull
2008-02-29	0.003814502409751181	0.0021059162396591595	0.034477444811511646	0.006605847895718204	-0.002068531017998757	0.007411788020857486	-0.0010764921059823085	0.011600409283216201	-0.009042651069449383	-0.003562802012596946	-0.0023758509133775256	-0.024714804203544254	-0.0035519029521693555	-0.0006275270192514974	-0.008396677865618237	-0.002543367177127143	0.002710905102047554	0.003941346578396954	-0.013718029842459987	0.0013939050914006793	0.010462007381647105	-0.011510696440165545	-0.003755181963476006	0.0034525314178933636	-0.00508864830803095	0.0009255967962534428	0.005947636279499027	-0.00735890480303162	0.0040463037743613635	0.018528264041811127	-0.009158230134598823	0.006331779035805586	0.004024170072297267	0.006158669632068485	-0.015597203088967294	0.012556039343302565	0.017513705589514608	0.005063593043124128	-0.013418898170129728	0.006280740610996261	-0.005310241222333365	0.014549674857375634	0.019875438922405727	0.0023031975644269708	-0.00992271382410338	-0.016395593866226372	-0.005379466119780795	0.01604680626027071	0.010181484512662488	-0.023230589164901054	0.0038848624718219194	0.0037748842640297872	0.0006159573709063668	-0.009651653773873586	-0.014027245159270237	-0.0013978021217108413	-0.016775427075185898	0.001135837739579289	-0.017168550671577295	-0.005131558733007997	0.015937720942447837	-0.014579925826992439	-0.008205581350247574	-0.01045807708047116	0.0021653409214049974	-0.004391750586700267	-0.01032677716289329	-0.0006167265909063617	0.00879788274927754	0.01451592729330862	-0.007398244486917945	-0.0012866207630985204	-0.00594660017294373	0.008527226799598516	-0.01369584969462203	0.016544218241371932	-0.005607001760466734	0.003960033453054904	-0.019159006822125364	-0.01303348854678569	0.0055	0.004482142857142857	0.0034642857142857145	0.002446428571428571	0.0014285714285714284	0.00041071428571428563	-0.0006071428571428575	-0.0016250000000000001	0.0	0.0	0.0	0.0	0.0	0.0	0.0	0.0	0.0	0.0	0.0	0.0	0.0	0.0	0.0	0.0	0.0	0.0	0.0	0.0	0.0	0.0	0.0	0.0	0.0	0.0	0.0	0.0	0.0	0.0	0.0	0.0	0.0	0.0	0.0	0.0	0.0	0.0	0.0	0.0	0.0	0.0	0.0	0.0	0.0	0.0	0.0	0.0	0.0	0.0	0.0	0.0	0.0	0.0	0.0	0.0	0.0	0.0	0.0	0.0	0.0	0.0	0.0	0.0	0.0	0.0	0.0	0.0	0.0	0.0	0.0	0.0	-0.0016459278360484875	0.0037330095789435166	0.005527436468077372	-0.0030644209174353777	-0.007261867770462742	-0.002875618571890015	0.0022688043198639245	0.007705422979084023	0.0005689512137549097	-0.002715107506264641	-0.0026608554532342914	0.006867349673835175	-0.0004861140000806467	-0.0029505466670067242	-0.0010016786657196714	0.008837158239599413	0.005587568190592758	-0.0019265746671404266	0.0025374579928549436	0.004898903941250253	bull
2008-03-31	0.00912843179721956	-0.0183333999461076	0.018050101991442913	0.01013078459031874	0.02103701272366313	0.0009036684086115042	-0.011992255468386816	0.005166675402227993	-0.010092664718267723	-0.0010212104801335885	0.0020949171930826193	0.0030175462040413063	-0.0008308408361603335	-0.0006612277251986507	0.012367460911111542	-0.027572638470155692	-0.04031338425635523	0.014577343855412482	-0.012093320510148123	0.0013615269735245436	0.004809301677921744	-0.009295493319919435	-0.023621600781808607	-0.0004783094871857999	0.005899015546447456	-0.02075901377975363	0.01640414843844084	0.0007533929359485192	-0.009725707616440833	-0.005343641531673471	-0.010636546724986064	-0.008679709329090414	-0.014410678214200523	-0.00704181784607597	0.025538061006369267	0.007619041321398093	0.025391488267238072	0.014243366637582345	-0.011346979493236199	-0.00016264994183382548	-0.007423022254354502	-0.007860815309082118	-0.006206777191357188	-0.006547709434756063	-0.004561089609271451	0.018505657047530145	0.0009624293715232562	0.030240440806224546	0.0006970341510850416	0.0017127337281326834	-0.01058415742223758	0.019817505456705572	-0.01940172131377604	0.01969709941443525	-0.0023910826078726763	0.008384278773045761	0.004607585582735687	0.002964546717279814	0.012124127171299714	0.00940025363917765	-0.009164441929422602	-0.002366028851937713	-0.00805004230521043	-0.010621788206030843	-0.005862774411580246	-0.012097233151169711	-0.005023555622148444	0.0007182380539017075	-0.026602942218768386	-0.02820972408676982	-0.008605351355021856	-0.0009712597379057161	0.008369279215379562	-0.002192274481010577	-0.000876118331092089	-0.010130639929141615	-0.014634331974665507	0.00988007694030954	0.022651793542958872	-0.00793431281406179	0.0055	0.004482142857142857	0.0034642857142857145	0.002446428571428571	0.0014285714285714284	0.00041071428571428563	-0.0006071428571428575	-0.0016250000000000001	0.0	0.0	0.0	0.0	0.0	0.0	0.0	0.0	0.0	0.0	0.0	0.0	0.0	0.0	0.0	0.0	0.0	0.0	0.0	0.0	0.0	0.0	0.0	0.0	0.0	0.0	0.0	0.0	0.0	0.0	0.0	0.0	0.0	0.0	0.0	0.0	0.0	0.0	0.0	0.0	0.0	0.0	0.0	0.0	0.0	0.0	0.0	0.0	0.0	0.0	0.0	0.0	0.0	0.0	0.0	0.0	0.0	0.0	0.0	0.0	0.0	0.0	0.0	0.0	0.0	0.0	0.0	0.0	0.0	0.0	0.0	0.0	-0.0018594763345002726	0.0014764839931835601	0.0009354082819103783	0.0016401013642100247	-0.001278577063129135	0.008034624112345783	-0.0005642298105192017	-0.005451426415811152	-0.004141803311313136	0.007113008710691818	-0.002244999183007928	0.0019115260909431755	-0.001365936236756227	0.006059357631729463	0.00912767178052871	0.006265119936446614	-0.0007278856051896859	0.0013428471387874983	0.0005359915927248245	0.0032306159590984604	bull
2008-04-30	0.0066116006204973024	0.03911391908968514	-0.0032573948932405907	0.00447861433352113	0.0009435919973605526	0.0007986286795549494	-0.035593496892301714	0.015468568008191854	-0.002981074708419299	-0.004143076944393152	-0.0009062331841117704	0.0025373116883295535	0.0033668704928205653	0.009111780157368098	-0.012030927602502545	0.01617810254687005	0.004609985490098211	0.024666699529747326	-0.02080845191777962	0.019022286249688557	0.002210170632799767	0.008721719299815026	0.0065612508262901615	0.006658053153637639	0.016146184540796762	0.017237429683443672	0.00658985999763804	0.0020619707557552125	0.006318981136811586	-0.008892143674216627	-0.015246228593611372	0.025576173760045874	-0.006901063200279657	-0.002844949014341749	0.019878239999285383	0.03880412213782271	0.008853234460329013	0.004971805514390632	0.01500361803960658	0.0029370746110996904	-0.009765074920662722	-0.0014078332848188255	0.00036793987327957546	-0.017708271792321085	0.013566678291287637	-0.004763696636551039	0.017522778044881976	-0.01173071427146155	-0.0013788947530545411	-0.009750228729292468	-0.016886130132506443	0.0053273351368070525	-0.0023084032534416423	-0.0013463273395068866	0.008595694704477104	0.020370670183981487	0.01291687200586714	-0.01266636172402484	-0.0040335671069145025	-0.011418907462276293	-0.00031124525211586343	-0.0092787865897724	-0.01786560190354811	-0.0146258381645908	-0.012560676231767159	-0.020312901110959736	0.014103332892475133	-0.016082471592099676	-0.026129336598842725	0.019720894216641024	0.01665738542673887	-0.002371009598915725	0.002673856651648659	-0.0030438872981137597	-0.03153466942703184	0.013419306248876876	0.00554907125616676	-0.008323030942420805	0.00907011477226429	0.01438840274165784	0.0055	0.004482142857142857	0.0034642857142857145	0.002446428571428571	0.0014285714285714284	0.00041071428571428563	-0.0006071428571428575	-0.0016250000000000001	0.0	0.0	0.0	0.0	0.0	0.0	0.0	0.0	0.0	0.0	0.0	0.0	0.0	0.0	0.0	0.0	0.0	0.0	0.0	0.0	0.0	0.0	0.0	0.0	0.0	0.0	0.0	0.0	0.0	0.0	0.0	0.0	0.0	0.0	0.0	0.0	0.0	0.0	0.0	0.0	0.0	0.0	0.0	0.0	0.0	0.0	0.0	0.0	0.0	0.0	0.0	0.0	0.0	0.0	0.0	0.0	0.0	0.0	0.0	0.0	0.0	0.0	0.0	0.0	0.0	0.0	0.0	0.0	0.0	0.0	0.0	0.0	0.0037406576464679674	-0.004401382018156469	0.002657269812337229	-0.008159451112797887	-0.0002883737203737409	-0.007487515704351071	0.0011102976474680964	0.001022977757609907	-0.003025524289155003	0.005983396971122161	-0.0034745038725732084	0.000673732780948537	-0.00573309548328158	0.003417958079050782	0.003170113674000428	0.0013607991190860598	-0.0041858196033690105	-0.0020204064231273545	-0.0075415780605840995	0.0029797616881470316	bull
2008-05-31	0.009296429535585352	0.026419884021026026	0.009852510621679756	0.007474501466832281	0.008499313005114362	0.0010460398719261198	0.002297737743521426	-0.010443563386734194	-0.0052799022225521915	-0.0030022122694685236	-0.006974330248998742	0.01813420107542063	0.005836198010943403	-0.0029092068509497214	0.0075782632591024635	-0.012516015933602498	0.004245403365897175	0.0019813040688193588	-0.013974614071193067	0.0020388270308283906	-0.012134238497936529	0.012987662404091469	0.0025503917765237354	-0.02097040301345392	0.0009327937870602231	-0.0023222768122846847	0.01494006069853341	0.01665086827190039	0.00826231306420697	0.003393727299932446	0.0023385359472030917	-0.0070520999393930564	-0.026803591971362485	-0.004834414214443029	-0.0017990925720591066	0.006061611991673209	0.01805514018873349	-0.026034202183639322	0.005143513394968657	0.0209071166900458	0.02129489834016796	0.002853050568669321	-0.0006934350889973403	-0.013043861155676777	-0.01932804666762795	0.00010928847305950796	-0.028981844570531358	0.0009023962186002162	0.005275301726453275	0.012554246034390886	0.03656576247791001	-0.028131381974160825	-0.002450885401190772	-0.02148925401730839	-0.0013027850412640218	-0.00043897670538024254	-0.005689273744830148	0.004379798232703294	0.017526837089824242	0.019489720921046665	-0.005401362955853932	0.0011267805404565946	-0.01783053498225498	0.004241393467694961	0.0141450119006658	-2.8773636104567268e-05	0.012514187983913985	0.00035140062334474066	-0.0017468727742552981	-0.008331395282985418	-0.015365205997163142	0.004678956873207253	-0.003667958763535332	-0.00040855548190972486	-0.013032175702999247	0.002699001424855422	-0.0002482505283304959	0.012625776215416022	-0.0013462859135031134	0.008702725110220664	0.0055	0.004482142857142857	0.0034642857142857145	0.002446428571428571	0.0014285714285714284	0.00041071428571428563	-0.0006071428571428575	-0.0016250000000000001	0.0	0.0	0.0	0.0	0.0	0.0	0.0	0.0	0.0	0.0	0.0	0.0	0.0	0.0	0.0	0.0	0.0	0.0	0.0	0.0	0.0	0.0	0.0	0.0	0.0	0.0	0.0	0.0	0.0	0.0	0.0	0.0	0.0	0.0	0.0	0.0	0.0	0.0	0.0	0.0	0.0	0.0	0.0	0.0	0.0	0.0	0.0	0.0	0.0	0.0	0.0	0.0	0.0	0.0	0.0	0.0	0.0	0.0	0.0	0.0	0.0	0.0	0.0	0.0	0.0	0.0	0.0	0.0	0.0	0.0	0.0	0.0	-0.007658294053694701	-0.0004415301301352204	0.0001504444452767673	0.0025642500687472827	0.002630209380360315	0.0025257862271225017	-0.0008538767054527341	0.009386384292704138	-0.0006367716417618652	0.002113067896579334	-0.0009759488906668769	-0.002500201287704527	0.0004127371451419183	0.0032346238248947114	-0.002295486685791136	0.0027243018051442483	-0.0058258247201121655	-0.0036106162178996945	-0.00542684585605612	0.00925430822476396	bull
2008-06-30	0.026352577083631853	0.02367482548965685	-0.00027203955520734317	0.021038067356706137	0.02029428223035922	0.0038491445595800287	-0.010876105250254647	-0.01790946329799568	0.011871202226560627	-0.004383118682605353	-0.002768700195486326	-0.007217953793693366	0.020211836323673453	0.0009011006832523649	0.008144623696345606	0.003929755467466899	-0.0058572438953625435	-0.010594361560931943	0.014855656814923575	-0.001998287789756238	0.010987677893644951	-0.014419773731547991	0.017245445696829034	-0.009347743363884232	-0.010377423417388431	0.00041851186764354977	-0.0019645226363859147	-0.006583431108310897	-0.005713848443497483	0.005322879292919994	0.010653490188678687	-0.009570755205561199	-0.0029807023281586092	-0.005667484079844561	0.011614355734309422	0.00467719379414993	-0.005835189291615785	-0.010438513247575068	0.0005326294313004786	0.006922041497096506	0.0005470077149719362	0.0046770303733551805	-0.00775586354105158	-0.00242955707643467	-0.016516762203605314	0.002159265228079755	0.0034716855681509937	0.010348385622560036	0.007606821171636695	-0.019724220925495195	-0.007041716320349739	-0.0036577151857469787	-0.010019297018138664	0.003802022627523421	0.014800512012701083	-0.0024950603081489785	0.00041865515753281886	-0.005171883794607085	0.013834011041906957	-0.006182471538767468	-0.011721707903715465	0.0009846948190140108	0.008029820723918028	0.019329833598394658	-0.012614236008102069	0.0060595846097107895	-0.009454868327559957	0.012688289752535439	0.0076582538570428346	0.002674552138675745	-0.010326311725501067	0.008963696876753607	-0.0058890262740389715	0.0028034059065298964	-0.006873806945273367	0.007966198133415777	0.012697955290295082	0.01068854220538113	0.00039155693301548425	-0.0033022651390551246	0.0055	0.004482142857142857	0.0034642857142857145	0.002446428571428571	0.0014285714285714284	0.00041071428571428563	-0.0006071428571428575	-0.0016250000000000001	0.0	0.0	0.0	0.0	0.0	0.0	0.0	0.0	0.0	0.0	0.0	0.0	0.0	0.0	0.0	0.0	0.0	0.0	0.0	0.0	0.0	0.0	0.0	0.0	0.0	0.0	0.0	0.0	0.0	0.0	0.0	0.0	0.0	0.0	0.0	0.0	0.0	0.0	0.0	0.0	0.0	0.0	0.0	0.0	0.0	0.0	0.0	0.0	0.0	0.0	0.0	0.0	0.0	0.0	0.0	0.0	0.0	0.0	0.0	0.0	0.0	0.0	0.0	0.0	0.0	0.0	0.0	0.0	0.0	0.0	0.0	0.0	-0.003926533682027292	-0.006116333019046208	0.007740767283789389	-0.012314798652741172	0.0023371829031795972	0.00354050899776446	0.00408629719906233	-0.0030509326775297876	-0.0008533332194452062	-0.0005677559246289401	-0.002579432428673399	0.0030770770563131647	0.005852468105276989	-0.000371685894396515	0.001312630194995823	0.0005951218191521728	0.00478288470535575	0.0025098961279399435	-0.002167717544608103	0.002827804062262454	bull
2008-07-31	0.005482880476946531	0.0012787804146242266	0.018533963186583294	-0.013668492112476217	0.019796068963939168	-0.007197264675772148	-0.0014875752770721106	-0.0020861858516313552	0.012778838729992064	0.005173082359729108	0.001059574203118667	-0.010085406914654534	-0.03426817843504697	-0.001574679840436244	-0.0070602515993025035	0.01060672152049826	0.019664202914013724	-0.012246051609142744	0.021366070346368237	0.014402274007119817	0.00391821854035498	0.007355913292346474	0.00818946349509412	-0.0065600464413660365	0.00600696356585592	-0.009080097566701879	0.0002401692081981127	0.004588947672184083	-0.010131807395777502	0.015415938751587886	9.181008599179213e-05	-0.019308024420847274	-0.021393510574977206	0.012975606741399684	0.005221564747397753	0.018159960201869253	-0.01087205735713169	0.005111829098346727	0.02029477890615602	-0.007796656669815256	-0.005645329507774791	0.024231901357124788	-0.002126582942157756	0.002917685746969852	-0.012452916197110687	0.02039683968687795	0.004425854898330216	0.0045583554862973245	0.004047219726118592	0.00030702959112843624	-0.0024538247353825347	-0.0005414418971260495	-0.004752125771117885	0.005480778414571161	0.017916620564179142	-0.003941953246233844	-0.02581234498375736	0.016304425388039164	0.009857379087663218	0.010800804311267476	0.00809384658164342	0.015596176374731785	-0.0036823730573066803	0.0083279959967453	-0.013038839558908923	0.006634660374769198	0.003674076124589717	0.007697441447216045	-0.002043291045998224	0.0071549085548601645	0.011166311089320778	0.015845810709497955	0.012146313265141118	-0.0006762971497630804	-0.001794048302826982	0.015493270532059117	0.008471405752464776	0.0008971193788749752	-0.0006507928270893122	0.005370363896780445	0.0055	0.004482142857142857	0.0034642857142857145	0.002446428571428571	0.0014285714285714284	0.00041071428571428563	-0.0006071428571428575	-0.0016250000000000001	0.0	0.0	0.0	0.0	0.0	0.0	0.0	0.0	0.0	0.0	0.0	0.0	0.0	0.0	0.0	0.0	0.0	0.0	0.0	0.0	0.0	0.0	0.0	0.0	0.0	0.0	0.0	0.0	0.0	0.0	0.0	0.0	0.0	0.0	0.0	0.0	0.0	0.0	0.0	0.0	0.0	0.0	0.0	0.0	0.0	0.0	0.0	0.0	0.0	0.0	0.0	0.0	0.0	0.0	0.0	0.0	0.0	0.0	0.0	0.0	0.0	0.0	0.0	0.0	0.0	0.0	0.0	0.0	0.0	0.0	0.0	0.0	0.005711701397884781	-0.0008143499806465594	0.0034665228591729464	-0.010511162752019753	0.0027388836897898634	0.005557885850640853	0.0028469026752964664	-0.009542802611964565	0.0011852995733715108	-0.008116399782994709	-0.0011663806690947168	-0.00400314739584123	0.0005779033785998625	0.0007923202000862255	0.0009132271469787001	0.009161922407467299	0.0004655992184479647	-6.933983185883059e-06	-0.00036718674552100857	0.0015364506255557697	bull
2008-08-31	0.0179630006436984	-0.006066912613681647	-0.01091595851158413	0.008880227981261314	-0.019878195224127475	-0.008433813006732528	-0.005084111217504811	-0.013456492370919473	-0.004361994595925219	0.005518089495590815	-0.017320739065905373	0.0005001074733444954	-0.004475171258920573	-0.003205867014355415	-0.004546878387566501	-0.002771650430778689	0.02412341753316282	0.002293793956376902	-0.0027718687841289335	0.003135107830576352	-0.0030443034768614877	-0.008926160111443471	0.0009572118557710632	0.005195688613760085	-0.006862544943978825	0.0007917789471806366	-0.009414033058780281	-0.010872056578094917	-0.007062030239983821	-0.011837495615122182	-0.0007386818071185593	0.018963343899750844	-0.011933112356066524	-0.0006252111344656813	0.010149799282398932	-0.008279784754966534	0.01919694447554764	0.010227296517419304	-0.001883652465808263	0.0005453455390143381	0.0013372250608900084	-0.005260957861608596	-0.008980642581925333	0.007438876553167239	-0.00917204210579412	0.011939388522804722	0.010970042043885495	-0.025442889682780773	0.01865964497299964	0.005685148382645793	-0.012349512763399514	-0.002951344404509388	0.01389112350112921	-0.017116727739514274	0.025761795716863052	-0.029186662852707004	-0.03554159866807372	-0.0022131301494230614	0.002614764408234351	-0.004509020873169093	-0.0036088641026021002	-0.0031990081601365587	0.012408232939752772	0.007625537733907238	-0.0037416412247181074	0.001526464767202177	0.0002223642319050361	0.015276887791741932	-0.0011977307464230756	-0.000117708836777476	-0.0139163153435568	0.004062328397815704	-0.01726865917665128	0.006157390823823215	-0.02067976846799628	0.0016920703168087246	0.01962799327311722	0.01023142340096868	0.004276154796836502	-0.0025326146025538825	0.0055	0.004482142857142857	0.0034642857142857145	0.002446428571428571	0.0014285714285714284	0.00041071428571428563	-0.0006071428571428575	-0.0016250000000000001	0.0	0.0	0.0	0.0	0.0	0.0	0.0	0.0	0.0	0.0	0.0	0.0	0.0	0.0	0.0	0.0	0.0	0.0	0.0	0.0	0.0	0.0	0.0	0.0	0.0	0.0	0.0	0.0	0.0	0.0	0.0	0.0	0.0	0.0	0.0	0.0	0.0	0.0	0.0	0.0	0.0	0.0	0.0	0.0	0.0	0.0	0.0	0.0	0.0	0.0	0.0	0.0	0.0	0.0	0.0	0.0	0.0	0.0	0.0	0.0	0.0	0.0	0.0	0.0	0.0	0.0	0.0	0.0	0.0	0.0	0.0	0.0	0.0022827145653166623	0.008620797376615903	0.005643745788823677	-0.0011263976994415083	0.00514064128000869	0.00117413978201719	0.008349614684279204	-0.006458228429934303	0.002691512988709753	0.004921490185444784	0.0024007278165208215	-0.001162115028021275	0.0022832307436890186	0.000982691441105512	-0.0037559036832018737	0.010151903743886435	-0.0033611607783014873	-0.007281807844646932	0.0024445964101762864	0.005540095242792234	bull
2008-09-30	0.01917816033078448	-0.021086647557777408	0.0027782869655709874	-0.014895635398290006	-0.01497566261123525	0.0039694164270884175	-0.003064918067600627	-0.02763633530370783	-0.01313532589526736	-0.0016130468814569642	-0.0024052480100897767	-0.006441910257866491	-0.010719128988826942	-0.02364070032677602	0.02491300743880333	0.011924719910116692	-0.010413359776146042	-0.030779556452188182	-0.028115999389128944	-0.002822970121045663	0.006751515741996963	0.006011942933968622	7.276199551450338e-05	0.00905362675012036	-0.013233756030270166	0.018426571628249608	0.016047041421900714	0.00756099776664132	-0.0028610998623283665	-0.0066024688598999015	0.03136146866260453	0.005406587744074824	0.005645061455623453	-0.008773694015876316	-0.01453885031071329	0.0007530465082678236	-0.022714537452080394	0.003892727389130972	-0.0004609982885335606	-0.009110386920218046	0.0022555264895016388	0.007050312107379841	0.026522331380700138	-0.00447670198015633	0.01744701503440258	0.000710365479226471	-0.012701695380787673	-0.008897363526051517	0.001003390631859776	-0.007248315603050683	0.00511155282545133	0.012113755499172435	0.0014328597905493743	-0.011205159800358149	0.011454932432613432	0.025807391946451548	-0.01875843171381457	-0.0014967838591098657	-0.009642321444032254	-0.012655912079345301	0.006650710794117687	0.0003132816678114066	0.0051706368315859634	0.003134796174039139	-0.006881668787710561	0.02788884155215499	-0.024751759382391034	-0.007801239097854381	-0.002337320254124446	0.002993957388702363	0.014329986751212765	-0.013664171086347996	0.007967323957158037	0.009749174369132297	-0.007479158289686149	-0.012445728305339064	-0.0026870647525565764	0.0027337064146030605	0.008551272030535429	-0.0072210419604672345	0.0055	0.004482142857142857	0.0034642857142857145	0.002446428571428571	0.0014285714285714284	0.00041071428571428563	-0.0006071428571428575	-0.0016250000000000001	0.0	0.0	0.0	0.0	0.0	0.0	0.0	0.0	0.0	0.0	0.0	0.0	0.0	0.0	0.0	0.0	0.0	0.0	0.0	0.0	0.0	0.0	0.0	0.0	0.0	0.0	0.0	0.0	0.0	0.0	0.0	0.0	0.0	0.0	0.0	0.0	0.0	0.0	0.0	0.0	0.0	0.0	0.0	0.0	0.0	0.0	0.0	0.0	0.0	0.0	0.0	0.0	0.0	0.0	0.0	0.0	0.0	0.0	0.0	0.0	0.0	0.0	0.0	0.0	0.0	0.0	0.0	0.0	0.0	0.0	0.0	0.0	0.009780407185100946	0.0023796872640885775	0.004796523484887988	0.005097417418985116	0.010756069665207067	0.0024534581536802954	-0.01077733890337688	0.01136966289628805	-0.0006699491162914992	0.012170597221467098	-0.0022825035503881365	0.005876561089343554	0.004376650587601316	0.0023204482387815142	0.00044660662176127506	0.004725845316137948	0.003944686166639565	-0.0012667386637902293	0.0011712404425108826	0.002462399665993831	bull
2008-10-31	0.023284595195073587	0.006684352168573687	-0.010893545771331396	0.0019955884806544385	0.009528272790670525	0.009758747917366046	-0.026014175975161178	0.013986975383682687	0.019438871458780895	0.016575002928882133	0.007236779889202478	0.01643384920878071	-0.022742769261782432	0.029216231364725325	-0.001970928609777406	-0.00522882085960329	-0.010156635205198765	0.009342011074468654	0.020820577126649604	-0.018549874749463617	0.008676763433266647	0.0019154824488608572	-0.0028291371514434045	0.0076377233696798075	-0.007650049270578095	0.0036449157303054705	-0.020454593595700208	-0.011748080226000558	0.002773419825061543	0.014324838195485105	0.010715326322431482	0.004522323134791034	-0.0025284200281211608	-0.04323251322821645	-0.008930101375544494	-0.015175638693469818	0.010685633086505147	0.018659546900109854	0.007043858645989297	-0.0069951960647020766	-0.0013777094440752472	-0.003948573792280349	-0.008042616641926386	-0.011450356705525735	0.0013625710598641058	-0.011154161634675891	-0.0027303034674988026	-0.010056860955680959	-0.002020424182835995	0.0013202332288563255	0.013204861265069562	0.011944287681605902	-0.0019486123860182486	0.015169672552651385	-0.010913250891805108	0.00018897734701793297	-0.015620524091256546	-0.00965507587107978	0.01756908199375646	-0.0054020230607752925	0.012074042668344205	-0.005896328263960117	-0.017529571662023083	0.008288124684864576	-0.010596002231090041	-1.94016181124558e-05	0.00027236207806348374	0.007240977532754964	-0.005245300021067877	0.0011576272153513002	0.005273352567705803	0.011503623349847135	-0.0037651557389356887	0.004913350937541378	0.0034016739642103457	0.02103785206246102	0.0037811657197351764	0.0020130335847839643	0.027573697894271988	0.007962078414552622	0.0055	0.004482142857142857	0.0034642857142857145	0.002446428571428571	0.0014285714285714284	0.00041071428571428563	-0.0006071428571428575	-0.0016250000000000001	0.0	0.0	0.0	0.0	0.0	0.0	0.0	0.0	0.0	0.0	0.0	0.0	0.0	0.0	0.0	0.0	0.0	0.0	0.0	0.0	0.0	0.0	0.0	0.0	0.0	0.0	0.0	0.0	0.0	0.0	0.0	0.0	0.0	0.0	0.0	0.0	0.0	0.0	0.0	0.0	0.0	0.0	0.0	0.0	0.0	0.0	0.0	0.0	0.0	0.0	0.0	0.0	0.0	0.0	0.0	0.0	0.0	0.0	0.0	0.0	0.0	0.0	0.0	0.0	0.0	0.0	0.0	0.0	0.0	0.0	0.0	0.0	-0.0020184613458758653	-0.0013983846392911204	0.005363022685079382	0.005215286629724963	0.007482425647010493	-0.0013918544640393303	-0.0038709403767837897	-0.004317491140292618	0.006667942603380424	0.01053219132357521	0.001629073162022481	-0.0010282959767778429	0.003151399759091802	0.005849204043557212	0.0011939994652491127	-0.004679833149207668	0.00025339710857902515	-0.004241272453793574	0.0017809417836001642	0.0069012063807450666	bull
2008-11-30	-0.016216347714423512	0.005460257733513463	0.02501665862625442	-0.011464311467496902	-0.018900749945889948	-0.009576857630848142	0.02085213134116313	0.005358738691712082	-0.014256224584829311	0.00037450375999180933	-0.005565700367128384	0.01793606061928118	0.0020639947567571678	-0.010886617979717794	-0.006435976949164092	0.013330010618983855	0.005450550326051734	0.013125389066158304	0.010315620940715834	0.00032934448318782143	0.0027830861789474534	-0.005374454761466023	0.01779393414956977	0.00031342066095772325	0.011393324001392206	-0.01193498860824241	0.003674955683693208	0.010329773329825842	-0.01586827497390959	0.016199522499921105	0.02358298088221746	0.009662837846910724	-0.009034785332003019	0.0013792492115237342	0.015348587080710829	0.0004785719427065884	0.008323491909779338	-0.014298147794691737	-0.018333942507295437	0.0037885633636421646	0.009117780597446848	-0.017700103220334502	-0.0016501929301982075	0.010470082943831237	-0.020839758699886274	-0.0022711339185413296	-0.005822051619672915	-0.010681372208146862	0.019142310294134417	-0.0010873292350110037	0.006870366218207488	-0.003932186219855128	0.002584830686489614	0.011370189674567623	0.009985746459941228	0.00910966408467669	-0.006455042535436979	0.008918599602400542	0.0004554878257084866	0.00582635500347319	-0.00018731519143035547	0.0010865186259374365	0.004354556053109461	0.01121420721218947	0.020551057356474608	-0.0214982652554879	-0.011843292624030438	0.0213954462149496	-0.0023520862909047714	-0.0015287568687566307	-0.005129012893286462	0.008673116910043318	-0.010712986052498328	0.0010882349839147186	-0.00043307408521047673	0.02409349001311201	0.02269473545219817	-0.005710870533463444	1.4851038213769892e-05	0.002975073882790081	0.0055	0.004482142857142857	0.0034642857142857145	0.002446428571428571	0.0014285714285714284	0.00041071428571428563	-0.0006071428571428575	-0.0016250000000000001	0.0	0.0	0.0	0.0	0.0	0.0	0.0	0.0	0.0	0.0	0.0	0.0	0.0	0.0	0.0	0.0	0.0	0.0	0.0	0.0	0.0	0.0	0.0	0.0	0.0	0.0	0.0	0.0	0.0	0.0	0.0	0.0	0.0	0.0	0.0	0.0	0.0	0.0	0.0	0.0	0.0	0.0	0.0	0.0	0.0	0.0	0.0	0.0	0.0	0.0	0.0	0.0	0.0	0.0	0.0	0.0	0.0	0.0	0.0	0.0	0.0	0.0	0.0	0.0	0.0	0.0	0.0	0.0	0.0	0.0	0.0	0.0	-0.007076953150513859	-0.0022261105468877602	0.01046186009946309	0.008146280680774299	0.0024931003846476885	0.005645938633875486	-0.004819504256991404	-0.007169541001716601	-0.00035151382315939646	0.004006895121675728	0.002918094889145617	0.0013060036037645705	-0.0011321513250639448	0.002746653021295965	0.002644263271217468	0.006505625447667328	-0.001822367060020925	-0.00039971585437544217	0.0019825058992697995	0.0019345994852001873	bull
2008-12-31	0.0012287180471967458	0.002888180399053481	0.009643803531957451	0.019334978525761985	0.016448481334902974	-0.024009099696111626	0.000727238677054549	0.019948917531849908	-0.01800953051591503	-0.010578238257742702	-0.023107591567094556	0.0008364252523910567	-0.007473305496990652	0.0012217705028326822	0.012292408666880889	0.0035160700761329776	0.0019735729977772678	-0.019473049309596258	-0.020030193035520418	0.02714932931822065	-0.01610882143806994	-0.006762124892240812	-0.011423003989666666	0.017485681959928414	-0.013367503565666902	-0.014090058619449774	0.010364337989532632	0.014978799072616313	-0.010073256307434898	0.00147460153000523	-0.0012114582096890134	0.017526210020979503	0.01825475204278166	-0.01850456030185566	0.014771912802559212	0.0013865236360711421	0.00255471364702623	-0.011368499150608514	-0.0051031105366605885	-0.008868759281236229	0.001956261974109029	0.006960358082393082	0.01944586526062276	-0.007706405940255248	-0.0048456768538516475	-0.021273815550472964	-0.0076500981880575246	0.010787001775373062	0.02485395117292069	0.018594392203745702	-0.013913482941515358	-0.007112778321784159	0.005993011212034938	0.01125162092169811	0.001774240756044814	0.0074090514793828935	-0.01772989478488252	0.023885882841210467	0.0010782862420770283	-0.0026287486438731876	-0.013121798220722417	-0.005320299916744921	-0.020834615580570513	0.004834462645663813	-0.0020064829132634588	-0.00040749769046094774	-0.010298741464260169	-0.001340700640969273	-0.001698716877039346	-0.004862066005598128	-0.00598230611367128	0.008929910440683836	-0.0020526467659769225	0.020784719260572716	0.008957877895544284	-0.02240605772039553	-0.013903438690212008	0.024868859851394663	0.012064566231651539	0.0031622030923696537	0.0055	0.004482142857142857	0.0034642857142857145	0.002446428571428571	0.0014285714285714284	0.00041071428571428563	-0.0006071428571428575	-0.0016250000000000001	0.0	0.0	0.0	0.0	0.0	0.0	0.0	0.0	0.0	0.0	0.0	0.0	0.0	0.0	0.0	0.0	0.0	0.0	0.0	0.0	0.0	0.0	0.0	0.0	0.0	0.0	0.0	0.0	0.0	0.0	0.0	0.0	0.0	0.0	0.0	0.0	0.0	0.0	0.0	0.0	0.0	0.0	0.0	0.0	0.0	0.0	0.0	0.0	0.0	0.0	0.0	0.0	0.0	0.0	0.0	0.0	0.0	0.0	0.0	0.0	0.0	0.0	0.0	0.0	0.0	0.0	0.0	0.0	0.0	0.0	0.0	0.0	0.009548673044582096	-0.001535389420128935	0.0017211147475988326	-0.0016568066605587668	0.0021472752604329466	0.004465070955609744	0.002675177014123723	-0.00854514725920952	0.002321611529111099	-0.004486612049372619	0.0013919199976281484	0.0021690762950179994	-0.0038777198087076295	0.0002710108892564366	0.0015367907076335615	0.0012377144694390037	-0.001472261612009617	-0.00043099738207105347	0.005626653268397453	0.0004123223607098613	bull
2009-01-31	0.031029540898105078	-0.006125598639362218	0.003487368245731174	-0.028369745436897593	0.01217083029739405	0.01432231664901148	0.0020721104615084186	-0.0015432341174218087	0.0146267788460612	-0.008640052762591622	-0.022333509058569866	0.018544886145654048	0.02242523133050759	0.01074823051749922	0.0006835640261722393	0.016385387771272197	-0.01915256990553705	-0.010990171475433762	0.005055223340458288	-0.0026875835735519008	0.011966620151235759	0.01353609413443983	0.01058494668647154	0.01543706746764632	-0.0038584345889143396	-0.005944554858254499	0.001408127707781102	0.005663127101405398	0.011571676674755253	-0.0066817884427049935	0.01167441878322734	0.024924884745690712	-0.012570703468159507	0.022778788448005464	-0.006029837397499918	0.009263766215325485	0.005904999158786806	0.0082525867400022	0.01099666670011347	-0.009633885533963799	0.030655047683061154	-0.005984065690426821	-0.002970130571684266	-0.0006377094471398423	0.0003578628502481398	-0.0190109265055579	0.009339548738799636	0.014586566354154281	-0.00962607209315044	0.014969685059378696	-0.0071209485957456605	0.006346290757202158	0.013195524263436603	-0.014134855471207934	-0.0027653073266628763	0.0053956385750244034	0.0032407482990340296	-0.001996958326638948	-0.003549344404856446	-0.0108523032343147	-0.007252793929393157	-0.004494461259779768	0.003944507784459604	-0.02368112896437498	0.007191416142239592	0.010476891765104381	-0.009498868528567305	0.007941216763471233	0.017826074484267564	0.007622374202710302	0.0020874316093377632	0.009356357170202698	-0.014769557741860917	0.006845312507459473	-0.02431480937891692	-0.0020602016864915695	0.012286917332448214	-0.012597532688684802	-0.008162709442526664	-0.008595508607279981	0.0055	0.004482142857142857	0.0034642857142857145	0.002446428571428571	0.0014285714285714284	0.00041071428571428563	-0.0006071428571428575	-0.0016250000000000001	0.0	0.0	0.0	0.0	0.0	0.0	0.0	0.0	0.0	0.0	0.0	0.0	0.0	0.0	0.0	0.0	0.0	0.0	0.0	0.0	0.0	0.0	0.0	0.0	0.0	0.0	0.0	0.0	0.0	0.0	0.0	0.0	0.0	0.0	0.0	0.0	0.0	0.0	0.0	0.0	0.0	0.0	0.0	0.0	0.0	0.0	0.0	0.0	0.0	0.0	0.0	0.0	0.0	0.0	0.0	0.0	0.0	0.0	0.0	0.0	0.0	0.0	0.0	0.0	0.0	0.0	0.0	0.0	0.0	0.0	0.0	0.0	-0.0034551673874286576	-0.002453915771927387	0.004489580154696569	0.0001847986282543419	0.002296347906160446	0.008765043226524598	0.006627788823051532	0.006962104837535782	-0.0013561526316511147	-0.0022081194800619456	0.001855829922932366	0.00824563230921361	0.0026239881717741017	-0.000990787071433323	0.002254337211897675	0.0008033930771100547	0.004809505347309237	0.005038467266284293	-0.0015233635399443117	0.0036347349313407495	bull
2009-02-28	0.0060400866314729825	0.008796908285294485	0.011535502607299505	-0.00867413218683595	0.007409491618918869	0.011518696996354534	-0.013404257628559332	0.016455474345456397	-0.01176356842747149	-0.004593408527293164	0.0005450822215277952	-0.0038830104961065106	-0.027883902179333127	-0.007411340720738986	0.00034136739672561614	-0.019054218181287334	-0.011745100599338452	0.009937963846295248	-0.004330786102705369	0.004359973425807888	-0.0331924018184617	0.011776452119642086	-0.009241426407357796	0.004064594571197505	0.0012590623824991955	-0.008385836845117558	0.014407547649379043	-0.011685137609655186	0.02995469537146606	0.012274381581568867	0.0001683377008559421	0.02534467301793107	-0.005193815452281436	0.006616633152581067	-0.0036217034398457544	-0.015272786254436739	-0.012848637831284137	-0.014921441795407954	-0.0009681671668488939	-0.002335210947538915	-0.006419936179546052	0.010053373168796087	-0.007727625920246181	0.0025594647729385534	0.007459524801193708	8.753029546820646e-05	-0.007468552579596521	-0.015609551304009253	0.000491384089646252	-0.0023434708585238317	0.002830402347830039	0.012397030404693478	-0.025403021978654017	-0.01657510302160108	-0.0017675387180471614	0.00037251079277753643	0.006759453646743931	0.0016228365379072685	-0.009772882973363456	-0.004488360104983739	0.02050881019606812	-0.019108512745059533	0.000278908125914093	-0.013587968279295981	-0.004229645695014979	-0.00872605552416373	0.004824137294159673	-0.01815230215496808	-0.01588945196626981	-0.00245259614153902	-0.008940578997838683	0.009257980998835789	0.01722057591061176	0.0021031153194992266	0.018664348351008317	-0.0023644560575558486	0.02026084486244388	0.012556083974449682	0.016406705426776413	0.004101905148604211	0.0055	0.004482142857142857	0.0034642857142857145	0.002446428571428571	0.0014285714285714284	0.00041071428571428563	-0.0006071428571428575	-0.0016250000000000001	0.0	0.0	0.0	0.0	0.0	0.0	0.0	0.0	0.0	0.0	0.0	0.0	0.0	0.0	0.0	0.0	0.0	0.0	0.0	0.0	0.0	0.0	0.0	0.0	0.0	0.0	0.0	0.0	0.0	0.0	0.0	0.0	0.0	0.0	0.0	0.0	0.0	0.0	0.0	0.0	0.0	0.0	0.0	0.0	0.0	0.0	0.0	0.0	0.0	0.0	0.0	0.0	0.0	0.0	0.0	0.0	0.0	0.0	0.0	0.0	0.0	0.0	0.0	0.0	0.0	0.0	0.0	0.0	0.0	0.0	0.0	0.0	0.005202127937111459	-0.0017345443331386755	-0.0014896973034520971	-0.00031573633607795464	0.008328427558796397	0.009898075397031225	0.00824269734574195	0.0003239247528722467	0.0018598118652988647	0.001036334816201938	0.00385538413589723	0.007743624626250978	-0.008533478132432696	-0.0003802214077289112	0.006791392567274165	-0.0022311826378731835	-0.007307364786525379	0.001433781250955177	-0.0029721302989768215	0.004060245979608796	bull
2009-03-31	0.02064112897079959	0.001122886549476817	-0.006265126718896334	0.007579963075579579	-0.0067997362596891545	0.021843637910148355	-0.011696389444367664	0.01886383220910903	0.021649459569002813	0.0038018463512224693	0.012729598709884084	0.00013512816879833255	0.0068581952110906485	-0.013348530133782809	-0.020217510879644743	-0.00022763338706013677	0.012496381836914832	0.014855000961531016	0.00941232007437416	-0.004386114704721216	-0.004301997547598672	0.002934798222725694	0.005857726385166238	-0.004291203646036706	-0.006160083372080341	-0.009747386010794062	-0.004524233077592791	0.005418924108788293	-0.0030298522970061523	0.0004353845529829409	0.008585023638072236	0.008126892477695396	0.004388906685132564	0.0012688661205710534	-0.007281553835273409	-0.010221762519448107	-0.015253192342105827	0.0001974269110865247	0.000693057978212564	0.002518050281252537	-0.001819351449760798	-0.015075782811807513	-0.013571915994764707	0.02302985901161846	0.01494808000863294	-0.0001253418143750792	-0.005697920405148061	-0.008096382016938599	0.005671625181261631	0.021296540333872033	0.005318090707218483	0.014415887864477213	0.010900967481224781	0.000475929610980812	-0.01136371506438088	-0.008414004229427419	-2.3313766639756813e-05	0.001495986236440408	-0.0008024193557096385	0.0006074893486372241	-0.013547487206167701	0.012158286545769543	-0.005081876234518284	-0.009889037909322601	-0.010598916968218634	0.0114082384656559	0.0088260346893031	-0.011120890925395789	-0.010191070745628132	0.003019748130263743	-0.024776404944159214	-0.0064079646388070415	0.006348557353763381	0.009644695700337028	0.004985056433685434	0.017539730873946672	0.0009287460175897002	-0.0027344110570464613	-0.0013190700537502038	-0.0004058381373283801	0.0055	0.004482142857142857	0.0034642857142857145	0.002446428571428571	0.0014285714285714284	0.00041071428571428563	-0.0006071428571428575	-0.0016250000000000001	0.0	0.0	0.0	0.0	0.0	0.0	0.0	0.0	0.0	0.0	0.0	0.0	0.0	0.0	0.0	0.0	0.0	0.0	0.0	0.0	0.0	0.0	0.0	0.0	0.0	0.0	0.0	0.0	0.0	0.0	0.0	0.0	0.0	0.0	0.0	0.0	0.0	0.0	0.0	0.0	0.0	0.0	0.0	0.0	0.0	0.0	0.0	0.0	0.0	0.0	0.0	0.0	0.0	0.0	0.0	0.0	0.0	0.0	0.0	0.0	0.0	0.0	0.0	0.0	0.0	0.0	0.0	0.0	0.0	0.0	0.0	0.0	0.0023019499713470932	-0.007905412977622055	-0.0013596112655444553	0.001995315634995992	0.0041332617477428	-0.0007893558539514827	0.008654490854921586	0.005348431696185195	0.0012127138379262575	0.0014329340584656673	0.002992057160825545	0.0005805113427317468	-0.004784545380837632	-0.0010856213556749753	-0.001397722201050712	0.004079926594236162	-0.00915423954843919	0.001601247583195791	-0.006293955669143075	0.010867957682118994	bull
2009-04-30	-0.0004149314173028974	0.0001504103268393387	0.010532174016255533	0.0041943083912537645	-0.002677492866454762	-0.0038667745296932132	0.00519983496967449	-0.005170537029828575	-0.023399049834962948	0.013349468754895597	-0.01259684024642979	0.005764927442068709	-0.024990133937169336	-0.0038039476331969604	0.0021452384107567917	0.003756233729938608	0.0017564733534578734	0.017838272653348114	-0.002326944585821882	0.0008247010249202819	0.019203537596918334	0.005010604735058926	0.0009291123359305746	-0.025370880228174523	0.012882736751705435	-0.0054936691030625364	-0.002001046118890383	-0.007260262269768197	0.005173893873562342	0.007116380246606677	-0.012870673369159927	-0.016249840822672862	0.013135006586434277	-0.007847433128288187	0.00035100895473111815	-0.0008413147244429875	0.012854877865266583	-0.002374723653162672	-0.006972065509297708	0.012650959848562904	0.008129695175231455	0.011390122833548627	-0.00790424586408623	-0.00022868620741668246	0.026992109456133742	0.0237204238252552	-0.005243666764210396	0.019198331070512126	-0.007920436083132991	0.008724259533303077	0.004865177166831309	0.007031544667458877	-0.003865974139798632	0.01700188062952265	0.0029641750203076886	0.011740656801204438	-0.013733248174497153	-0.0022126465359833033	-0.0023525479299032126	-0.013858964895688507	-0.01202946586744038	-0.008489635761345815	0.022420365654883957	0.004381070431231386	0.0040459715058615816	-0.0003675545610327157	-0.0038881496826105896	0.009724328643033527	0.0014948621595976498	-0.02533611145418737	-0.015028769701023499	-0.002967634314660573	0.0006355811731455502	-0.010334668248179734	0.003361277526016627	-0.017064715976740544	0.023937321340850512	0.01292393353688298	0.0015979630370458282	0.002727687075026077	0.0055	0.004482142857142857	0.0034642857142857145	0.002446428571428571	0.0014285714285714284	0.00041071428571428563	-0.0006071428571428575	-0.0016250000000000001	0.0	0.0	0.0	0.0	0.0	0.0	0.0	0.0	0.0	0.0	0.0	0.0	0.0	0.0	0.0	0.0	0.0	0.0	0.0	0.0	0.0	0.0	0.0	0.0	0.0	0.0	0.0	0.0	0.0	0.0	0.0	0.0	0.0	0.0	0.0	0.0	0.0	0.0	0.0	0.0	0.0	0.0	0.0	0.0	0.0	0.0	0.0	0.0	0.0	0.0	0.0	0.0	0.0	0.0	0.0	0.0	0.0	0.0	0.0	0.0	0.0	0.0	0.0	0.0	0.0	0.0	0.0	0.0	0.0	0.0	0.0	0.0	0.003006673302009182	-0.005123976433400981	-0.005783167803222286	0.00559089914522436	-0.0019189082371755641	0.008525041512757667	0.01533630160306753	0.0029740587419559653	0.005108145161202542	0.005462193224984915	0.008837569007827563	-0.004572328278184434	0.0019426422250625203	-0.00043430812181384466	-0.0004052367925710723	-0.0017490340520172612	0.0015481340362631323	0.0041225513954136865	-0.005875152162890643	0.002403510503645805	bull
2009-05-31	0.004005894269244871	-0.005573351984321791	0.011065589286237158	0.018095387130220415	0.010525527577445962	-0.007470876331447151	-0.010064678138078239	-0.008151415148743351	0.00386750902953103	-0.005986751085554412	-0.016600078387987452	-0.003171489755498197	0.015902390518165364	0.006584054603318761	-0.003905956986847613	-0.010633050534480602	-0.013759409916736824	0.001036697032802374	0.005985822761589965	0.019946173671201082	0.00573428696759034	0.0012690217564987228	0.00756886664404498	0.012326277489934504	0.006202270877947817	5.3520820724573144e-05	0.008348190776241543	-0.009701442060738264	0.01100195939241709	-0.006981679932185324	0.013890201785003612	0.026447770073578805	0.008127003869425458	-0.026130318778539812	-0.002259226482619996	0.0017840560618874008	-0.008105396351737553	0.02601798841143741	-0.016896953094669313	0.003273836758865562	-0.011147326405933326	0.005340582279004257	0.02087685457813648	-0.00704440505573337	-0.002461382916886104	0.004173179296650663	-0.01215129652699217	0.002422407030707583	-0.004288112334312787	-0.01999215257215762	0.01372542635424775	0.0006919504732408196	-0.017359502611890308	-0.001088597568222272	0.004265533842710745	-0.019507905677232748	0.00409819608796493	-0.009912825973127943	0.00282482401787214	-0.009296428154359191	0.011172982906944153	-0.0008821208853748032	0.015552134915237364	0.006407436785625795	0.028569442127297166	0.0034307970229211053	-0.00023537974626600981	0.020064547259109732	-0.007486588923526608	0.0012859130167893996	-0.006111498830922724	0.003637498612616759	-0.0011184175365999368	0.01924539592853387	0.010464480420030654	0.024405783029005118	0.008797254061073064	0.012183407300534193	-0.013687476928461235	-0.007216384507517016	0.0055	0.004482142857142857	0.0034642857142857145	0.002446428571428571	0.0014285714285714284	0.00041071428571428563	-0.0006071428571428575	-0.0016250000000000001	0.0	0.0	0.0	0.0	0.0	0.0	0.0	0.0	0.0	0.0	0.0	0.0	0.0	0.0	0.0	0.0	0.0	0.0	0.0	0.0	0.0	0.0	0.0	0.0	0.0	0.0	0.0	0.0	0.0	0.0	0.0	0.0	0.0	0.0	0.0	0.0	0.0	0.0	0.0	0.0	0.0	0.0	0.0	0.0	0.0	0.0	0.0	0.0	0.0	0.0	0.0	0.0	0.0	0.0	0.0	0.0	0.0	0.0	0.0	0.0	0.0	0.0	0.0	0.0	0.0	0.0	0.0	0.0	0.0	0.0	0.0	0.0	-0.0030945594899805863	-0.004888926250480027	-0.00360968553695093	0.00010634795250190809	0.0023544253570871774	0.006305369437912682	0.007817553878899253	0.003040456466545417	-0.009226410941381737	0.0035954259575310494	0.0015899156764149134	0.0014699279662063335	0.004306759696852025	-0.003147449204969272	-0.005997318653740511	-0.009055588505444962	-0.0006785113935652699	-0.004383673415358988	-0.006610969214168133	0.0008256138702051939	bull
2009-06-30	0.0037249992083488227	-0.019290014809968174	0.008991275332882421	0.0029516782295364776	0.010227069866731298	-0.00127978397443127	-0.010992354358642459	-0.006289792801295033	-0.02003710744506323	0.0033665880011083836	-0.009448018137061207	-0.010143060825241627	0.01053038136882929	0.006685917022751641	0.014284455360214337	-0.006961431749422091	0.007088997100958746	-0.006577540411965861	-0.0028645554197331002	0.018299028152547827	0.0188644777426744	0.008468118863291754	-0.013303153497286679	0.0319703028558639	-0.005097179596393672	-0.005050870460285109	0.008039100898450417	0.02111083488694878	-0.01021026700540375	0.0017460898318614447	-0.009619308901190851	-0.00996880534598901	0.0156996643343621	0.016456042855178616	-0.014891125805159312	-0.003691120188144179	0.002163262127383971	-0.01037062640367418	-0.0039503994587549674	0.0110688517422237	-0.006034823357604836	-0.024524300616652443	0.016846086178941476	0.010142444437041393	-0.016333199117871247	-0.009425204864992424	0.004530235765053889	-0.0007058791122128877	-0.0018673791096557384	0.002854226491809125	-0.006607495701355387	-0.00749887790881548	0.009080602335437015	-0.009880119657510738	0.0022834402428976277	-0.004485884594549222	0.011507179694379125	-0.015814432590142875	0.015783844845569564	-0.005854508829488438	-0.03457464466487282	0.016308001559968484	-0.010467702041896376	-0.01328072325983934	6.229952343269883e-05	0.010486034057079412	0.003969837678569507	0.000323791178193241	-0.0008298783358985706	-0.002693964964686217	0.006510187299752994	0.0038051850526586695	-0.010559494572962173	0.006132676304143629	-0.000380482062786573	-0.006129383166244717	0.01869643251036562	-0.0020105254584549537	0.0004612344455120925	0.011763119007712488	0.0055	0.004482142857142857	0.0034642857142857145	0.002446428571428571	0.0014285714285714284	0.00041071428571428563	-0.0006071428571428575	-0.0016250000000000001	0.0	0.0	0.0	0.0	0.0	0.0	0.0	0.0	0.0	0.0	0.0	0.0	0.0	0.0	0.0	0.0	0.0	0.0	0.0	0.0	0.0	0.0	0.0	0.0	0.0	0.0	0.0	0.0	0.0	0.0	0.0	0.0	0.0	0.0	0.0	0.0	0.0	0.0	0.0	0.0	0.0	0.0	0.0	0.0	0.0	0.0	0.0	0.0	0.0	0.0	0.0	0.0	0.0	0.0	0.0	0.0	0.0	0.0	0.0	0.0	0.0	0.0	0.0	0.0	0.0	0.0	0.0	0.0	0.0	0.0	0.0	0.0	-0.005461814383363346	0.0036256394291522684	-0.0027804001972227075	-0.00023545024031553766	-0.0004163645340987893	0.0050927364832223584	0.0023373884908757295	-0.0007882806546442584	-0.007069704286545648	-0.003256843031354258	0.0003583721551697552	-0.0007128043615702835	-0.00010527049430619729	-0.00040791491801707853	0.0020194184049276325	-6.72645785652513e-05	-0.005923636816521	-0.004497000845273883	-0.004506139503107824	-0.001715540292293127	bull
2009-07-31	0.015331295193690682	-0.0007813228771647897	-0.013364139133773684	-0.004039415291559868	0.017711747923426852	0.012122995913826666	0.005625059295744525	0.002196697156315828	0.009002364284136179	-0.008600934403093216	0.024362783107915863	-0.009040804624968875	0.0010754017471265428	0.0258193342921679	-0.007006253519568659	-0.011973560327396847	0.0025418194326998216	-0.0030655741417510854	-0.000938446410328291	-0.013730655952871	-0.006520324218756379	-0.003129895867693771	-0.002218078257459411	-0.0049327062772221595	-0.020484132889946206	0.004157188134792594	-0.0011254615318176259	0.002558756434824207	0.005856614067120216	-0.0022672005549793724	0.010473657901918733	0.019066774800349958	0.0011418439266329078	0.004047453393726853	0.02518027300644167	0.015378433053773682	-0.0032908227945560534	0.027418081599287856	-0.008124805042139726	-0.015189615708032487	0.010376275775952019	-0.02032765454041815	-0.012872053679526351	-0.01575574951482419	0.005382257625153068	-0.015966949116924704	-0.023672174333484803	-0.0026794314826164107	0.014821579221463236	-0.008403681979967263	-0.008436460415608813	0.013359884643776876	-0.0063363040438727935	0.004926856750166974	-0.011426603004279043	0.028914655010671548	-0.0044019791463575896	0.0035073056443427407	0.01837654450895608	0.010527269710481934	0.008748350713303474	-0.01932826695188155	0.007338682897417697	0.0014829655073641801	-0.0051154504403961455	0.0007698732376290184	0.001984958276007037	0.011041238274662258	0.018272934083326347	0.01649361256871485	-0.010893525627215508	-0.0100179086644994	0.01070248965092861	-0.004171037929602369	0.009092615249395468	0.015757508992937628	-0.0019290268245084595	-0.012802122742965183	-0.007309819517673415	0.01125993634472359	0.0055	0.004482142857142857	0.0034642857142857145	0.002446428571428571	0.0014285714285714284	0.00041071428571428563	-0.0006071428571428575	-0.0016250000000000001	0.0	0.0	0.0	0.0	0.0	0.0	0.0	0.0	0.0	0.0	0.0	0.0	0.0	0.0	0.0	0.0	0.0	0.0	0.0	0.0	0.0	0.0	0.0	0.0	0.0	0.0	0.0	0.0	0.0	0.0	0.0	0.0	0.0	0.0	0.0	0.0	0.0	0.0	0.0	0.0	0.0	0.0	0.0	0.0	0.0	0.0	0.0	0.0	0.0	0.0	0.0	0.0	0.0	0.0	0.0	0.0	0.0	0.0	0.0	0.0	0.0	0.0	0.0	0.0	0.0	0.0	0.0	0.0	0.0	0.0	0.0	0.0	0.002953658872566432	-0.0015836357572083337	-0.0072868995793419905	0.0014096826084835394	-0.0008003468307648102	-0.005979115495921046	0.002009819919483923	0.0065744559794855125	0.005447082878372629	-0.007745514248239693	0.00029876983736815805	-2.9885832090653435e-05	0.0021906810846169327	-0.001037206221666849	-0.0040952795542350436	0.0021733358784745993	0.0041613344493518995	-0.003968920868382372	-0.0028645316343286036	0.00016139228452712463	bull
2009-08-31	0.00788364832169408	-0.005194364091364637	-0.0011645236606397055	0.003014633764711608	-0.013694122832381831	0.009082679527116746	-0.008596530825194976	-0.007070342036575751	-0.009560773800170399	0.019825294725530348	0.0011026863632227187	0.0005448815991809948	-0.0007463897971016096	-0.017308763507721075	-0.0037507106263263983	-0.008907045321133103	-0.002070885360898095	-0.014987943972255224	-0.008299300047474954	-0.0038806554057126395	0.007292406800559933	-0.007119205813881318	0.0016671471436815546	0.00583600942534066	-0.007758772968631555	0.015569263099252436	-0.010026593482662561	-0.02636902585468462	-0.0030354762799946118	0.01302692841161641	-0.0062370711134272444	0.004507301184590247	-0.0037322713744933995	-0.017090339407327366	-0.00977667625122951	0.000936266299823444	0.01569106838411838	0.018622500381307788	-0.0032852050544281827	-0.006944863052308402	-0.006176952980975643	-0.012552526481848411	0.013266882981622546	0.013441036742662971	0.0018545409877398875	-0.001057690103859892	-0.012178226221244778	0.008478096535288991	-0.014945805723901768	0.018216488771909883	-0.008564364100228145	-0.002040833350074314	0.0025771505218348846	-0.007298927557452534	-0.0020997781402300303	0.014495484861343586	0.014463647234551425	0.009107747776763486	0.015607635499493707	0.005059232265406618	0.0036205854669180853	0.011033159640155506	-0.004973459081020441	0.004617704388196052	-0.012170784749069867	0.00037267615872551673	0.005500301905004823	0.00373385926405594	-0.005594916634310999	-0.016521692918512094	0.0005785381118345347	-0.017011188286398925	0.01306028776244599	0.002943531145415436	-0.010281234126316435	0.008958458955706376	0.0072203181977004245	0.01558834227783424	0.007872105268728688	-0.001778111489320844	0.0055	0.004482142857142857	0.0034642857142857145	0.002446428571428571	0.0014285714285714284	0.00041071428571428563	-0.0006071428571428575	-0.0016250000000000001	0.0	0.0	0.0	0.0	0.0	0.0	0.0	0.0	0.0	0.0	0.0	0.0	0.0	0.0	0.0	0.0	0.0	0.0	0.0	0.0	0.0	0.0	0.0	0.0	0.0	0.0	0.0	0.0	0.0	0.0	0.0	0.0	0.0	0.0	0.0	0.0	0.0	0.0	0.0	0.0	0.0	0.0	0.0	0.0	0.0	0.0	0.0	0.0	0.0	0.0	0.0	0.0	0.0	0.0	0.0	0.0	0.0	0.0	0.0	0.0	0.0	0.0	0.0	0.0	0.0	0.0	0.0	0.0	0.0	0.0	0.0	0.0	0.00031821936448975826	-0.005337374925197432	0.004339081608177401	0.00494005150522903	0.006731643612551185	-0.01081277469140042	-0.004057732236382198	-0.004873349816251097	-0.00016318541485544485	0.008266173235095257	0.00011451793068579976	-0.008518009126349917	0.0009671399126125825	-0.0038959114065867948	-0.0005967407677107958	-0.0037933961810131776	0.007028106362692521	0.0017733987011712298	0.005551769134059886	0.0012020864675252848	bull
2009-09-30	0.031437392745988633	-0.007026545031654066	0.0070195945387658484	0.004270356148559586	0.0034300353855430104	-0.003634708160382052	0.0075999279176781195	-0.010557526823079876	0.014269761052214168	0.007863168357763694	-0.002239466797743683	-0.005115112269855504	-0.004057094324303896	0.018913074428442134	-0.0012716356580871311	0.0017214174148127669	0.004641840504852215	0.0009877154386589257	-0.006648118691591975	-0.036036874949100524	-0.011139718550501276	-0.012489007887625187	0.023375859964485723	0.0023921820618294587	-2.3865910611561178e-05	-0.0043167565940150495	0.0007321074366859291	0.0055805389147163134	0.02421520114721706	0.0005559924196403588	0.006872153981399827	-0.0034315912592336483	-0.007117430348364395	0.014328949055227752	0.0001992444201712905	-0.008755523472360485	-0.002786204931994039	-0.003296321504511545	0.021932344108799295	0.0044669729634773826	-0.005932619569204764	0.013196455517286139	0.019140843980577665	0.0298591722684913	-0.00015609786928346794	-0.005020750161149008	0.006443945820623017	-0.013388903990638135	-0.011189793423416024	-0.028253560396555237	0.011254696810915068	0.012629454231195563	-0.0013562685617440427	0.015470701586505762	-0.008455105538378702	-8.042861405290735e-05	0.01537171486713618	0.01176930013983992	-0.00896710845704517	-0.008779936743913563	-0.014942545986910869	-0.004635793295927578	0.026177628077608997	0.020056986867243217	0.021470992544013762	-0.002608832520778039	0.006328638623763561	0.0022205351080832993	-0.0021493678140121937	0.02125214450220491	0.006055412887761336	-0.007658034804859768	0.016170534619657184	0.014205042428406622	0.018082497647938008	0.006552158784658389	-0.0057489459035797216	-0.0021258637192280187	-0.021438170612808827	0.01912499223369686	0.0055	0.004482142857142857	0.0034642857142857145	0.002446428571428571	0.0014285714285714284	0.00041071428571428563	-0.0006071428571428575	-0.0016250000000000001	0.0	0.0	0.0	0.0	0.0	0.0	0.0	0.0	0.0	0.0	0.0	0.0	0.0	0.0	0.0	0.0	0.0	0.0	0.0	0.0	0.0	0.0	0.0	0.0	0.0	0.0	0.0	0.0	0.0	0.0	0.0	0.0	0.0	0.0	0.0	0.0	0.0	0.0	0.0	0.0	0.0	0.0	0.0	0.0	0.0	0.0	0.0	0.0	0.0	0.0	0.0	0.0	0.0	0.0	0.0	0.0	0.0	0.0	0.0	0.0	0.0	0.0	0.0	0.0	0.0	0.0	0.0	0.0	0.0	0.0	0.0	0.0	-0.0015924113545220284	-0.0030776813730983253	-0.0010853463845019967	0.004048888166184949	-0.0031874184930806185	0.0064502659279411165	0.007885217407662503	0.0017228591973267582	0.0019146157270686533	-0.0012702185787427235	0.0043765934528695915	-0.0015564440206986805	0.0014048268383328947	0.0006871061937912181	0.0013032705186185503	7.470475162685091e-05	0.0038940452407877995	0.0011804896240915177	-0.0002762670958187598	-0.004748327622074274	bull
2009-10-31	-0.0015561466061805836	0.009715225426119512	0.004289551254323954	-0.005529921044343739	0.0023104664904137697	0.012349162190169388	0.022124027332578608	-0.0008897314625324766	-0.006195642621583877	-0.0003621620910518353	0.0042357093946564575	-0.004220886845310591	0.020954170522914248	0.0017212113751167285	-0.0026833982802848735	0.0034699654171428916	0.015354506908499047	-0.017946205758697823	-0.00021431213075873156	0.0054157361197219945	-0.011679026153618918	-0.01087529427616676	-0.007800981382774054	-0.0007594634709010426	0.0085346388517493	0.0016813059119261842	0.01969540493288575	0.010513968618421556	0.017695991516521962	-0.007082342194011437	0.012896713929102013	0.013267971644899481	0.014002522818825691	-0.0034878833575896157	-0.01626601099128943	0.018030464693968597	-0.009488132778042987	-0.013504171663886382	0.021309097271070766	-0.025610826002256275	-0.013694148151850712	0.011200125374996386	-0.0206895019996967	0.003024135997580813	-0.0021082416351996228	-0.010788916544513938	-0.0016787611084732015	0.003023738900148139	0.013135366833108036	0.017358557061337303	-0.011596747396431876	-0.003561846156797989	-0.009164718935152928	-0.0072758372348229	0.0036720562475545003	-0.01642735659234306	0.002870737642756675	-0.008228843443385992	0.005712200503727567	-0.013441606294242209	0.004813581942387497	-0.0046208917813817365	0.011984774171462776	0.003666646950328277	0.0029808644087867026	0.008787228685070834	-0.01778485026024909	-0.011393961237215908	0.0010846282370229263	0.019939415770269312	0.0024933215667440937	0.015259605936133786	-0.0027952476251666327	0.019646599038760478	0.003499855074047943	0.01673083539882538	0.0022047288277962833	0.004810934017127034	-0.020121728675012173	-0.010768175620499898	0.0055	0.004482142857142857	0.0034642857142857145	0.002446428571428571	0.0014285714285714284	0.00041071428571428563	-0.0006071428571428575	-0.0016250000000000001	0.0	0.0	0.0	0.0	0.0	0.0	0.0	0.0	0.0	0.0	0.0	0.0	0.0	0.0	0.0	0.0	0.0	0.0	0.0	0.0	0.0	0.0	0.0	0.0	0.0	0.0	0.0	0.0	0.0	0.0	0.0	0.0	0.0	0.0	0.0	0.0	0.0	0.0	0.0	0.0	0.0	0.0	0.0	0.0	0.0	0.0	0.0	0.0	0.0	0.0	0.0	0.0	0.0	0.0	0.0	0.0	0.0	0.0	0.0	0.0	0.0	0.0	0.0	0.0	0.0	0.0	0.0	0.0	0.0	0.0	0.0	0.0	0.0008844024154371225	0.0012186382516404665	-0.0024170321278391194	-0.0012308528883165862	-0.013444446180182819	-0.002589619958990164	0.0071302944027863	-0.002038232498265656	-0.0015734359970344433	0.0007297874570564174	-0.0012041062075063304	0.0009696849887260601	-0.0032634995932934556	-0.00036697671102579817	0.0015691429386805462	-0.004542531919140802	0.0006733388345954718	-0.00024053099135170036	-0.0049897441707854925	-0.004475273183867721	bull
2009-11-30	0.006080474321736874	0.02518015058884691	-0.005922230019364044	0.0021346744957181796	0.015343946163581947	0.00938692648228537	0.0033671922975694202	0.00027750076862989126	-0.00028229773555837645	-0.01287409232521768	0.015799997736448412	-0.007980968350947826	0.0034256670084393775	-0.03803792405032524	-0.0013594229273875154	0.001382486219647622	-0.013872055342692655	-0.0017778011786090547	0.01440930824332399	-0.01050831353331968	0.00034527235878196565	0.003965731274441692	0.007276371839201207	0.009258708644243191	0.007364876122079374	0.0034289783925719685	0.012487476401740463	0.00761006908868931	0.004077723360693714	-0.011668064632705108	0.029832869595093812	0.0013968735973481424	0.009465332200091756	0.010854994933038565	-0.0007767735373344847	-0.003094274372266841	0.020405930999191725	0.009727976408215778	-0.005492980007149378	-0.01262827239602212	-0.015232124129334935	-0.021200202932097758	-0.0008413619959673475	-0.009993570346644094	-0.002398544323929528	0.004473140766870397	0.0074383870320822686	-0.0057182390973331875	-0.0032382046535970356	0.006879043516373654	0.011393648311327532	-0.011130299818097347	0.00604214111851161	0.005973095411210953	-0.001562983404608969	0.017447955606214295	0.0038233081523893005	0.010109096537140495	0.00040607224985357316	-0.0061397503754329705	0.015970130874671203	-0.0015698910030012725	0.0072319954830315746	-0.005871406739758142	-0.002499428831537898	0.007614284426991744	-0.008508244865886144	0.02296090599537459	-0.0041183350807682635	0.011029644268502448	0.0072032799352104385	0.009132640570453899	-0.0019953410385887753	0.0037310165139480458	-0.02420828387060433	-0.0008653138803576799	-0.01937293897246709	0.0040319972055208085	-0.009902255922825207	0.0009883537986303832	0.0055	0.004482142857142857	0.0034642857142857145	0.002446428571428571	0.0014285714285714284	0.00041071428571428563	-0.0006071428571428575	-0.0016250000000000001	0.0	0.0	0.0	0.0	0.0	0.0	0.0	0.0	0.0	0.0	0.0	0.0	0.0	0.0	0.0	0.0	0.0	0.0	0.0	0.0	0.0	0.0	0.0	0.0	0.0	0.0	0.0	0.0	0.0	0.0	0.0	0.0	0.0	0.0	0.0	0.0	0.0	0.0	0.0	0.0	0.0	0.0	0.0	0.0	0.0	0.0	0.0	0.0	0.0	0.0	0.0	0.0	0.0	0.0	0.0	0.0	0.0	0.0	0.0	0.0	0.0	0.0	0.0	0.0	0.0	0.0	0.0	0.0	0.0	0.0	0.0	0.0	0.004816068177904229	-0.003291562707827986	0.005357342448556683	0.0031707154691348887	0.0013312736984149942	0.0015824488794991829	-0.005082412326549088	-0.007523766094038238	-0.0014207258563144636	0.002942900681500986	0.003200926088650692	0.0006348877194155334	0.004498945022270895	-0.0027358476258862586	0.0024132519270971945	0.0033047545190711056	0.00036837125761825885	-6.208674186481033e-05	-0.0037567465730438745	0.004468413311170534	bull
2009-12-31	0.01239929696351599	0.008791290710197646	0.0015748437815716156	-0.015004063035110593	-0.017078178561101037	-0.012439026325518644	-0.015982764865614767	0.0021401149255298097	0.00015762655281789813	-0.002960250495212473	-0.00994563748883265	0.010842150826388381	0.0005225172747561595	0.024271464585123477	0.0018932542008225574	0.0025333335752541317	0.010806976108380868	0.008760491223650198	-0.010118496284658808	0.027819330780138343	0.0012019318405124965	-0.0003074145600414797	-0.0010475790587025397	0.014077483819262791	0.013462178017880586	-0.0038677731030659565	0.00037195880297357216	0.007010490951606911	-0.006646030798646739	-0.0036050540200933527	-0.006167347341655568	-0.018504081039995506	-0.003022028416038922	0.003710351563929245	0.02275042998960191	-0.013551660091939506	-0.01557833949310309	0.002902859644945489	0.0013245316386239448	-0.00697006271630156	-0.011332539566751303	0.007679885619151749	-0.01397522662505322	0.002274492917203126	0.013690640358628527	-0.004215380866011406	0.03251302802816393	-0.025938040757477167	0.00959306414003851	-0.011132386039222515	-0.004309292818452914	0.01569227223239103	-0.014685164996733507	-0.025536766560060268	0.012114947265304024	-0.007344590746785071	-0.0018292006581096878	-0.004640011868736836	-0.001671823744543992	-0.0019110752358437613	-0.0026326487165073678	-0.013352487823577315	-0.005454750387290363	-0.011491413970062305	-0.0028125694884710826	0.01760388388833734	-0.0004999387116675792	0.004426047926699576	0.020354444372784206	0.006736726225793983	0.012537745786023301	-0.0025707433507015337	0.010717610182524033	-0.007040910074823733	0.017429004662838688	0.004581168893848878	0.01924779774343662	-0.009740931432127549	-0.010087156655806867	0.012470528444038452	0.0055	0.004482142857142857	0.0034642857142857145	0.002446428571428571	0.0014285714285714284	0.00041071428571428563	-0.0006071428571428575	-0.0016250000000000001	0.0	0.0	0.0	0.0	0.0	0.0	0.0	0.0	0.0	0.0	0.0	0.0	0.0	0.0	0.0	0.0	0.0	0.0	0.0	0.0	0.0	0.0	0.0	0.0	0.0	0.0	0.0	0.0	0.0	0.0	0.0	0.0	0.0	0.0	0.0	0.0	0.0	0.0	0.0	0.0	0.0	0.0	0.0	0.0	0.0	0.0	0.0	0.0	0.0	0.0	0.0	0.0	0.0	0.0	0.0	0.0	0.0	0.0	0.0	0.0	0.0	0.0	0.0	0.0	0.0	0.0	0.0	0.0	0.0	0.0	0.0	0.0	-0.0035109788560246857	0.004077595715650483	-0.004788768630209307	-0.006305058475682844	0.002061805680841032	0.0022618418902162207	0.0017201830352701862	0.002588994883917925	-0.004990169911500272	0.0010494746473597755	0.00330775354832678	-0.0022904910720165624	-0.0010611656611011562	0.0040262005825127374	-0.002339832618419332	0.0043822886634644325	0.00354005742604215	-0.004220461022805426	-0.0004579656731003522	-0.0005390413356322903	bull
2010-01-31	0.004830089296651675	0.011863050856625425	-0.006400778742026271	-0.010833800248642627	-0.01948069706203984	-0.001918179485523298	-0.004601063231187196	-0.0004691478313715691	0.008130136142424275	0.018476078761158515	-0.012919171657949553	-0.005781927090626796	0.01769665378370723	-0.005994353483274565	0.01157731686079326	-0.006602063585223727	-0.009345918450075246	0.021506430061859358	0.0061963531313775876	0.004582241029658919	-0.029581065430518264	0.018944894325528965	-0.005395899649795244	0.0094709983273518	0.004763586722719346	-0.013927410297449544	0.005937522751112124	0.005763243405461468	0.013546169397555008	0.00687800833251829	-0.0004209252398695118	-0.02129402237242354	-0.010087473172533093	0.008165471651991177	0.00986185724385789	0.0034765897465779674	-0.004067536839544745	0.0017524646846520052	0.014986823428110915	0.007011694939257026	0.0008616955190505349	-0.005052667416985099	-0.004693492215759551	0.0009656676384110741	-0.001503732828991061	0.017359038778246804	-0.0020282882820128684	0.003262051494813558	-0.0129533971317359	-0.036285913317457154	-0.01250217058306605	-0.015111053591157142	0.019844388687474887	-0.0009741049213816921	0.004267791750555377	0.010235143574875082	-0.01555068880764457	0.006651257347357083	0.010134703361503144	-0.003347741805502365	0.02636257191191383	-0.0016472665536172721	-0.007144088613478797	0.015158489861100624	0.006209465067077033	-0.0165216889717878	-0.01748954803300547	0.020144352993186832	-0.011526054905881319	0.0049765421054405335	0.008954714998300223	-0.010412628113275226	-0.007101643122334008	-0.0011606313370679424	0.01483095568422241	0.033704706592865306	0.0030019933549468377	0.017385412917171734	-0.005715154252275969	-0.007639492601353053	0.0055	0.004482142857142857	0.0034642857142857145	0.002446428571428571	0.0014285714285714284	0.00041071428571428563	-0.0006071428571428575	-0.0016250000000000001	0.0	0.0	0.0	0.0	0.0	0.0	0.0	0.0	0.0	0.0	0.0	0.0	0.0	0.0	0.0	0.0	0.0	0.0	0.0	0.0	0.0	0.0	0.0	0.0	0.0	0.0	0.0	0.0	0.0	0.0	0.0	0.0	0.0	0.0	0.0	0.0	0.0	0.0	0.0	0.0	0.0	0.0	0.0	0.0	0.0	0.0	0.0	0.0	0.0	0.0	0.0	0.0	0.0	0.0	0.0	0.0	0.0	0.0	0.0	0.0	0.0	0.0	0.0	0.0	0.0	0.0	0.0	0.0	0.0	0.0	0.0	0.0	-0.0009468859975159292	-0.002746666985053338	-0.005027315661751547	0.0014424676248145085	-0.0017538521358453157	0.0034455651463314654	-0.002183400439591099	0.0019940492367565687	0.0020178188971817362	0.005650939942386597	-0.007664819012866895	-0.002461456970948993	-0.0004694172539728102	0.00012957609061814358	0.0050299337631255	0.001904160597818417	-0.001958062971116772	-0.0053272148533597226	0.00415639958701254	-0.003063239817321995	bull
2010-02-28	0.017212323282144074	-0.0010285879932158655	0.00817676052901748	0.009169221609302404	-0.013100453502149254	-0.0015561746121226204	-0.005315331401607412	0.0017199299731457812	-0.0076796853243045965	0.0017184312891532982	-0.0036632306751695847	-0.028999317627252965	0.008954868825976441	0.013171917123108523	0.007494603039229267	-0.024578350882203552	0.007723767038435905	-0.0008630650276518047	0.011372316975233035	-0.009754166291072022	0.006790333748452289	-0.020580184454241986	-0.018341246790733207	0.004932233492661201	-0.012184849834742372	-0.010616296148989261	-0.010587710101463754	-0.003533631188885519	0.011417245805505722	-0.034003198571643974	0.010052709378127358	0.014125681101645677	0.005676581437428046	0.00035388979836127544	-0.0018334782835785835	0.0031926230859876397	-0.011179248081316475	0.013943756142635728	-0.01966534490440036	0.0015163586558060822	0.014367698155778647	-0.0087212212085725	-0.008249609636536542	-0.003413797710253001	-0.02384303279169482	0.0055575684050199105	0.0020354065447315585	0.017758069325020755	-0.015495843460939608	0.004119906408035273	-0.008778646982704355	0.017174790963625942	-0.014505053592776054	0.004791647944755246	0.00869538524102199	-0.002312186962627843	0.011132504300005053	-0.008419109170823771	-0.009888432916629478	0.018252289783188495	-0.012386512718432977	0.009680270063682984	0.0012254559393495414	0.008669731221137875	-0.00968009218179059	0.023967573603877402	-0.009956541292490663	-0.026594862379386634	-0.016068593576724133	0.010135818287082914	-0.018593367849331858	0.013303345406143804	-0.0004672489810882083	-0.03657009419988448	0.018668072800827523	-0.002806442654853239	0.019318219734427856	-0.0008887937940616746	0.010484243555132331	0.010183243147110766	0.0055	0.004482142857142857	0.0034642857142857145	0.002446428571428571	0.0014285714285714284	0.00041071428571428563	-0.0006071428571428575	-0.0016250000000000001	0.0	0.0	0.0	0.0	0.0	0.0	0.0	0.0	0.0	0.0	0.0	0.0	0.0	0.0	0.0	0.0	0.0	0.0	0.0	0.0	0.0	0.0	0.0	0.0	0.0	0.0	0.0	0.0	0.0	0.0	0.0	0.0	0.0	0.0	0.0	0.0	0.0	0.0	0.0	0.0	0.0	0.0	0.0	0.0	0.0	0.0	0.0	0.0	0.0	0.0	0.0	0.0	0.0	0.0	0.0	0.0	0.0	0.0	0.0	0.0	0.0	0.0	0.0	0.0	0.0	0.0	0.0	0.0	0.0	0.0	0.0	0.0	-0.00421088401718624	-0.0005524801344695502	0.010714766427482439	-0.0016985896602918652	0.0023842358271038734	0.00586995395151409	-0.002556140822791943	-0.00038118148609482885	-0.007777515004066812	0.0060581911865517386	0.0007149339644151203	0.0021805875666336474	-0.005015487471963468	-0.0011069780451522164	0.003950850153717221	-0.006588644763674789	0.0029859355529316366	0.0024432867519855947	0.0014768206052998773	0.0022402291315236893	bull
2010-03-31	-0.0019363123022056198	-0.0024586203424069707	-0.01578570765024282	-0.009813520303923006	0.00964190622555451	0.009942766115518234	-0.016541138162551833	0.011190776531766393	0.0010457255836600953	-0.008935672386993148	0.02270336316949458	0.016491870943254838	0.015358799820892461	-0.0029254103081487407	-0.009996782422694086	0.0007160431342418317	-0.010642862791642383	-0.015553458820026126	0.0030786821505560825	0.011153887698467072	0.0012012050085004108	-0.003618867801675971	0.006038990928934954	0.0232279464139642	-0.0033932303315659562	0.007682125667134532	-0.004370968242961821	-0.0009441018809942335	-0.003646659295984643	-0.0006901627805652822	-0.010349836551753139	-0.005415090328601108	-0.021504824600629656	0.0022227010053165962	0.004733270800047839	0.0072042277951798375	-0.02557041799415298	0.0028529102172349914	0.0010469875347452005	0.003556451165581884	0.013995652953014647	-0.03691445774175446	0.015762125286946916	0.01599373057862142	0.004901372922965736	0.0011500470598150823	0.0009254206936111505	-0.013473727098469536	0.0037487160177052782	0.00915698356277426	0.012282105476287644	0.012571344326377522	-0.008071445868174997	-0.020700107619892754	0.008393057804454042	-0.023330078240667226	0.010958908289958283	0.001076041295723509	-0.014074073546813249	-0.0015923669759902877	-0.0068872426551229	-0.010294056598842707	0.0027614551196185185	-0.0018905320772103207	0.02365146146794335	0.005890418527378853	0.01924540073076556	-0.018594548144324787	-0.008319155551694307	-0.017199057933456784	-0.0044092408766093225	0.009628210566891048	-0.009622061613734871	0.009655780511881236	0.011230718038811604	0.00035842395316403416	0.0021229883379982857	-0.009980270450166825	0.007441605099064978	0.015098665334472478	0.0055	0.004482142857142857	0.0034642857142857145	0.002446428571428571	0.0014285714285714284	0.00041071428571428563	-0.0006071428571428575	-0.0016250000000000001	0.0	0.0	0.0	0.0	0.0	0.0	0.0	0.0	0.0	0.0	0.0	0.0	0.0	0.0	0.0	0.0	0.0	0.0	0.0	0.0	0.0	0.0	0.0	0.0	0.0	0.0	0.0	0.0	0.0	0.0	0.0	0.0	0.0	0.0	0.0	0.0	0.0	0.0	0.0	0.0	0.0	0.0	0.0	0.0	0.0	0.0	0.0	0.0	0.0	0.0	0.0	0.0	0.0	0.0	0.0	0.0	0.0	0.0	0.0	0.0	0.0	0.0	0.0	0.0	0.0	0.0	0.0	0.0	0.0	0.0	0.0	0.0	-0.013400885289252155	0.00029832263862519803	0.013064700346254565	-0.001029639475780741	0.001444032923197996	0.001753656032224459	0.0028971559471315084	0.012413983981278303	-0.00028098953275820186	0.0018039593588875602	0.0007985844954611457	0.005779524576557194	-0.006622239137067543	0.00027551352640693303	0.004556729462113957	-0.00014731339277693906	-0.0013128829555896086	0.004551975142289894	0.0032665413340635958	0.004488767559956407	bull
2010-04-30	-0.004034984908737275	0.0293619723123264	-0.01056495009596929	0.005359851715553657	-0.009998750542983065	0.010524891345282986	0.012196035891763667	0.017433704795406305	-0.002371577462183991	-0.008145341273905158	-0.00508891967186596	-0.01688250967921602	-0.001000130103915726	-0.006668600109048719	-0.005897221308723772	-0.022783766396507	0.010840142756693283	0.002014948195534782	0.010977690143863293	0.008197328754389974	0.01796824203254028	0.010309311416508374	-0.01610283188017622	-0.014274947397344015	0.017305223641058735	-0.027744078330843202	-0.005837312494942896	0.005239651688655638	-0.0024118117287805327	0.008959011642455704	-0.003068300698742996	-0.0031445581075569755	0.005956599390713569	-0.005655879581152758	0.008588778768516502	0.009075431220150948	0.0015288251955904615	0.008287827260142171	-0.0006680115598115323	0.014993655344224506	-0.00010614683767961481	0.030154676617939302	0.022815637752330583	-0.00930867755936737	0.025030974414804466	0.02260297825246977	-0.002579692996702741	0.0024085583395457135	0.007834278318666683	-0.016216701953434897	-0.016203010868143023	-0.005649779801305271	-0.006902411718470629	0.00987758258769532	0.0011664796939136611	0.011006814018798158	0.014268402323777773	0.0015362700930191102	-0.00575979733853913	-0.008365414852505236	0.0013853677507313885	0.001234975955540185	0.005833070045543305	0.00640700874688468	0.0002300160900415691	0.013398152249664128	0.015628588736065197	0.008305987136108148	0.006138360421459452	-0.007096696311719134	-0.014905893642880726	0.015250815510870548	0.00828184660130162	0.023144917519008112	0.0020965133974458457	-0.005967448094371573	0.007884824435859614	0.0004907290389047787	-0.011589187618659841	-0.014411019579562237	0.0055	0.004482142857142857	0.0034642857142857145	0.002446428571428571	0.0014285714285714284	0.00041071428571428563	-0.0006071428571428575	-0.0016250000000000001	0.0	0.0	0.0	0.0	0.0	0.0	0.0	0.0	0.0	0.0	0.0	0.0	0.0	0.0	0.0	0.0	0.0	0.0	0.0	0.0	0.0	0.0	0.0	0.0	0.0	0.0	0.0	0.0	0.0	0.0	0.0	0.0	0.0	0.0	0.0	0.0	0.0	0.0	0.0	0.0	0.0	0.0	0.0	0.0	0.0	0.0	0.0	0.0	0.0	0.0	0.0	0.0	0.0	0.0	0.0	0.0	0.0	0.0	0.0	0.0	0.0	0.0	0.0	0.0	0.0	0.0	0.0	0.0	0.0	0.0	0.0	0.0	-0.003593051989377632	0.006508796271127829	0.0025660757713921434	-0.002285103602640796	-0.009246833645165188	-0.004108209354747974	0.005652340470742158	0.00883464645231935	0.006685498257764402	-0.0030549605084707553	0.0034460649869547818	-0.00169319162745019	0.0023578234375191427	0.0018646676300833754	0.003570430561658496	0.001480605604012221	-0.0025506372348206557	0.004477646566893865	0.0007648010326844288	-0.0007901837326019213	bull
2010-05-31	0.0011875111907137352	0.012750645143597986	-0.003194573699560664	-0.0008910673698993214	0.0002065773249830729	-0.0036407376679902814	0.01578830947743399	-0.007018433858645113	0.008668841025772606	0.0005277242832618922	-0.009979078217143328	0.011902263518294367	-0.018274173408186004	0.0034811506306727034	0.013962085058113157	-0.0010539256647049827	0.0021661261211959803	0.0038699172045014996	0.0005550539955562751	-0.025001834589124715	-0.006767453455646502	0.006539008601369211	0.0033424400242993784	0.015808645113699536	0.004360475273177244	0.014419647967754105	-0.02289071608121573	-0.004895313314180493	-0.0064425393876488095	-0.007656282142953037	-0.0006440466631646783	0.007710690703061096	0.011836721343945238	-0.0026825993794492744	0.010535644353393998	0.008863900463275893	-0.009078026663565792	0.01601281656793495	-0.00490139934455659	0.020918192911835606	-0.0007255061541193077	-0.0002726616139932522	-0.002376444755744345	-0.013468890888258703	-0.023760866491621103	0.00868948258568908	-0.022914449146290615	-0.004526660211078131	0.008343697454386912	-0.0027099988278817887	0.010453480900811954	-0.002398249760370073	-0.0024718300452015547	-0.013683068814497181	0.008121618483405096	-0.014325204974496054	-0.005722700778486441	0.00543412565807474	-0.025290630622834473	-0.010479548901469725	0.008977248111893453	-0.0007683288787242408	0.0226204312536402	0.016279956548993238	-0.0003874619331880061	-0.004049226237664729	-0.0003375599524512197	0.004935974440293614	0.0030527053774407425	1.2550447503620267e-05	0.009134448358219024	0.012354968408903584	0.024243500910351448	0.0015962195372425663	-0.0026172519172033594	0.010232738251108507	0.005249321499521753	-0.004094734742724877	-0.004301658012815832	0.009290675764332549	0.0055	0.004482142857142857	0.0034642857142857145	0.002446428571428571	0.0014285714285714284	0.00041071428571428563	-0.0006071428571428575	-0.0016250000000000001	0.0	0.0	0.0	0.0	0.0	0.0	0.0	0.0	0.0	0.0	0.0	0.0	0.0	0.0	0.0	0.0	0.0	0.0	0.0	0.0	0.0	0.0	0.0	0.0	0.0	0.0	0.0	0.0	0.0	0.0	0.0	0.0	0.0	0.0	0.0	0.0	0.0	0.0	0.0	0.0	0.0	0.0	0.0	0.0	0.0	0.0	0.0	0.0	0.0	0.0	0.0	0.0	0.0	0.0	0.0	0.0	0.0	0.0	0.0	0.0	0.0	0.0	0.0	0.0	0.0	0.0	0.0	0.0	0.0	0.0	0.0	0.0	-0.007777790352006194	0.005927907762852051	0.009506245376313473	-0.00038657262032251727	-0.007555840478897935	-0.011106120618614984	0.011679935873079202	-0.0014656173193268915	-0.004980819467676344	-0.003930586235875649	0.0029248744533832264	-0.00255506621339807	0.0008898829338933025	0.005915037115241097	0.0010759133629543657	0.0026512431096803466	-0.004215114068273418	0.0037203254031052116	0.0061224437082606515	-0.00250602185117124	bull
2010-06-30	-0.013444382826365833	0.015387394122040383	-0.0005457645094956065	0.008860696965404967	0.00732941377648156	0.0023365629272349172	-0.006819088084440608	0.0061813804009688035	0.018333750874779856	-0.019227575903908188	-0.006216188494082479	0.0017358338423131452	0.0070908827129220805	0.010317113773219356	-0.025911415407762973	0.018724123859455457	-0.005736093276588925	0.0024207025056965006	0.015855390141406175	0.014659363408987672	0.013082895864429504	-0.009999836020591634	-0.00424997549352313	0.024034400700491187	-0.001536675908702381	-0.016387657121232652	0.020215705414360734	-0.008502870546988527	-0.0030006866537303904	-0.013084400516616378	0.006475701416510629	0.0030089575360151125	0.016650476588285938	-0.030694194747087934	0.010776773903321369	-0.002172920241053998	-0.0038916997800430416	-0.002253754948175439	-0.014353944126361132	-0.009944547778608277	0.0017952576442310036	0.022198922256352442	0.016346232626677625	-0.011498600485129537	0.003855267077608345	-0.0037473694446838357	0.0076278151812552535	-0.012355007309515489	0.00996595069506903	-0.01813851266467636	0.003193148861414179	-0.0007591586666442398	0.0013947136253579585	-0.0024579086434353874	-0.021192687781313568	-0.006176248867790908	0.014038815714580159	-0.0017048868467987343	-0.016584746017445976	-2.6891741416830864e-05	0.0022397882793573996	-0.02062655529849084	-0.020667407832552376	-0.00038000633549717573	-0.013594935957628814	0.0022205995369118854	-0.008321818223829033	0.00644441658004823	0.009000144522788155	0.01864077335004547	0.011438112240204726	0.008253626123688778	0.019192750370393117	-0.0024864901458760817	0.014393286578214896	0.0020398084905568366	-0.011498392455841317	0.003335583145670834	0.02315425421232537	0.009731555195268237	0.0055	0.004482142857142857	0.0034642857142857145	0.002446428571428571	0.0014285714285714284	0.00041071428571428563	-0.0006071428571428575	-0.0016250000000000001	0.0	0.0	0.0	0.0	0.0	0.0	0.0	0.0	0.0	0.0	0.0	0.0	0.0	0.0	0.0	0.0	0.0	0.0	0.0	0.0	0.0	0.0	0.0	0.0	0.0	0.0	0.0	0.0	0.0	0.0	0.0	0.0	0.0	0.0	0.0	0.0	0.0	0.0	0.0	0.0	0.0	0.0	0.0	0.0	0.0	0.0	0.0	0.0	0.0	0.0	0.0	0.0	0.0	0.0	0.0	0.0	0.0	0.0	0.0	0.0	0.0	0.0	0.0	0.0	0.0	0.0	0.0	0.0	0.0	0.0	0.0	0.0	-0.00669762830335692	0.0072512656748974875	0.00959084806616214	-0.0033147990158895395	-0.007574759925277492	-0.0038756351996532107	-0.0023996070572269504	-0.004896644025485557	-0.004705987995804381	-0.0013254652581799243	-0.0007041112654161937	-0.00796922574291305	-0.0012506004223040313	-0.00022225869675834083	0.003897200402578928	-0.00021134464380553972	0.0026695937330994007	0.009456834046287114	-0.0022154831736688413	-0.001977672013428391	bull
2010-07-31	0.0005183363819966777	0.000612666345354037	0.03349184230640875	-0.015357453643425372	0.006590215308587331	0.006445142686910361	0.010663012944826203	-0.007226306634282418	-0.008025856872866204	-0.01637247639475218	-0.00308741541030596	0.00787911468804236	-0.008561788461027385	-0.003450805482573443	0.016343010385711447	0.021849935314060213	0.009445336102927623	-0.01273416516257468	0.0060659325242018915	-0.0028655541547993072	0.0002723737276498495	-0.010129875901244659	-0.011254349764396642	-0.0015882160732711237	0.0008085649792733312	-0.003241061076401303	-0.011718577889437006	0.013156469333206673	0.03242576262762531	0.01674234524632485	0.01248380153463393	-0.002182016340207115	0.015949153947218783	-0.007164345993826162	-0.0039844194074630844	-0.00804118410961224	0.00916688863755849	0.0005661223583623698	0.019540277254534208	0.006660512244514558	-0.002740232034799285	0.02060064071446745	0.016559644983488428	-0.004111114330414287	0.004424717172683566	-0.00453833262333321	0.009472550929585143	0.004553279542820062	0.01210176513232836	0.015624616011363389	-0.013149356130296875	0.021074887610663673	-0.01460106415862438	-0.008106058885737122	0.02021882323773101	0.005460227612884612	-0.005278915424873747	-0.014681928397387831	-0.014244748834722836	-0.0041367075119429254	0.0031496400843270904	-0.004497526189214851	0.0010652279510287154	-0.000667439834636173	-0.029104371634825252	0.003295554687547296	0.0030562338391246485	0.010671858664435683	0.0019492969308643941	0.013222664868418981	-0.005377814213367443	0.0017993255088549001	0.013344875357639762	0.0076869909930560075	-0.0031982945928249466	-0.02023048654847009	-0.0001359366083110432	-0.013725967607707036	0.017728619544679834	-0.007854960871999555	0.0055	0.004482142857142857	0.0034642857142857145	0.002446428571428571	0.0014285714285714284	0.00041071428571428563	-0.0006071428571428575	-0.0016250000000000001	0.0	0.0	0.0	0.0	0.0	0.0	0.0	0.0	0.0	0.0	0.0	0.0	0.0	0.0	0.0	0.0	0.0	0.0	0.0	0.0	0.0	0.0	0.0	0.0	0.0	0.0	0.0	0.0	0.0	0.0	0.0	0.0	0.0	0.0	0.0	0.0	0.0	0.0	0.0	0.0	0.0	0.0	0.0	0.0	0.0	0.0	0.0	0.0	0.0	0.0	0.0	0.0	0.0	0.0	0.0	0.0	0.0	0.0	0.0	0.0	0.0	0.0	0.0	0.0	0.0	0.0	0.0	0.0	0.0	0.0	0.0	0.0	-0.004929127344597188	-0.0007868751421096227	0.006892658908265234	-0.0006181327908038012	-0.007056630088534966	0.0006184301633908613	-0.0007787672798650784	0.0023377025669703844	-0.005204111961131004	-0.0008482240437242725	-0.005175697501539175	-5.815701076179497e-05	-0.003561361256740959	0.0018586935024883808	-0.006103761375021107	-0.0010391981069184427	0.0012317889558805994	-0.0013070857616011141	0.002467462560863047	-0.001381275314055512	bull
2010-08-31	0.019685852177997846	0.007550677993033404	0.01905794683541736	0.014891868557534247	0.019129105974278034	-0.00367043695152035	0.0012038354539430122	0.003230657575345779	-0.011714149616751235	0.009696498149360137	-0.011925740164079268	-0.018982023674838918	0.030593702657357117	0.005428506244471492	-0.01862348448143828	0.003010724704861017	-0.014367233031713991	-0.0047182924102293165	0.0007459564715857832	0.0016928324928569428	-0.004929065727901404	-0.016352986284950105	-0.0004748131416701751	0.0017294285699209601	-0.0035070419994186522	0.023346148508566377	-0.02288568342218904	0.014820346520922926	-0.015045822796024736	0.0017218033597020115	-0.013267510307677968	-0.004356133021553864	-0.012966627882760198	0.00918107797492898	0.0017956029843356404	-0.004538619995957651	-0.0021914474677883194	0.005871274111057863	-0.01250030412114279	0.009487021222387463	0.002979979100483179	-0.008334437344183175	-0.0031649066211391907	-0.004259235652420946	0.007144521980322917	0.023187703031168946	-0.010175240328734184	-0.013384294591558774	0.00783376932214263	0.006002116920232253	0.0139460633059707	-0.005831831909994608	0.017866227583922947	-0.0035013585142488744	0.006902837486282509	0.00950088025140308	-0.00547409916926712	0.004486395345271734	-0.013936259172970013	0.003018179104126575	-0.013789403908629448	0.0033672143194502903	-0.016275329944553173	-0.005544398332922797	0.006339019281356243	-0.011178611851885286	-0.0016621347294082738	-0.017142516509700657	-0.03400189742600839	0.0015086846864323196	0.0034051739795967566	-0.005607991338857478	0.013908768359931654	0.01574723730224826	-0.007203799998214195	-0.015356726088983105	0.0013248170053020256	-0.006722221822451745	-0.010971751144192405	-0.011282242343045144	0.0055	0.004482142857142857	0.0034642857142857145	0.002446428571428571	0.0014285714285714284	0.00041071428571428563	-0.0006071428571428575	-0.0016250000000000001	0.0	0.0	0.0	0.0	0.0	0.0	0.0	0.0	0.0	0.0	0.0	0.0	0.0	0.0	0.0	0.0	0.0	0.0	0.0	0.0	0.0	0.0	0.0	0.0	0.0	0.0	0.0	0.0	0.0	0.0	0.0	0.0	0.0	0.0	0.0	0.0	0.0	0.0	0.0	0.0	0.0	0.0	0.0	0.0	0.0	0.0	0.0	0.0	0.0	0.0	0.0	0.0	0.0	0.0	0.0	0.0	0.0	0.0	0.0	0.0	0.0	0.0	0.0	0.0	0.0	0.0	0.0	0.0	0.0	0.0	0.0	0.0	-0.004742946861853768	0.0030071500425150463	-0.003934055363267207	0.007359197940775323	-0.005766154296470797	-0.00018639712983800952	0.003675318963325676	0.0025925284130608106	-0.0061055617680936545	-0.000286949113831195	-0.0025754669967472882	-0.003852468824879257	-0.0014255450818254829	0.0029126179781006436	0.00017665352216851646	-0.004246253142872808	-0.002726281387755868	-0.003271759799419737	0.0010465950875067995	0.005529491587277086	bull
2010-09-30	0.0205055779115208	0.0035449398718514335	0.015584085631235568	0.004140495185463885	0.01780906121324364	-0.0014278626260070277	-0.01769401638322122	0.009472069814821337	0.002881259924381836	-0.023429080635987948	0.01051924628371127	-0.025485449673904505	0.015886717596424887	-0.023841749276532306	-0.012354537587300894	-0.007084925668893147	0.0031967726858148646	-0.009521919694926327	0.01569233636198479	0.0067561457299579455	0.005486251598091433	-0.01589561231445595	0.034578152618947554	-0.006984292476623003	-0.01845386810413421	-0.0040774938025769925	-0.0013989732341037472	0.0023996418020524792	0.01726747416880792	0.0031564127838061146	-0.004061741638381511	0.014380552950872892	0.006530766508002793	0.0019088635970626042	0.009349037400162944	-0.012433592164720685	-0.01027398189844627	0.009167427929195275	-0.0170594441715677	0.012444028490088539	-0.015635289252091386	-0.015414179920606237	-0.0013878981268427722	-0.019877627539782613	-0.0226462327847491	0.023917960961523103	0.000828256793131564	0.024801727467012133	0.014060445318575551	-0.010042239569053923	-0.005771632349258344	0.0062801778877642845	0.012013615950833337	0.0081208394505261	-0.008905005208942034	-0.021172062541062426	0.002950994877508969	-0.010804451010905977	0.009292354257662953	-0.014032550137448143	-0.0018977738685413898	0.0049944809216234025	0.004289333319172588	0.013811394021156451	0.01371345884808016	0.004052063068054238	-0.014846765742090998	-0.0002967184999889228	-0.0049559503804865014	0.0030065716228577094	-0.009249613994551212	-0.014498527204054234	-0.016421644250027533	0.0034532862035301644	0.004901803676528068	-0.027120721497909096	0.010646409468997564	0.0008832470759813288	0.01902571427867127	-0.004347813198128593	0.0055	0.004482142857142857	0.0034642857142857145	0.002446428571428571	0.0014285714285714284	0.00041071428571428563	-0.0006071428571428575	-0.0016250000000000001	0.0	0.0	0.0	0.0	0.0	0.0	0.0	0.0	0.0	0.0	0.0	0.0	0.0	0.0	0.0	0.0	0.0	0.0	0.0	0.0	0.0	0.0	0.0	0.0	0.0	0.0	0.0	0.0	0.0	0.0	0.0	0.0	0.0	0.0	0.0	0.0	0.0	0.0	0.0	0.0	0.0	0.0	0.0	0.0	0.0	0.0	0.0	0.0	0.0	0.0	0.0	0.0	0.0	0.0	0.0	0.0	0.0	0.0	0.0	0.0	0.0	0.0	0.0	0.0	0.0	0.0	0.0	0.0	0.0	0.0	0.0	0.0	-0.004525227180060199	-0.0006982462575620115	-0.0020221091133456447	0.007061683871573111	-0.0017226024762079513	0.0013494519741555156	0.0006431843794956207	0.0047831287983274955	0.008294438510503944	-0.0005310367208552138	0.009233722031929853	-0.005031870975043368	0.001422194852503427	-0.006850597515715956	7.779315946784051e-05	-0.0011240569801452753	-0.0023284526279569993	0.001366879870237234	-0.0025604361947241918	-8.260520441806399e-05	bull
2010-10-31	0.007623440017793323	0.0038184662263340023	-0.01786157145015237	-0.01644082904201723	0.013591676097291812	0.0126734116550362	0.001794238623881772	-0.014249596287780377	0.005620052553267983	0.004318681452811412	-0.014345185649731598	-0.0009174822091774883	0.0036036229827762205	-0.0026351057281060455	0.004394361242224932	-0.008018426809499239	-0.011141968440948473	-0.019531092069866054	0.016749511260433374	-0.021023356611428547	0.0031539386777041734	-2.651921773451999e-06	-0.002829000707411913	0.021264431175537866	0.011899940552046484	0.0065051619334491355	-0.006308187498534145	0.01565391450297242	-0.01338832607881864	0.007267382502740053	-0.01053445694215048	0.020612008334723292	0.013948268003413112	-0.004205058203172296	-0.014851482436016692	0.007553414178559017	0.005292288097296352	-0.005355229400916082	-0.0011154623366135038	-0.012103536899639595	0.003154620000646397	-0.0067579240919866225	0.010366660459325888	0.0037226393987365037	-0.004777693058162302	-0.004261215881584403	0.00955838771183991	0.005396222352302853	0.010234364507450959	0.016313015817936184	-0.0028555379911865825	0.012065554787898957	-0.0022286762214580964	0.017495440782990757	-0.0023116246307841714	0.004342155603170922	0.02354385910522211	-0.007634975058302398	-0.01399088109751603	-0.011562133674990814	-0.025071425969039766	-0.00016176722554007267	-0.00507221722732973	-0.00034919071830093	-0.005593882060214025	-0.010643967994533583	0.015186112670457936	-0.016054092880632826	0.02621836212716929	0.018200389255070466	0.010945131698373259	-0.0023513173172317065	-0.0015958197251805938	0.010482019173519047	0.010759713944740968	-0.008553735549650169	0.008109086622382687	-0.005757612239833164	0.004623647202694501	-0.006644199625539655	0.0055	0.004482142857142857	0.0034642857142857145	0.002446428571428571	0.0014285714285714284	0.00041071428571428563	-0.0006071428571428575	-0.0016250000000000001	0.0	0.0	0.0	0.0	0.0	0.0	0.0	0.0	0.0	0.0	0.0	0.0	0.0	0.0	0.0	0.0	0.0	0.0	0.0	0.0	0.0	0.0	0.0	0.0	0.0	0.0	0.0	0.0	0.0	0.0	0.0	0.0	0.0	0.0	0.0	0.0	0.0	0.0	0.0	0.0	0.0	0.0	0.0	0.0	0.0	0.0	0.0	0.0	0.0	0.0	0.0	0.0	0.0	0.0	0.0	0.0	0.0	0.0	0.0	0.0	0.0	0.0	0.0	0.0	0.0	0.0	0.0	0.0	0.0	0.0	0.0	0.0	0.002624233258549238	-0.0026199523687340173	0.006124552553767881	0.00994952345176035	-0.009611461225925547	-0.0018516759541300377	0.007214770806978652	-0.006326666277298961	0.005647048892002722	-0.00034574963550974434	0.0014408866221137212	0.00192669207963513	-0.0025141334139937165	-0.008102377018979881	0.008637094838624477	0.003151508952038516	-0.004438947763549502	-0.0022670203825474636	0.0014809671556869253	0.0014794114047335359	bull
2010-11-30	0.010396585963441894	0.007603508074283019	-0.0017299856454958706	0.026447139821832014	0.01000085340559964	0.02707160144877968	0.026381581904700618	0.012322235334983856	0.006906694693161221	-0.0018524781273204277	0.001962861897996164	0.0068566064573582115	0.0016428360760363115	-0.005974746860539135	-0.012492616077167128	-0.016786267433036822	-0.0036227715489104673	0.016721327211213707	-0.020648878650044215	0.005485962546856054	-0.006906453323191551	0.007962449134492013	0.0027112539714003333	0.0009288105802744099	-0.0012171739655880707	0.007848517941543294	0.0015300649043642634	-0.014521973095611852	-0.011724080926261172	-0.007823107709375526	-0.0025279892832512124	0.012041982179320555	0.015048333941344947	-0.016239469120952005	-0.0038181822918410126	0.01672812144030577	-0.01809286149019587	0.003250802547052415	0.006143931305297404	-0.013804772742220922	0.009258364847390111	0.02384047199904699	-0.004999413027254944	0.0063685542781801345	-0.026200027100535744	-0.014621763098267033	-0.006402058295907304	0.005990750426164518	0.018542851240848836	-0.007931861311901324	0.008858459956310981	0.01718001848605754	0.007619858905960441	-0.0011555837726255676	0.02314986475232114	0.004571052682350667	-0.007044739546014408	-0.017220713138119605	0.0025767210247777277	0.016005686842663184	-0.005398981554563789	-0.033959456064130394	0.0007432414984288248	-0.030187441489962247	0.02302732362119159	-0.01220959253495584	0.011821495554994179	-0.006216321804679971	-0.009737079704764706	-0.010065338842834046	0.013913472526514115	-0.008242361998614087	0.022554256892247784	0.00524208964773931	0.003432178618981045	-0.0009786703667273983	0.023609976851620838	-0.0027125215133277465	-0.006452634447762502	-0.006978737395073245	0.0055	0.004482142857142857	0.0034642857142857145	0.002446428571428571	0.0014285714285714284	0.00041071428571428563	-0.0006071428571428575	-0.0016250000000000001	0.0	0.0	0.0	0.0	0.0	0.0	0.0	0.0	0.0	0.0	0.0	0.0	0.0	0.0	0.0	0.0	0.0	0.0	0.0	0.0	0.0	0.0	0.0	0.0	0.0	0.0	0.0	0.0	0.0	0.0	0.0	0.0	0.0	0.0	0.0	0.0	0.0	0.0	0.0	0.0	0.0	0.0	0.0	0.0	0.0	0.0	0.0	0.0	0.0	0.0	0.0	0.0	0.0	0.0	0.0	0.0	0.0	0.0	0.0	0.0	0.0	0.0	0.0	0.0	0.0	0.0	0.0	0.0	0.0	0.0	0.0	0.0	0.011342465023854397	0.0007775008652186554	-0.0003754837285412714	0.008170747368417854	0.0006719821532414939	-0.004134378002562159	0.008924662102265807	-0.005834895966267561	0.003594768617927256	-0.008528540750444054	0.00587917906688025	-0.0014644940620156595	0.003763742420888951	0.000924281564797699	0.0004958914383174447	0.006307919610095669	0.00548264789113565	0.0037967436398344775	0.002881958195973482	-0.0013957849086172118	bull
2010-12-31	-0.00030709689865912604	0.014941873055913584	-0.009737779096170967	0.012866865525338554	-0.010090799768025318	0.0020280621007809554	-0.012103347403487511	0.00544406936786568	0.001322794000914681	0.016752923878017287	-0.010329268026983142	0.007939812864299189	0.013273318469175857	0.021792415795055337	0.004524476272472359	-0.009377144590251962	-0.012903694353095962	-0.017969584505876535	0.018692582759852736	0.0006509274903200736	0.014765199265467155	0.010224132089346109	0.01771341779647365	0.023013402933181996	-0.0015247990285817126	-0.006829797048973565	-0.0004962295958304031	0.00472406885701412	0.00330019335884257	-0.008375284545715298	0.0066110454960185226	-0.01136188285218741	0.0005742808939779248	0.021780529845351285	0.00976804039165924	0.00939872968930982	0.012094330058989753	0.010453879231902774	-0.0026384342405173862	-0.0045248485419963885	-0.02050875802694679	0.007711923475040361	0.008859959766032257	0.015772008131770723	-0.006042822622358226	-0.0004319958771954335	0.009031000212724022	0.0021300034249594115	-0.012139926943625597	0.00884457736090766	-0.010113480158178863	-0.012308053569308305	-0.0049329725019148	-0.005009890065294465	-0.03411466556735055	0.009748554962465867	-0.0023261553696312543	-0.012544593652452465	0.016240353014747848	-0.009901335790315104	-0.004555658034279467	-0.003554510165713851	-0.021821310633984792	-0.0038006827458690736	-0.03687978682081826	-0.023183126601350967	0.018386717128819965	-0.014753574039597213	-0.012068720447731959	-0.00612000658034073	-0.015071966633093573	-0.00019977538234560683	-0.013270841863911361	-0.005641919898818055	-0.009509800610480791	0.0022584996190279094	0.00740443740632764	-0.015891905650232442	-0.00239582973755395	0.0012015187455756578	0.0055	0.004482142857142857	0.0034642857142857145	0.002446428571428571	0.0014285714285714284	0.00041071428571428563	-0.0006071428571428575	-0.0016250000000000001	0.0	0.0	0.0	0.0	0.0	0.0	0.0	0.0	0.0	0.0	0.0	0.0	0.0	0.0	0.0	0.0	0.0	0.0	0.0	0.0	0.0	0.0	0.0	0.0	0.0	0.0	0.0	0.0	0.0	0.0	0.0	0.0	0.0	0.0	0.0	0.0	0.0	0.0	0.0	0.0	0.0	0.0	0.0	0.0	0.0	0.0	0.0	0.0	0.0	0.0	0.0	0.0	0.0	0.0	0.0	0.0	0.0	0.0	0.0	0.0	0.0	0.0	0.0	0.0	0.0	0.0	0.0	0.0	0.0	0.0	0.0	0.0	0.004454124979288116	-0.011853019943628766	-0.003958428883560185	0.007485174629595743	-0.0043048072478700915	-0.0013722365738686913	0.009770035419901523	0.007657722106855563	-0.010059136868968635	-0.010501519806249717	-0.002762254165196564	0.005274537277486922	0.003452165706613282	-0.0011899725598051622	0.0037367198082670734	0.0011096961594463295	0.006517005122522759	0.006342591401552078	0.004849916781952259	0.0024334545916518957	bull
2011-01-31	0.013172378113646903	-0.02263534354139711	0.013853610586925108	0.027036267971595633	-0.010034971106847606	-0.0014995865576133693	0.0024285613573302375	-0.0005805397150976943	-0.0033431254521464025	-0.006181097558555012	0.0030568354974680727	0.0003760554847155324	0.002070158107918387	-0.019139514752632276	0.010493254865071421	0.011476349901832583	0.005666433012841025	0.003981216849510088	-0.01965823817425805	-0.010133096731083426	-0.005455483286166809	0.0016631834537400778	-0.01969801941539767	-0.012466928498082758	-0.017092554980209847	0.001416616756549261	-0.03322743081882539	0.011118002054986103	-0.02121190923431787	-0.020280577591009343	-0.0024447970680985657	-0.0033630544705594997	-0.0005648985168256941	0.002444069536018447	-0.01217532533258678	-0.010324188337188933	0.002892108013290249	-0.006807438850254848	-0.008752565589442079	0.006130501098168978	-0.02544919416352	-0.008944093453916523	-0.0232187712357899	-0.01603340206100486	-0.011609565797313589	0.014380759642780539	-0.008864230197370593	-0.000910171525715327	-0.009335016917565248	-0.016059573273678306	0.017507509702126493	0.014934327184783672	0.004348123602100105	0.016004189327200023	0.017069196219192572	0.004377890097192164	-0.0036958851763831606	0.014945676255580981	-0.013048939408388723	0.01722148770704973	0.003006721596584796	0.0027881022384193196	0.006953578267701726	-0.014989840428388664	-0.011589297231398933	-0.008918423149975587	-0.0036903011501260995	-0.01796372634291918	-0.028903760188658766	0.001660040671291994	-0.003857182141644257	-0.006010077038861323	-0.0069426261028707305	0.009908637707537337	0.027554675530390847	0.001961481362147422	0.008145147659190466	-0.012945981332389103	-0.005076729150794991	-0.009361691486458355	0.0055	0.004482142857142857	0.0034642857142857145	0.002446428571428571	0.0014285714285714284	0.00041071428571428563	-0.0006071428571428575	-0.0016250000000000001	0.0	0.0	0.0	0.0	0.0	0.0	0.0	0.0	0.0	0.0	0.0	0.0	0.0	0.0	0.0	0.0	0.0	0.0	0.0	0.0	0.0	0.0	0.0	0.0	0.0	0.0	0.0	0.0	0.0	0.0	0.0	0.0	0.0	0.0	0.0	0.0	0.0	0.0	0.0	0.0	0.0	0.0	0.0	0.0	0.0	0.0	0.0	0.0	0.0	0.0	0.0	0.0	0.0	0.0	0.0	0.0	0.0	0.0	0.0	0.0	0.0	0.0	0.0	0.0	0.0	0.0	0.0	0.0	0.0	0.0	0.0	0.0	0.011056630930606711	0.0026683436021096183	-0.003032661885969723	0.00462420607101642	-0.009010286055864177	-0.004774202593842893	0.01142673239546673	0.004874635582129142	0.002175150624440055	-0.009229369680501847	0.004283053194282566	-0.0022756414011095914	-0.0034832057940956665	0.0005476344794306917	-0.0005721946067979685	0.008664334390059444	0.0018043627483211359	-0.004630509305034692	0.0005841698231832366	0.0082574523825786	bull
2011-02-28	0.004028758856271771	0.0038155115431511006	-0.001399387856882007	0.010899031211751283	0.02547493742955312	-0.0010072473932796204	0.00974568788658126	-0.008602678605950875	-0.011322590035880114	0.0006873170827731412	-0.009090137778679305	-0.0034987509678499197	-0.0013538431469560315	0.02245328189243768	0.010122597026202346	0.0026330842694490472	0.0018302658233122497	0.004353045427269163	-0.015908313201980804	-0.012099138602316872	-0.0008065285432770238	0.018046313044218144	-0.010862913984353162	-0.000347652692197868	-0.009045479171370784	-0.018182978471810003	0.011975925622610115	-0.023671040695695096	-0.009108872552274936	-0.015051650875685718	-0.007571553803363952	0.013660509682053545	-0.001007952066178828	-0.0015972148657898094	0.02232834777582577	0.018307202882926654	-0.010255570036137624	0.010107939232225525	-0.00928270745723989	0.015356540133279702	-0.01028935159155702	-0.015811405490851617	-0.010851815701076116	-0.004458343786627607	-0.0007640103487306834	-0.017533190710461506	0.011923733231412225	0.0026109086625538524	-0.003863658784789948	0.020805990070354993	0.0001733516078793228	0.004050189881138512	-0.009989179483501212	0.009136408736561468	-0.008494347304436987	0.011042073714966376	0.011368731859767372	0.003111776923761122	-0.01049679653799941	-0.0032384387775772705	0.0039496282764048965	0.0033447159776400564	0.013716768380846856	0.008878458380009412	0.004407946518137173	-0.005454785572522943	-0.00019359279864584528	0.012373826710104424	0.007851535792178361	-0.02162071926883913	0.003505374377670668	-0.012603645723459594	-0.008125450969134638	0.008551824775217607	-0.0021955472001192666	0.003242421104879202	-0.010545272369374248	-0.00891316928210474	-0.007258516207332898	-0.012568070090692217	0.0055	0.004482142857142857	0.0034642857142857145	0.002446428571428571	0.0014285714285714284	0.00041071428571428563	-0.0006071428571428575	-0.0016250000000000001	0.0	0.0	0.0	0.0	0.0	0.0	0.0	0.0	0.0	0.0	0.0	0.0	0.0	0.0	0.0	0.0	0.0	0.0	0.0	0.0	0.0	0.0	0.0	0.0	0.0	0.0	0.0	0.0	0.0	0.0	0.0	0.0	0.0	0.0	0.0	0.0	0.0	0.0	0.0	0.0	0.0	0.0	0.0	0.0	0.0	0.0	0.0	0.0	0.0	0.0	0.0	0.0	0.0	0.0	0.0	0.0	0.0	0.0	0.0	0.0	0.0	0.0	0.0	0.0	0.0	0.0	0.0	0.0	0.0	0.0	0.0	0.0	-0.005070907194001391	-0.0023774327145546816	0.006173221634602235	0.009703748661852262	0.0023365363405039243	-0.0006504884943259251	-0.0004806913665181744	0.0021626977946865946	0.004496623685000231	-0.008883377046128942	0.0006516543000662483	0.002922007866401344	0.0008464492294896829	0.0009144363742402328	0.0020985961989303816	0.002433624073611827	0.0016275742023235892	-0.0005739793657531416	0.0023994831418414175	0.005081974798867739	bull
2011-03-31	-0.011480662655419823	0.01710239761011503	-0.007017724600055805	-0.012818470286783592	0.007094749673005865	0.005234024319870813	-0.001682369320491617	0.0058912917460248095	0.018153801569472897	0.0008564501363860805	0.011678366361492101	-0.004820917221555275	-0.012740033764413718	0.0013508297792721115	0.012899560848777917	0.0035680533768764236	-0.0033195649184548466	0.01703447973348863	0.008121610385175792	-0.006094924735379422	-0.014492835269791367	-0.019990483366675044	-0.001780593925042144	0.012727450261819073	0.00013255251404563264	0.0021220463421994765	-0.01424871723950686	0.008614918428683728	-0.0005885362318835402	-0.01399281743289906	-0.0030897163458059288	0.0013778916233293506	-0.00300986038981031	0.008672162170979407	0.013123698418571937	0.0016834441861508127	-0.0025611128616416946	0.016690823687185205	-0.0245436666413149	0.019745434574324726	0.01584052065541286	0.016985434205435735	-0.0053854839874531825	-0.019095946478493026	0.015550042702801492	-0.0024738138986466454	0.009187326509897719	-0.008568351829511885	0.006536733459948127	-0.0046602428967951045	0.0026112090777836118	0.018601964253665768	0.01820955531475885	0.013385198643730865	-0.0016270838960015532	0.014010508252411494	-0.019595684657849204	0.0020090196174922296	-0.0014706152328437044	0.0027436008810137647	0.006084963074834086	-0.005043337007891601	0.004420292742394369	0.008618481114706884	-0.0060207259451919865	0.009523175374040389	-0.03671868799216724	0.0034021093732896773	0.0057228250145693795	0.005945366336511216	-0.011813840943688824	0.01623202105341596	-0.005058714431549232	-0.01065301811855791	-0.0071291238331893814	0.012093456574641243	-0.004901416910846771	0.006868864610986348	-0.0237981416369849	-0.027672467875083845	0.0055	0.004482142857142857	0.0034642857142857145	0.002446428571428571	0.0014285714285714284	0.00041071428571428563	-0.0006071428571428575	-0.0016250000000000001	0.0	0.0	0.0	0.0	0.0	0.0	0.0	0.0	0.0	0.0	0.0	0.0	0.0	0.0	0.0	0.0	0.0	0.0	0.0	0.0	0.0	0.0	0.0	0.0	0.0	0.0	0.0	0.0	0.0	0.0	0.0	0.0	0.0	0.0	0.0	0.0	0.0	0.0	0.0	0.0	0.0	0.0	0.0	0.0	0.0	0.0	0.0	0.0	0.0	0.0	0.0	0.0	0.0	0.0	0.0	0.0	0.0	0.0	0.0	0.0	0.0	0.0	0.0	0.0	0.0	0.0	0.0	0.0	0.0	0.0	0.0	0.0	0.0008037475037331138	-0.0007484387107821321	-0.006682988194342376	-0.0002945234524990958	-0.0033719921089945537	-0.0015556232494172593	0.004715347352217245	0.007904956799780764	0.005015221111042544	-0.004986819253360716	0.0016646882378103243	-0.005052943138124254	-0.0017962259880847167	-0.00424111442600492	-0.004904115241171153	0.0006013812480496819	-0.00042689530861078346	-0.0002099682020157071	-0.005489806286499187	0.009496154608964427	bull
2011-04-30	-0.01252376170255187	0.010849989701804045	-0.006249386584999801	6.162122459758357e-05	0.005757240508821035	0.006712374478456795	0.008653285419118674	0.011239428008935353	0.02257118736193669	-0.04509461935978947	0.011913344101620156	-0.021008405540769392	0.004946269038180436	-0.003201116030380754	-0.009029154012263067	-0.0033824005076043286	0.003513352992102668	-0.0026774285622533584	0.0007789807795063858	0.013249342021307273	-0.006534337772205946	-0.02085682858610709	-0.015456974214395302	-0.02030130956057078	-0.018066874680698432	-0.005934563805074696	-0.008387781243711345	0.010375925929446743	-0.020289980140930093	0.006133883757908812	0.0020595287213140225	0.020085707386992696	-0.01019809793182047	0.019839725245677495	-0.011430901308127552	-0.012971938546070923	-0.00395142720913935	0.013302459816717575	-0.008474378545716548	0.0035469292437169163	-0.007014700908307634	0.007749660508496395	0.009935279376379747	-0.01221747540968311	-0.0088153092395052	0.017938966807651332	-0.006334278696274086	0.0003003767774107222	0.0013547823925681916	-0.022148209386367464	0.003750988295173354	0.0028183868780654155	-0.0014267772038980197	0.014720342735112777	-0.009847260693004926	0.01686854295073265	0.00048220016037233825	-0.02390312071534692	0.0023865076666371105	-0.0050477675821863745	0.02552544487461312	0.010042259619546565	-0.005309359687202811	-0.00945902953244529	-0.013012948897824405	0.00729658134623754	0.008375057274009558	-0.015105797729575267	-0.007434256831907609	-0.004600061437416135	-0.013997623753638767	-0.007591458157020523	-0.00702378469447534	0.010177477996767437	-0.00536981836298543	0.0005755893926472369	-0.01579321875000329	0.013425185676484819	-0.005911510364446111	-0.004026100139227735	0.0055	0.004482142857142857	0.0034642857142857145	0.002446428571428571	0.0014285714285714284	0.00041071428571428563	-0.0006071428571428575	-0.0016250000000000001	0.0	0.0	0.0	0.0	0.0	0.0	0.0	0.0	0.0	0.0	0.0	0.0	0.0	0.0	0.0	0.0	0.0	0.0	0.0	0.0	0.0	0.0	0.0	0.0	0.0	0.0	0.0	0.0	0.0	0.0	0.0	0.0	0.0	0.0	0.0	0.0	0.0	0.0	0.0	0.0	0.0	0.0	0.0	0.0	0.0	0.0	0.0	0.0	0.0	0.0	0.0	0.0	0.0	0.0	0.0	0.0	0.0	0.0	0.0	0.0	0.0	0.0	0.0	0.0	0.0	0.0	0.0	0.0	0.0	0.0	0.0	0.0	-0.005319167183415488	0.0010166026007012814	-0.004561158453479689	0.002414793328164402	0.010173663147980381	0.012859420108369718	-0.00041690559851952514	0.0021537507136029496	-0.004232413892587484	-0.012086878582650014	0.003946373432523899	-0.008345637609898872	0.005010427970754243	0.00239329993477972	0.0003249908530797462	0.00294849260240904	0.00811925462728943	-0.007194577327970194	-0.003605359798221035	0.0011870460382834977	bull
2011-05-31	0.008673173606029799	0.02531292134481813	0.005604372320905274	-0.003546544504189469	-0.009290156508264029	0.006997143704200804	0.016139730910720185	-0.001130411944432418	-0.012256493305109155	0.008469306179863224	0.012275606333628916	-0.0027705876558876946	0.017938929933051392	0.012360920794174496	0.012270712588630028	-0.0038653366873287044	0.019045617717357837	-0.0039742454623670565	-0.009216342604737521	0.001410556284768505	0.010046575549978362	0.0020284577148991225	0.03268169985254355	0.010554358776948445	-0.016685188790691332	0.002425615323881733	-0.014507795656199406	-0.0008199075122493591	0.0037515614452607814	0.012713032714751337	0.017309716251551584	-0.0005351920158268942	0.022218331282634653	-0.010597261743871643	0.011654458448884002	-0.007162605878985176	-0.01595733845730056	0.0007708321372165042	-0.006239147414384141	-0.019951900280901626	0.005886703864393844	-0.004199189731671579	-0.011863592930626918	0.004449520424460261	0.002194040339003446	0.002831603596529998	0.005917975616905984	-0.020842735759981943	0.004277206677626069	-0.004464688077411079	-2.4027792029165532e-05	0.006900045143269832	-0.0038654840398537013	-0.0008884811103623968	0.0014547494750259766	-0.03135171358486294	0.0003494565966663064	-0.016711943932697447	0.0025976040184981695	0.0010595973779025836	0.0004218917887209244	0.008623274712506457	-0.012970010947955773	-0.0014504053274707193	-0.0004378472058380277	-0.009344149421762598	-0.012537539661084578	0.002034064413539094	-0.007432601263608708	-0.01696333187807398	0.008477130542860206	-0.002940034048128619	0.00841785123846669	0.009754134983784789	-0.011622819404943748	0.0026533063885160035	0.007189741161983886	0.010772340954881804	0.01177710986454449	-0.004085884566359147	0.0055	0.004482142857142857	0.0034642857142857145	0.002446428571428571	0.0014285714285714284	0.00041071428571428563	-0.0006071428571428575	-0.0016250000000000001	0.0	0.0	0.0	0.0	0.0	0.0	0.0	0.0	0.0	0.0	0.0	0.0	0.0	0.0	0.0	0.0	0.0	0.0	0.0	0.0	0.0	0.0	0.0	0.0	0.0	0.0	0.0	0.0	0.0	0.0	0.0	0.0	0.0	0.0	0.0	0.0	0.0	0.0	0.0	0.0	0.0	0.0	0.0	0.0	0.0	0.0	0.0	0.0	0.0	0.0	0.0	0.0	0.0	0.0	0.0	0.0	0.0	0.0	0.0	0.0	0.0	0.0	0.0	0.0	0.0	0.0	0.0	0.0	0.0	0.0	0.0	0.0	-0.0029935881715904247	0.0004465525843187076	0.005515487460132219	-0.004484345804687514	0.0028461858969559386	0.006930289553518277	-0.0011895926275217006	0.000532388713435012	-0.0037360843438588825	-0.004249597418471695	0.008788893912445129	0.0010458790888972468	-6.898043073203344e-05	0.0019167809105097228	-0.0007961297010105849	-0.0038096876920743544	0.006743987259173948	-0.004816376920222883	0.00047660090883100805	-0.0013702042467043601	bull
2011-06-30	0.013074319377417905	0.0017711347694525006	0.015314347393087176	-0.013918761075063048	0.008817858498297752	-0.01686118332033367	0.004179054612359212	-0.01190286189683972	-0.010124285700392175	0.005136372238083086	0.0054039889694188084	0.009548087872783292	-0.004226125941871623	0.016140739501160285	-0.0007263804705876644	-0.008339690866470809	-0.0055744301772793275	-0.00409572071056837	-0.011688325485248315	0.0031800761107980044	0.014188087273126279	-0.00900624474490482	0.009263693279337236	0.00709527921836446	-0.0007962457110102229	-0.0017742722609743367	-0.00036492874849217475	-0.011642959838894584	0.0021114905910349733	0.00433786319344287	-0.009836724348611742	0.016872997302975166	-0.014573568845842945	-0.0025487251385714824	-0.002459932195542877	0.004131387277310208	-0.004049652065593841	-0.007629935115527024	0.002259815538379717	-0.006196576069378717	0.01328688095498124	0.009043491788869666	0.006058708865217695	-0.00805451632939104	-0.008851746872141146	0.00446679439902582	-0.00047524222216229606	0.01004645711895523	0.002160343914959486	-0.0012745123947196144	0.0033007390530585155	0.01552649825029399	-0.01326627793308524	-0.009771676832888756	0.009944620830202928	0.01713790193596588	0.0044229790965234425	0.011657812100955288	-0.005358640110392225	-0.04050538127192298	0.01739460687082728	-0.022515491427361235	-0.008978748128955194	-0.00147468000909684	-0.012478114553670242	0.004788146161620322	0.012129258706319226	0.02312455940820328	0.03539087831653215	-0.010619702494181898	0.003934757387046754	-0.007517886147632742	0.013818409685574988	0.010201669539938988	0.010455973866161443	0.013345053990918693	-0.01611943203099357	-0.01115708786314558	0.003204523677231871	-0.002218113434532331	0.0055	0.004482142857142857	0.0034642857142857145	0.002446428571428571	0.0014285714285714284	0.00041071428571428563	-0.0006071428571428575	-0.0016250000000000001	0.0	0.0	0.0	0.0	0.0	0.0	0.0	0.0	0.0	0.0	0.0	0.0	0.0	0.0	0.0	0.0	0.0	0.0	0.0	0.0	0.0	0.0	0.0	0.0	0.0	0.0	0.0	0.0	0.0	0.0	0.0	0.0	0.0	0.0	0.0	0.0	0.0	0.0	0.0	0.0	0.0	0.0	0.0	0.0	0.0	0.0	0.0	0.0	0.0	0.0	0.0	0.0	0.0	0.0	0.0	0.0	0.0	0.0	0.0	0.0	0.0	0.0	0.0	0.0	0.0	0.0	0.0	0.0	0.0	0.0	0.0	0.0	0.0027851061300784717	-0.0038255418228211767	0.006560742515775843	-0.013475290851837863	-0.00501475174295941	0.013828887385818387	0.005100864780098053	-0.002403887119465927	0.005631144214211357	0.00032734225040550536	0.004450382238745338	-0.00411473193634538	0.00450471483971896	0.0014798262712833602	0.0022249210518274607	-0.0012218958097640455	-0.0008919003834260164	-0.0038050243813314817	0.0007879648333395087	0.0030847876693941923	bull
2011-07-31	0.019153225826694445	0.02884254500745761	0.012136736456066414	0.0012025956972967794	-0.012584789833971256	-0.019346274389616697	0.013907471256937861	-0.008917484455957041	-8.931544869229416e-05	-0.003623888439556745	-0.007036263948503283	0.0008067818493460269	0.022682593005551616	0.006251681479479961	-0.001940018390535125	0.004902876954447207	0.00832422346959422	0.01631235870594846	-0.00773422994664952	0.005052362321392484	0.02158713856817639	0.006470254045307832	-0.0015559583939828057	0.01775216740545681	0.00833778622744572	0.006719787796957323	0.001431165895373229	0.018692904474812987	0.0019599129437742066	0.008472213246095536	-0.00047698187061474476	-0.006040233897689524	0.001891761026175542	-0.025288460498846872	0.013847352457159165	-0.0016143996363804768	0.008469187510123254	-0.0014496944430893426	-0.004897738880295041	0.016839383281480953	-0.0047714348043389485	-0.005419201578812275	0.027657168654078468	0.012052362496667838	-0.009602031790481526	-0.00820807003323346	-0.021032362316659878	-0.01477489402472656	0.0026150826409992067	-0.022984455977308478	-0.0106801845593495	-0.0032578230325757823	0.009788806927851737	-0.007987795058521641	0.010033703679903312	-0.007362383386256417	-0.0029022914864170347	0.003669839087472696	-0.004499514130865661	-0.007891739457383765	0.00403903748375129	0.007132113692910223	0.0015532028871910477	-0.0005227721685749471	-0.007080552257352691	0.025353523945183556	-0.007997761986278131	-0.009106774627213494	0.005464227175298955	0.001998272438850047	-0.005088560026838223	0.00881027825984808	-0.004980622126909013	0.0021192249574424446	-0.005296912698342648	-0.00015095063070195953	0.01052396331824793	-0.011160206545121776	0.0012871425289228565	0.006107167182040121	0.0055	0.004482142857142857	0.0034642857142857145	0.002446428571428571	0.0014285714285714284	0.00041071428571428563	-0.0006071428571428575	-0.0016250000000000001	0.0	0.0	0.0	0.0	0.0	0.0	0.0	0.0	0.0	0.0	0.0	0.0	0.0	0.0	0.0	0.0	0.0	0.0	0.0	0.0	0.0	0.0	0.0	0.0	0.0	0.0	0.0	0.0	0.0	0.0	0.0	0.0	0.0	0.0	0.0	0.0	0.0	0.0	0.0	0.0	0.0	0.0	0.0	0.0	0.0	0.0	0.0	0.0	0.0	0.0	0.0	0.0	0.0	0.0	0.0	0.0	0.0	0.0	0.0	0.0	0.0	0.0	0.0	0.0	0.0	0.0	0.0	0.0	0.0	0.0	0.0	0.0	-0.007271215958711578	-0.01000008491845184	-7.290908937440796e-05	-0.0010913027988474805	0.0025004386192848337	0.011305652885669613	0.0036410080617464615	0.00488491694683482	-0.0045140307224930416	0.0068395126510555114	0.002224835625044409	-0.0038823589770797494	0.003429854386786833	-0.004956574635061434	0.004215093938772343	0.0019523904990356264	0.004771505158683911	-0.0008180403616482345	0.0013501619039540192	-0.0033090312496446383	bull
2011-08-31	0.005766196962368203	0.009305474692756124	-0.014249326335747652	0.017028340357615617	0.0015744704506914491	-0.004592323579215581	0.0019500572886736935	0.023500095350562564	0.0014770513675250552	0.0027359987163266407	0.010739599937930304	0.00946040285965273	0.016192688461835178	0.005606895352401447	0.020792162247604468	-0.001958416041415504	-0.00860406650263835	6.0868469298991284e-05	0.005933520717852198	0.013783302787954975	0.0174046758757098	-0.00581925823252783	0.000457526826282356	-0.018160196323462247	-0.011180958382140744	0.0005155399628487119	-0.007626105918438796	-0.017119098485522975	0.020172513088989503	0.004190250947837279	0.022156264466690237	-0.009843392871120293	-0.006427304823623954	0.0005739046495996893	0.0009517327485935443	0.021169371665724773	0.01717802040721078	-0.025175000459483468	0.019443377253714957	0.0008783575258255691	-0.012576396965525868	-0.00427693281477986	0.0011268835212834526	0.015290684199498862	-0.007540822097643222	-0.005283330977691795	0.005152863744832923	-0.020223343068512818	-0.0041301139423425845	0.011532557547360479	0.0008873037565749668	0.007891212703765596	0.005618003596582059	-0.0052742537789057355	-0.011247253647896754	-0.011007908749530405	0.0328600232307967	0.00909422222934633	-0.012848096737147204	-0.02638085379811993	0.0039222546831095785	0.005782258804429921	0.014711590673041411	-0.005892382263126558	0.0026389153585482878	-0.002120109003220937	-0.003734263265382837	-0.0002318677843144472	-0.018159657486016438	-0.00755322248216311	0.010805601769640249	0.005030314732615689	-0.008217648122236224	-0.02494675759702921	-0.002932670000224229	-0.00013444911126030704	-0.013883359730180915	-0.007134353040639439	-0.01010033226969737	-0.007389157623465189	0.0055	0.004482142857142857	0.0034642857142857145	0.002446428571428571	0.0014285714285714284	0.00041071428571428563	-0.0006071428571428575	-0.0016250000000000001	0.0	0.0	0.0	0.0	0.0	0.0	0.0	0.0	0.0	0.0	0.0	0.0	0.0	0.0	0.0	0.0	0.0	0.0	0.0	0.0	0.0	0.0	0.0	0.0	0.0	0.0	0.0	0.0	0.0	0.0	0.0	0.0	0.0	0.0	0.0	0.0	0.0	0.0	0.0	0.0	0.0	0.0	0.0	0.0	0.0	0.0	0.0	0.0	0.0	0.0	0.0	0.0	0.0	0.0	0.0	0.0	0.0	0.0	0.0	0.0	0.0	0.0	0.0	0.0	0.0	0.0	0.0	0.0	0.0	0.0	0.0	0.0	-0.00892249325300216	-0.0063810002483651335	-0.0021968385561853226	-0.004178490787078527	-0.0018773667345319774	0.01503178152525986	0.011296853975976906	0.0024047710770992298	-0.004373706826869783	-0.002495230679597051	0.006846098199950017	0.003773522886320002	0.0027692994039067095	-0.014485278653994132	0.0030877968184103693	0.0003494619107441172	6.113025886728303e-05	0.0002619659261142406	-0.0015592508218014345	0.004930645175427954	bull
2011-09-30	0.014148406307337585	0.015642812776686364	0.023215545136984983	-0.032336253482891326	-0.0006792725058666084	0.007025241683480816	0.006426927706861627	-0.008916019873821361	0.011439130043737528	0.0015951618406023125	-0.007754692343247313	-0.022875316433757613	-0.0037934313526383693	-0.007498852164088678	0.01376811375565535	0.0027392817018254837	0.007375212989275595	-0.00683707303615366	0.014673220087082304	-0.0015922939197345048	-0.01715111457098029	0.0021671446665186174	-0.011071642978401085	-0.0305260476690664	-0.004205515613105087	0.004728698683510287	0.01093815764939035	0.006644440447876108	0.012242783383359181	-0.001566518594431431	0.0017056523075636492	-0.024717650556991173	0.01929972476415328	0.013347149071265881	-0.014634617853361604	-0.0054370005153077565	0.000894408999428178	0.009261867662789662	-0.00046691539631118817	0.01289912626309546	0.00899860590825127	-0.021102388867897164	0.005299374890522923	-0.008558440693467147	0.003308388294094198	-0.009966240944133039	-0.002920734129319518	0.022790765310807003	-0.02748148322996813	0.002220797388837431	0.005186081888720884	0.0001222481887268436	0.009113517221835385	-0.0003933280640803459	0.009170378502502895	0.011746188022509345	-0.01036382778788045	-0.001934568175338695	-0.01118946115720842	-0.015777672497278718	0.009758438646502762	0.003332344011985339	0.01260167404081712	-0.008925777494913354	-0.004393270109657245	-0.016756270532593896	0.004410015933385772	0.00852208199590164	-0.014539481217893727	-0.010669918260156504	-0.025266697802058362	-0.01178015029255958	-0.0222726885067984	-0.003991413464936079	-0.006611456066562335	0.007977266002051895	-0.004923308529836637	-0.007273781678742543	-0.009568021488292833	-0.01869883096406544	0.0055	0.004482142857142857	0.0034642857142857145	0.002446428571428571	0.0014285714285714284	0.00041071428571428563	-0.0006071428571428575	-0.0016250000000000001	0.0	0.0	0.0	0.0	0.0	0.0	0.0	0.0	0.0	0.0	0.0	0.0	0.0	0.0	0.0	0.0	0.0	0.0	0.0	0.0	0.0	0.0	0.0	0.0	0.0	0.0	0.0	0.0	0.0	0.0	0.0	0.0	0.0	0.0	0.0	0.0	0.0	0.0	0.0	0.0	0.0	0.0	0.0	0.0	0.0	0.0	0.0	0.0	0.0	0.0	0.0	0.0	0.0	0.0	0.0	0.0	0.0	0.0	0.0	0.0	0.0	0.0	0.0	0.0	0.0	0.0	0.0	0.0	0.0	0.0	0.0	0.0	-0.012825688492245468	-0.00471311474565273	-0.001406170890053026	0.01285464982979311	0.0041828585001970715	0.00023070558284702227	0.011130742956436117	-0.0006463779931011671	0.0022073859339645334	-0.007409827275674239	-0.009369762621757621	0.002160813792552274	0.002777156528783197	-0.01220156360691619	0.002906525927650232	0.002709968645101397	0.0030496114494617996	-0.005617466008269539	-0.0021564807223206184	-0.0022108825293376023	bull
2011-10-31	0.010250072030667141	-0.0015423242558518912	0.026478960060314062	0.013697844191798574	0.008745933665863043	-0.01784679991421521	0.0004940308536585463	0.005416310320049881	0.012297563723160331	0.018104436134261152	0.013524685874050927	-0.0014765358835161972	-0.03024716754427683	0.008877968702548806	-0.016914136137583368	0.014775724382341792	-0.01845291167866942	-0.010844549845915461	-0.006027552867699038	-0.023159561335859377	0.0011836858407227432	-0.012646031695342303	-0.030342035016648058	-0.012292227402226732	-0.00992033466966906	-0.005700336573010332	-0.00223751688399599	0.0037602831673182067	0.006667294389995074	-0.0003901099612977516	-0.008140659924295692	0.02348024693369749	0.00276153385015804	0.01115993399890068	0.002874161308638611	0.0017456523297220293	-0.003733202477666446	-0.01352546300002089	0.0038057100433238557	-0.0015588121685749582	0.03140997436026263	-0.005052073740360809	0.006653087160045246	-0.008857303510994697	0.0016033802238365727	-0.006155232165914279	0.024112490245453425	-0.007125210295948054	0.03294161144160801	0.008442358730319422	0.0030307636669319937	0.001459803599167154	0.0011937710599057092	0.03400481091927773	-0.016551944049643174	-0.0031152441396762915	-0.023697382435313386	0.013239398528253319	-0.0005950421120543972	0.001904193207619461	-0.008218635630117373	-0.012253722810403484	-0.0039758563627815815	-0.000600304993474643	-0.008861701374339129	-0.0011465937566537286	-0.013947484018744296	-0.003970457302407318	-0.013261284489590023	-0.022560461401020263	0.009607805160837772	0.007681736296862909	0.0023706635953507096	0.0067764982824915065	-0.0038168205497923903	-0.013442418604754744	0.0004909660200161629	0.006455286950765599	-0.029175880363878207	0.0037822397396475786	0.0055	0.004482142857142857	0.0034642857142857145	0.002446428571428571	0.0014285714285714284	0.00041071428571428563	-0.0006071428571428575	-0.0016250000000000001	0.0	0.0	0.0	0.0	0.0	0.0	0.0	0.0	0.0	0.0	0.0	0.0	0.0	0.0	0.0	0.0	0.0	0.0	0.0	0.0	0.0	0.0	0.0	0.0	0.0	0.0	0.0	0.0	0.0	0.0	0.0	0.0	0.0	0.0	0.0	0.0	0.0	0.0	0.0	0.0	0.0	0.0	0.0	0.0	0.0	0.0	0.0	0.0	0.0	0.0	0.0	0.0	0.0	0.0	0.0	0.0	0.0	0.0	0.0	0.0	0.0	0.0	0.0	0.0	0.0	0.0	0.0	0.0	0.0	0.0	0.0	0.0	-0.009723012658550991	-0.014039711169209879	0.00031308284076386777	0.007408357112842523	-0.0036331899942631555	-0.00468837579969246	0.00800339244489854	0.008194932669617462	0.0005996671063431861	-0.010512709085774775	0.002623201921347652	0.004523587463286164	0.0003320955060405166	-0.0035637265574837347	0.006382751344677475	0.0015752899778300024	0.0028158282246692657	-0.00023156295776890047	0.002125494226839708	0.008402380277975465	bull
2011-11-30	0.004981895859891901	0.015380257554452246	0.019581365750134794	-0.0028128707978764688	0.02162356821606318	-0.017190914634494434	0.0068393772149812244	-0.011207567878659461	-0.018631576871842158	9.027030419157448e-05	0.0044579287452867645	-0.0038742678705503074	0.008390430891852386	0.0021389762559230665	0.014180705714418625	0.0006448317443600789	0.0026922030935750164	-0.008613615799215947	0.0035404024856542874	0.0053980766370112995	-0.0019416793657739278	-0.002492777893922122	0.008177954151402583	-0.00631841698857677	-0.009357525175565515	0.006837787857583257	-0.010062482553709812	-0.002193657458216258	-0.012182236774335716	-0.006721412778502839	-0.009100588185177502	-0.0008510991287684172	0.003162776466046349	-0.02015259564423226	-0.0007626169302148135	-0.028169413903264943	0.010463965338829451	0.0029588007029926833	0.003926387395929504	0.008103585589487304	-0.019157048245281864	-0.006360123712517334	0.012675924497966529	0.002131849778032288	0.0004858857783819249	-0.0015879387786469073	-0.01800867992505658	0.014706766256046349	-0.0069432214184140155	-0.011832205950158225	-0.0001277823712654244	-0.02136115072669783	0.006830389663062312	0.008922837289768582	-0.0027576361587548304	0.004576891001705932	0.011416331388401427	0.002420171831682528	0.007547559914887827	0.018699445300079096	-0.02993776053177354	0.005097869172762377	-0.002561481260763906	0.02176408785191011	-0.027226990132557787	0.01773223973460172	-0.007332425651394454	0.01669473798129479	0.005602327159128063	-0.010278656162038229	0.004322456904627081	0.007947231883776247	0.0037467509038646997	-0.020144656284355498	0.010401158811374222	0.015059893671975837	-0.0023724772711491487	0.016577855180598195	0.011543237536752689	0.00939167159538803	0.0055	0.004482142857142857	0.0034642857142857145	0.002446428571428571	0.0014285714285714284	0.00041071428571428563	-0.0006071428571428575	-0.0016250000000000001	0.0	0.0	0.0	0.0	0.0	0.0	0.0	0.0	0.0	0.0	0.0	0.0	0.0	0.0	0.0	0.0	0.0	0.0	0.0	0.0	0.0	0.0	0.0	0.0	0.0	0.0	0.0	0.0	0.0	0.0	0.0	0.0	0.0	0.0	0.0	0.0	0.0	0.0	0.0	0.0	0.0	0.0	0.0	0.0	0.0	0.0	0.0	0.0	0.0	0.0	0.0	0.0	0.0	0.0	0.0	0.0	0.0	0.0	0.0	0.0	0.0	0.0	0.0	0.0	0.0	0.0	0.0	0.0	0.0	0.0	0.0	0.0	0.005175981283343227	0.004431314939853015	-0.00032397447515031133	-0.0037338005434849973	-0.014202886398168874	0.0025875324546029126	-0.0032020783473130287	0.0034308809112343734	0.0028860850059474453	-0.005490882385150121	-0.0003663614050376687	0.007128964025867459	-0.00037520920642618067	0.00570326164864203	0.0038556632235595286	-0.0005066311335825318	-0.009336431865469742	0.0005310238677130685	-0.0037149136154144163	0.0027900448965202294	bull
2011-12-31	0.004630170415823983	0.0036124022435515147	-0.0008646462502878119	-0.012658800011242711	0.014420803186285504	-0.027081317333820118	-0.029426113906916424	0.0078109316647977	-0.017129201478150398	-0.0018948218273429664	0.001262976610979893	0.0018639151217284345	-0.0020015298046479795	0.00022889317051636275	-0.0006943367055261319	-0.009682015826049741	0.0076149950470253665	0.018403189554315677	-0.007438587672744169	0.0005645651825537789	0.0049520922914747904	-0.008841472490604414	0.002486314524128351	-0.014870263665715686	-0.011331136594470966	0.006145875180607995	0.007520893267826408	-0.006354609802252379	-0.02317893513738914	-0.005839580112656167	-0.010402550544349387	0.005760116849906376	0.010648472431590705	0.005823641452159769	-0.003098579329814965	0.0038998793218395517	-0.01715528697837333	0.009321051371852128	0.0007595532745651854	-0.0033824627565678922	-0.008151568166132326	0.0008103625908192684	0.0002090263380573406	-0.008823802783075476	-0.006604557289907063	-0.0206405578606095	-0.00916614258928826	0.006774975289390383	-0.001298832086512457	-0.01299339464845091	-0.002914018698728975	-0.009484636978916475	-0.008567623698895004	0.0073330729677606446	0.025685155787889217	-0.0072767356956425205	-0.015710258963287198	-0.011068819124042563	-0.01493420708757296	0.0037977896148382482	-0.02240623825809253	-0.0005498822644674701	0.008325332387899995	-0.01748406925040982	0.008311136450700403	-0.0227693470694799	0.0019412489942930561	-0.014121706871821349	0.008934896723885574	-0.004514386033642109	-0.009335527483056475	0.006305942084635198	-0.0010094238315322185	-0.005165479884651487	0.008148973774951964	0.02810953701342696	0.01141524010495872	-0.00523630884978715	0.011832643051695589	0.001953184354800031	0.0055	0.004482142857142857	0.0034642857142857145	0.002446428571428571	0.0014285714285714284	0.00041071428571428563	-0.0006071428571428575	-0.0016250000000000001	0.0	0.0	0.0	0.0	0.0	0.0	0.0	0.0	0.0	0.0	0.0	0.0	0.0	0.0	0.0	0.0	0.0	0.0	0.0	0.0	0.0	0.0	0.0	0.0	0.0	0.0	0.0	0.0	0.0	0.0	0.0	0.0	0.0	0.0	0.0	0.0	0.0	0.0	0.0	0.0	0.0	0.0	0.0	0.0	0.0	0.0	0.0	0.0	0.0	0.0	0.0	0.0	0.0	0.0	0.0	0.0	0.0	0.0	0.0	0.0	0.0	0.0	0.0	0.0	0.0	0.0	0.0	0.0	0.0	0.0	0.0	0.0	0.002152101555882316	0.00870090662704053	-0.000980467667734809	-0.0032392996527315075	0.004958517646556817	0.007031762381072004	0.00027168669028765	0.010023498027587998	0.003726524271249627	-0.00755591941290182	0.0003932323345970406	0.0015397385948103218	-0.0009923579986134952	0.0001621698170846973	-0.005110819361144826	-0.0008424678588972	-0.0056023686053714595	0.0013894971903057052	-0.0023096761959564434	0.0047062792869028295	bull
2012-01-31	0.0198827692867657	-0.03068906998860063	0.0011047302056854174	0.010122777357785242	0.019834167489292114	-0.00540555169100443	0.007738025830074811	-0.0009836793302587194	0.004967769255199902	0.023837341746475844	0.014888330031893219	-0.005815062051935671	0.011598689444551521	-0.00881337755505194	-0.007187712456924794	-0.011302892242800004	0.007089157580343715	-0.014018589648738505	0.02382870513682492	0.023330336828789325	0.002599394414216986	-0.0018598939764402037	0.0024904162349375925	0.007562293549154255	-0.004083833185114479	-0.015862063730498466	0.013611156177017065	-0.0010486463320311659	-0.00579608396532775	-0.006443817863695456	-0.015564169336171205	0.009104774018307494	0.0046039426259916975	0.014522599324143017	-0.022513856245857056	-0.010836324429744798	0.00389839172168161	0.021648410193170074	0.00911621683567082	-0.0004610721833871976	0.002322398202048025	-0.014650503942766568	-0.008680714095156401	-0.017160535696552695	0.005489464837885033	-0.005483531077542567	-0.011879147440901282	0.0019694758660407877	-0.007742217153637416	0.0033197970182157134	0.024958180899547367	0.009627652676246507	-0.005312771414139127	0.012552781928703727	-0.014816007074170513	0.007452546593405674	-0.005121520747077538	-0.013361462479170774	0.007528131166315233	0.011744344792912018	-0.006329176893738579	-0.002415161813709029	0.005106835663382649	-0.016805554328622636	0.016057350596488624	0.015394893736400505	0.0018517207643665079	-0.009044774146368515	-0.015360347456054822	-0.0020557110447337835	-0.0023804954741326544	-0.0009761378022859453	0.01432536411704578	-0.007055553151678677	0.009499536892751636	-0.006259081622115967	-0.004638081314459395	-0.007757738415519466	0.018539166254203092	0.0013764908020571192	0.0055	0.004482142857142857	0.0034642857142857145	0.002446428571428571	0.0014285714285714284	0.00041071428571428563	-0.0006071428571428575	-0.0016250000000000001	0.0	0.0	0.0	0.0	0.0	0.0	0.0	0.0	0.0	0.0	0.0	0.0	0.0	0.0	0.0	0.0	0.0	0.0	0.0	0.0	0.0	0.0	0.0	0.0	0.0	0.0	0.0	0.0	0.0	0.0	0.0	0.0	0.0	0.0	0.0	0.0	0.0	0.0	0.0	0.0	0.0	0.0	0.0	0.0	0.0	0.0	0.0	0.0	0.0	0.0	0.0	0.0	0.0	0.0	0.0	0.0	0.0	0.0	0.0	0.0	0.0	0.0	0.0	0.0	0.0	0.0	0.0	0.0	0.0	0.0	0.0	0.0	0.0010636602010633952	-0.005233706351353063	0.009735017543716034	-0.004127454369356124	0.004776882995900238	0.008899784669471833	-0.0037598516840370126	-0.002267144827880949	0.0010602555401882448	-0.004238906340841736	-0.005050818944247173	-0.003922044655986167	0.00023581501919124983	0.004066886806420767	-0.004106276100864484	0.0008777201954231125	0.00057160266079783	0.0026263265932231937	0.0010763453266024081	0.0002793120948306794	bull
2012-02-29	-0.0010521158314027784	-0.020156231964914333	-0.0006276538808438216	-0.004947985793979339	0.01957004076157522	0.015128683103096719	0.017144816624670423	0.018503799705171412	0.003173679847617313	0.010033158639440761	-0.00761864998513182	-0.01727339001580227	0.019527668964083665	-0.00745596419759744	0.001958515353974977	-0.012435495390170435	-0.013949302300160513	-0.019998104483180793	0.0022276484088088002	0.0005559258418900576	0.011296144113516494	0.0015518859607347724	-0.009691870044208463	0.004536130364179902	0.006378979695552147	-0.0010602402309853771	-0.018842284766965794	-0.01261946891632902	0.0005822383756759229	-0.006656655713334949	0.010623163293290603	0.008274562686350987	0.0008994283154613619	0.004965870144055997	-0.013781924288947102	-0.009342232869025283	-0.011596547804613059	-0.010407389673541288	0.015025990564703752	-0.02489948098519592	0.00016966869221596002	-0.015916351853910424	0.00441646995693709	-0.016879119660773774	0.0019718886934909836	-0.00433981752076462	-0.0023406444575577866	0.01739777177797254	-0.003598854778908607	-0.0142295706642282	-0.010426994176184659	0.009719781527072023	-0.009634028789140554	-0.00359946427161531	-0.008685512798314695	0.0028673654401487284	-0.0017546808352543158	-0.011597372810415667	0.0036078947894995906	0.009225271377376283	-0.014136395117044098	-0.006269464900717899	-0.015668328670917803	0.007503879949990698	0.0005442419993018506	-0.002159364720347052	-0.01732664569896106	-0.0009192187101942154	0.009279979961284282	-0.010421046635349462	0.004331852823239925	0.02071390297898246	0.0018616730894083224	0.0028789568149192677	0.009577380548366486	-0.007565838966009918	-0.005538860725043287	0.017831128239675226	0.0012485819727961033	0.011500406481256447	0.0055	0.004482142857142857	0.0034642857142857145	0.002446428571428571	0.0014285714285714284	0.00041071428571428563	-0.0006071428571428575	-0.0016250000000000001	0.0	0.0	0.0	0.0	0.0	0.0	0.0	0.0	0.0	0.0	0.0	0.0	0.0	0.0	0.0	0.0	0.0	0.0	0.0	0.0	0.0	0.0	0.0	0.0	0.0	0.0	0.0	0.0	0.0	0.0	0.0	0.0	0.0	0.0	0.0	0.0	0.0	0.0	0.0	0.0	0.0	0.0	0.0	0.0	0.0	0.0	0.0	0.0	0.0	0.0	0.0	0.0	0.0	0.0	0.0	0.0	0.0	0.0	0.0	0.0	0.0	0.0	0.0	0.0	0.0	0.0	0.0	0.0	0.0	0.0	0.0	0.0	-0.003641409968544531	-0.0023193806688485826	0.003553540355014823	0.003455378201744	0.005031234496270875	-0.0029560641829428675	0.0012384498739211997	-0.0014604442853492798	0.0031770705984505952	0.005572279722642932	-0.0026702722928814123	0.0017751523989876891	0.002230548490705579	0.0004382724391392178	0.0017917166793690283	0.0020495991531339413	0.007834153599641423	-0.0005522147048258744	0.0022560001866285878	-0.0031488911781246314	bull
2012-03-31	0.022240996557414752	0.0011527032148011202	-0.0031569115804412277	0.010322198314127867	-0.0035326335572200343	-0.00015378827858081312	0.018463175079928507	-0.005980041421420428	-0.012335429548338783	-0.034704346016499535	-0.01109898317580123	-0.0010617965148642943	0.007921686418530678	0.011204497710560372	0.007428549751359303	-0.009396719128560764	-0.008429240917839942	0.028816139520612405	0.012857919894478705	-0.013661337267830552	-0.015825899761985503	-0.003979316771892974	-0.007443847662756485	-0.01368622214180054	-0.00738491546351246	-0.012381735061473446	0.023987259065657185	-0.0019871461510269925	0.01012978875947232	-0.0019271414834555593	-0.00967804704941191	-0.011402225392418157	-0.0020248150554612477	0.015667895226278743	0.0020122586647170156	0.015675351415121146	-0.0002316399138921719	-0.000810105017148254	0.005083803095024546	-0.0070169882517335976	-0.007754690789512873	0.004699461038240564	-0.015550999189038477	0.0012982986151039177	0.00396297784335762	-0.011417330949095998	0.022784083369235947	-0.012516534458324948	-0.005639824798135005	-0.0006075812959577853	-0.006275490737570495	0.00584144892226545	-0.010864624532120061	-0.017288067442539745	0.015289944053019084	-0.013150578739209363	-0.022779677385595422	0.0050684094685678905	-0.017417752033538163	-0.008810844735220332	-0.019003034404846447	0.006439362741682889	0.004269211075692299	-0.004656289660567847	0.019400666274193356	-0.0028181724959118882	-0.009204651259280876	0.012850081296126156	0.00940065570869655	0.0011537257633082438	0.008854175416182256	0.017029117455817092	-0.002802410926579872	0.0062627534711208735	0.012061585124057963	-0.002727270890940929	0.019092680743227085	0.02891542577883586	-0.0008537150210551452	0.010030331918636271	0.0055	0.004482142857142857	0.0034642857142857145	0.002446428571428571	0.0014285714285714284	0.00041071428571428563	-0.0006071428571428575	-0.0016250000000000001	0.0	0.0	0.0	0.0	0.0	0.0	0.0	0.0	0.0	0.0	0.0	0.0	0.0	0.0	0.0	0.0	0.0	0.0	0.0	0.0	0.0	0.0	0.0	0.0	0.0	0.0	0.0	0.0	0.0	0.0	0.0	0.0	0.0	0.0	0.0	0.0	0.0	0.0	0.0	0.0	0.0	0.0	0.0	0.0	0.0	0.0	0.0	0.0	0.0	0.0	0.0	0.0	0.0	0.0	0.0	0.0	0.0	0.0	0.0	0.0	0.0	0.0	0.0	0.0	0.0	0.0	0.0	0.0	0.0	0.0	0.0	0.0	-0.007329821507440137	0.004280933028360413	0.005921104615601238	-0.007731240787810844	0.003791110096719976	0.001886476564857535	0.009054309733916641	-0.01101323711697295	0.002743871252924525	0.0036598751505161503	0.0007430315319485117	0.000452357717089469	-0.002658959396940717	-0.0009698894353748882	0.00697762062222613	-0.0043458087106696165	0.004696965232726958	0.0028702093880148827	-0.003479908181216013	-0.0011696656847963879	bull
2012-04-30	0.0034178214825133432	0.01493692802297011	0.007943092593450975	0.0032333901543237778	0.009954881697528875	0.007566802664445067	-0.0038930944476053197	0.007206032597729468	0.015300189625578345	-0.00994499199288253	0.03394496279437945	0.014131894690872395	-0.009213985567956853	0.0030420671561316743	-0.019056505883832685	0.0028925906564820736	-0.023603680962005692	-0.0056731564548144165	-0.006185976349129195	0.014734817660458243	-0.005705502658048286	0.005845992607898272	0.02407998183971356	0.02888853716876157	-0.0016765731268099456	-0.0008859624854422148	-0.00018394338826233263	0.012809805432819142	0.008669027013705456	0.01034519135748937	-0.0011493405118430185	-0.007708836471426989	-0.0012651182517822586	-0.018168369352215247	0.012190925307224482	0.00866090323238341	0.010385546216132005	-0.0009221244373839845	0.008586658737149982	0.009636634272745161	0.021738362285278593	-0.012337615530591251	0.00692018342948624	-0.01692455350562003	-0.013642462945948718	-0.010302879758333492	0.01127971984742826	-0.018579065552814255	0.014163204674102457	0.0019301199440386978	-0.0036483326578117016	-0.006255586768285125	0.0022936105614095735	0.012371753784435904	-0.01618479138842077	-0.011798260891833072	0.003536665767842003	-0.0033287301107554237	-0.00564588824710341	0.010324961021202327	0.00149287259475309	-0.004047623359303531	-0.005057909009570214	0.032327007444495535	0.005472393048137997	-0.0025766556335042744	0.0022507110712304368	0.0038258969260171996	-0.002005694746463035	0.0028496327725919517	-0.014055421003053424	0.00942083140746116	0.01878621005091568	-0.020216311199377297	0.006590354611701851	-0.00938461368404754	-0.0025523673524103243	-0.00452197075422759	-0.003944446765332271	0.008001725074487124	0.0055	0.004482142857142857	0.0034642857142857145	0.002446428571428571	0.0014285714285714284	0.00041071428571428563	-0.0006071428571428575	-0.0016250000000000001	0.0	0.0	0.0	0.0	0.0	0.0	0.0	0.0	0.0	0.0	0.0	0.0	0.0	0.0	0.0	0.0	0.0	0.0	0.0	0.0	0.0	0.0	0.0	0.0	0.0	0.0	0.0	0.0	0.0	0.0	0.0	0.0	0.0	0.0	0.0	0.0	0.0	0.0	0.0	0.0	0.0	0.0	0.0	0.0	0.0	0.0	0.0	0.0	0.0	0.0	0.0	0.0	0.0	0.0	0.0	0.0	0.0	0.0	0.0	0.0	0.0	0.0	0.0	0.0	0.0	0.0	0.0	0.0	0.0	0.0	0.0	0.0	0.0011421761927134031	0.0018554936837732248	-0.0007308980501622626	0.004076412377198638	0.0025501625390236928	-0.0010803225602357433	0.009008828039194158	-0.0015982004890594448	0.003671356355108365	0.0020115316278311395	0.00023206870946562805	0.001150133824623595	-0.0022352261140402615	-0.00395715448155348	-0.002276199676977634	0.0003569567903110092	-0.0025542219655673723	-0.0005184703614170537	0.001026595490426357	0.004689354943768441	bull
2012-05-31	-0.005979526682876284	0.024522619649636253	-0.022039132078005834	-0.009257289900173122	-0.026174579126670164	0.021554222250228683	-0.014237929735040091	0.008055860616463777	-0.01661444119269745	0.007081568997704105	0.006650896774972398	-0.008729649090755033	-0.004327908641532691	-0.012892821884646402	0.013214840998674513	-0.012047458111409979	0.0014600767315220647	0.00011925558019576088	0.005997948559763027	0.014366298000228987	-0.001198557157503682	0.006847598370755782	0.0036310796173556954	0.009166843675583965	-0.007795714277101633	-0.003570073034381829	0.001988147377059818	-0.0035608726483819996	0.0012175273327548542	-0.0065452998850610835	0.00011656196584910497	-0.003151432563895079	-0.009589303803940744	-0.0011346534558339136	-0.028014800991723373	-0.00090662619830722	0.0029643642693184483	-0.0002619576287899277	-0.0036088181763153817	0.00479855591084747	-0.0019038935454493726	0.003900709641221382	0.0027945678150945058	0.008828316693754067	0.00835803996619698	0.007257027168557688	-0.02052663220721138	0.012526436108129304	-0.007093031702639656	0.0017167365943810146	-0.014616758768542869	0.019292221998620972	-0.005789302375102579	0.0038266866347519595	0.013695659577727962	0.01600102302033517	-0.002978702682776413	0.0033314965339655087	-0.0021011936244442696	-0.019983013149861017	0.013059436928760593	-0.0060065344158366125	0.0038816969305059444	0.0016525184769938662	0.006146188772231347	0.019637784294565693	0.023564916239984267	0.020471099367239506	-0.006009570298599473	0.0058525151149455825	0.0032817866426059104	0.008415803112593415	-0.004409315548740808	0.014633737275745053	0.009300546906715775	-0.008796464140990994	-0.013615614761542914	0.019262261951655462	-0.0036465429532162095	0.029828243880437443	0.0025	0.0018035714285714287	0.0011071428571428573	0.0004107142857142855	-0.00028571428571428584	-0.0009821428571428572	-0.0016785714285714292	-0.002375	0.0	0.0	0.0	0.0	0.0	0.0	0.0	0.0	0.0	0.0	0.0	0.0	0.0	0.0	0.0	0.0	0.0	0.0	0.0	0.0	0.0	0.0	0.0	0.0	0.0	0.0	0.0	0.0	0.0	0.0	0.0	0.0	0.0	0.0	0.0	0.0	0.0	0.0	0.0	0.0	0.0	0.0	0.0	0.0	0.0	0.0	0.0	0.0	0.0	0.0	0.0	0.0	0.0	0.0	0.0	0.0	0.0	0.0	0.0	0.0	0.0	0.0	0.0	0.0	0.0	0.0	0.0	0.0	0.0	0.0	0.0	0.0	0.008831789795220875	-0.00822828597153661	0.004267736963394097	0.0013915773123133251	-0.004722798965338434	-0.0014294018174793152	0.00400383750814619	0.0007967673691801513	0.007521397611446616	-0.005865821468301951	-0.00583767070393993	-0.003912226426183188	-0.003673384501049412	-0.0007211809568077726	-0.008518234994692161	-0.002750022665574838	0.0014245058466004806	0.005541745810475836	-0.0021641528438490734	0.004156007389564051	bear
2012-06-30	0.013549284588713942	0.01588123691970004	0.0009444966079462203	0.018012508898387188	0.0014987141016126124	-0.0008459331574565758	0.0032321690962147254	-0.007057853517366567	0.0031693372547253263	0.012466854165088376	-0.017186304396913956	-0.004908950260771854	-0.008276463303199866	0.013366262301656986	0.006095431724265295	-0.00019497563454975913	0.014249941455782294	0.002823505947314001	-0.01503018426076332	-0.021304874113316975	-0.010913514329982821	-0.012059877482432552	-0.009381960157692664	-0.0034204045903911203	-0.013374261881020914	0.0021277108396199175	0.01241318635834743	0.01101294557298966	-0.018215104845849563	0.006732767062541371	-0.0014494735814306987	0.01068119724505793	0.014391949195467478	0.012402543444204972	0.009666003000446989	-0.0007258767248123068	0.0069831458878792906	-0.008942374695557906	0.010013382212391186	0.010098184430290121	-0.011069939902713575	0.005818901629287782	0.0027271502133525472	0.003951639477089247	-0.0026529808017201483	-0.006430392795961311	0.007612969412901201	0.0008899145108152135	-0.02153419663268282	0.0020824405533944284	0.005771965416402992	0.000708859921215004	0.007655875624986372	-0.008755062115206323	0.014605493864619701	0.009596558887551987	-0.005058847910092582	0.009469861411863331	-0.009221130559090497	0.03132088446521438	0.019719638571561785	0.0017365714310464732	-0.030503756671230096	0.025057435784024144	-0.004809913558673941	0.009595673557906472	-0.006192257067969124	-0.02201233474249627	-0.003189557725994342	0.0014111326805687273	-0.010626841025604971	0.00782189883450311	-0.004421019965760149	-0.018053643021901964	0.007533899501122778	-0.003218097837743764	-0.004346898137476677	-0.02647319473489688	0.013417833416746681	0.009897322782499145	0.0025	0.0018035714285714287	0.0011071428571428573	0.0004107142857142855	-0.00028571428571428584	-0.0009821428571428572	-0.0016785714285714292	-0.002375	0.0	0.0	0.0	0.0	0.0	0.0	0.0	0.0	0.0	0.0	0.0	0.0	0.0	0.0	0.0	0.0	0.0	0.0	0.0	0.0	0.0	0.0	0.0	0.0	0.0	0.0	0.0	0.0	0.0	0.0	0.0	0.0	0.0	0.0	0.0	0.0	0.0	0.0	0.0	0.0	0.0	0.0	0.0	0.0	0.0	0.0	0.0	0.0	0.0	0.0	0.0	0.0	0.0	0.0	0.0	0.0	0.0	0.0	0.0	0.0	0.0	0.0	0.0	0.0	0.0	0.0	0.0	0.0	0.0	0.0	0.0	0.0	0.0026166580784141164	-0.002024814367725357	0.0017375492834921947	0.0018193605313016326	-0.003439215273989926	-0.006454657260928077	-0.002240266151905467	0.01061977245726034	0.007085201146891028	0.0014183566221009631	-0.0020423715496339827	-0.004750331790609935	-0.005111281836060066	0.0012734183753863263	-0.004097138383103148	0.00041973543916836716	0.007966939516346977	0.005752397889609573	-0.006479761225485447	0.010114382372945428	bear
2012-07-31	0.018983588415001005	-0.0007119108950923601	0.013967103029095039	0.004456342243344912	-0.003310240157350777	-0.011301046236117702	0.008157839302526485	0.0022709661239782007	-0.00641713136833356	0.016672136082243258	0.006389444739755117	0.021858392278598184	0.007706510311108957	-0.026631783878217682	0.014761484000146402	0.008556098362974485	0.0019983722180699796	-0.004034723051576624	-0.009227264601746547	0.004019546813204771	-0.03220401576965865	0.019290007200227804	-0.014711787354791601	0.004603900773664172	-0.013595008145311404	0.020078227023641825	-0.011067750125550805	-0.0039006212018410764	0.006790781692195628	0.0076024413734835025	-0.004128780664544513	-0.020808358928044213	-0.012603472504697845	-0.0005873313849264664	-0.01834285336480389	-0.016390921586174886	0.005259346619114631	-0.015392054917750643	0.0037112749623073433	0.019704928236756788	0.019672039553633405	0.014791974208005683	0.000933184547715723	0.008201021710103843	0.02097416424562391	0.02169201099207255	-0.01289354779996618	0.0019902457240260595	0.006361528152687637	0.008662790347561528	-0.005509282713842436	0.01382253921883924	-0.006041811606644293	0.018771481165108555	0.022475264755117814	-0.0010551420447007678	0.005626554007353359	0.002989889762051851	-0.00685997856070327	0.00904311309571056	-0.0033208058232026163	-0.009554853034034638	0.03153602127396001	0.0008677072827814273	0.004069928983120513	-0.010531285937194152	-0.017461734567024625	-0.009221309600800752	0.0066980041244348275	0.0013947427719815876	0.001119140598549827	0.00024375257848198258	0.0019608250009702493	0.006112306140157922	-0.0040367319132378655	-0.006707922569186642	0.007044413192773681	0.010731410109508803	-0.0025733965148768997	0.009085548842561828	0.0025	0.0018035714285714287	0.0011071428571428573	0.0004107142857142855	-0.00028571428571428584	-0.0009821428571428572	-0.0016785714285714292	-0.002375	0.0	0.0	0.0	0.0	0.0	0.0	0.0	0.0	0.0	0.0	0.0	0.0	0.0	0.0	0.0	0.0	0.0	0.0	0.0	0.0	0.0	0.0	0.0	0.0	0.0	0.0	0.0	0.0	0.0	0.0	0.0	0.0	0.0	0.0	0.0	0.0	0.0	0.0	0.0	0.0	0.0	0.0	0.0	0.0	0.0	0.0	0.0	0.0	0.0	0.0	0.0	0.0	0.0	0.0	0.0	0.0	0.0	0.0	0.0	0.0	0.0	0.0	0.0	0.0	0.0	0.0	0.0	0.0	0.0	0.0	0.0	0.0	0.00024581340961316966	0.007152359289873974	0.00331967113973308	0.005057428974819148	0.005662143089602763	-0.00488787268153886	-0.0037857062348924777	0.0030623272619273237	0.0002168192186800034	-0.009848913684914366	-0.0012838267103483351	0.002094232109874599	0.003621215155155408	-0.0015673291989282685	0.0014000512649161923	-2.9414439082104673e-05	-0.006319132383593378	-0.00019236115406110594	0.0023465091618698514	0.0019475916850663238	bear
2012-08-31	0.0014280680212611966	-0.002339330227831511	-0.0068945307788916	-0.01368019467595357	0.008897076706821001	-0.008671225703561073	-0.00040808753517327127	0.0011672392958809847	0.0028285456939739118	0.00572107018449254	-0.021504942580089073	0.011947075847020691	-0.0009976507844770132	0.007554061483052463	0.013076524797598446	0.013654685939248803	0.0065509919208129866	-0.0392312075300561	0.011171444216664501	0.002217764932700769	0.012554021253290578	-0.011537461232075198	0.010589110804026521	0.005733900264767884	-0.008534473185374416	-0.0042678017779887575	0.002054700804145233	0.016404709787872892	-0.0031115955250127945	-0.004001369240054235	-0.003302806999399865	-0.019407056456535277	0.01780370562706722	-0.0023448784258318766	0.015094964144569638	0.006590559087232573	-0.0010631021373006411	-0.0005057701167375089	-0.011895128064853374	-0.012526709050209393	-0.017774255285091134	-0.015037424242025331	0.013518598653332553	0.01193227739088471	0.007434909372395262	-0.008099621111305152	0.011496027157189155	-0.00869008346329893	-0.011951910292125733	0.024752370071978665	0.008730758136222158	0.002377360773418379	0.003146227997336567	-0.016052619398009414	0.019147478968034405	-0.009498541313472424	0.004345513911695467	0.01723447441514559	-0.007460133389621575	-0.005107546448527224	-0.011392169852411569	-0.029221256502984672	-0.008870605489105668	0.000422987843729488	0.01056113480280706	0.012587291383965126	-0.030301615638195313	0.013796773752253433	-0.004374245854761471	0.008134453669124273	0.008536588192431369	0.007568970952136121	-0.016593600515313486	-0.011762580950395887	0.0012145965421771884	0.006207901486338898	0.01581598862581532	0.008002517147649863	-0.0038225958101246508	0.005465385546578946	0.0025	0.0018035714285714287	0.0011071428571428573	0.0004107142857142855	-0.00028571428571428584	-0.0009821428571428572	-0.0016785714285714292	-0.002375	0.0	0.0	0.0	0.0	0.0	0.0	0.0	0.0	0.0	0.0	0.0	0.0	0.0	0.0	0.0	0.0	0.0	0.0	0.0	0.0	0.0	0.0	0.0	0.0	0.0	0.0	0.0	0.0	0.0	0.0	0.0	0.0	0.0	0.0	0.0	0.0	0.0	0.0	0.0	0.0	0.0	0.0	0.0	0.0	0.0	0.0	0.0	0.0	0.0	0.0	0.0	0.0	0.0	0.0	0.0	0.0	0.0	0.0	0.0	0.0	0.0	0.0	0.0	0.0	0.0	0.0	0.0	0.0	0.0	0.0	0.0	0.0	-0.004787253130352629	0.004483835629785162	0.007764780277194874	-0.003757037958474921	0.0015465246761425236	0.0060426756097021654	-0.0022703144301276863	0.011763149009049508	-0.007528195367879566	-0.0014733351233348758	0.006840219600646866	0.0016043998932044196	0.0019749266504274837	0.001386145255390606	0.005019194232982129	0.0060737731305793375	-0.005048604837308585	0.00032789998598535216	0.0019175971777271273	0.008601529248899514	bear
2012-09-30	-0.010892866082075655	-0.0018820790833904665	0.031918829213791515	0.0027693134061375787	0.014008412493982941	0.00415946929416317	0.022648591008229975	-0.0030880536105405056	0.009726468014044457	0.010297300012658776	-0.012561938541797438	-0.0008013498691106761	-0.014053458316406184	0.0018453977813630354	0.007291213564674319	-0.0011042389823281314	0.007623621332416548	0.0037390706374315266	0.005603047273511372	-0.007412694996138852	-0.014705210633189273	-0.007758364853974651	-0.003926759276431981	-0.0013962643584386801	0.006236675380776264	-0.012303658256434086	0.018926966156150256	-0.018349029354757594	0.0017446179264035363	0.015418980226797094	0.0013003352438403877	-0.028063315361842752	0.005636721586681004	0.010811957461483144	0.0026807474727285354	-0.015820861320485723	-0.0009753895416674017	0.02568950368991255	-0.010913051184688716	-0.013970318066575503	-0.0026739101789640734	-0.0053975996080974685	0.009891414460441207	-0.011213938679863707	0.007587818370804713	-0.01331618174303355	0.007421665781418228	-0.00859794220274809	-0.002995868167942311	0.0008490812903506705	-0.010620414872280286	-0.000474000238181014	-0.007940310303159975	-0.010321163851092413	-0.0002923381218200622	-0.006724377323126497	0.005824980692846465	0.0017593348607830661	-0.005731169589115623	0.008272280837542476	-0.005932071560993708	-0.010084650880817315	0.010515937502098463	0.010100636494043334	-0.0004757962467425774	0.0012459305641378967	-0.027231161754744968	0.014144305569951573	0.009568882041812296	-0.003925818368120285	0.012681274734098526	0.010455232487236376	0.011100228459293473	0.003303165871193636	0.0010536310935066737	0.004191792532303644	0.013211811417908122	0.006494939659567295	0.016099144070150246	0.01507373368259958	0.0055	0.004482142857142857	0.0034642857142857145	0.002446428571428571	0.0014285714285714284	0.00041071428571428563	-0.0006071428571428575	-0.0016250000000000001	0.0	0.0	0.0	0.0	0.0	0.0	0.0	0.0	0.0	0.0	0.0	0.0	0.0	0.0	0.0	0.0	0.0	0.0	0.0	0.0	0.0	0.0	0.0	0.0	0.0	0.0	0.0	0.0	0.0	0.0	0.0	0.0	0.0	0.0	0.0	0.0	0.0	0.0	0.0	0.0	0.0	0.0	0.0	0.0	0.0	0.0	0.0	0.0	0.0	0.0	0.0	0.0	0.0	0.0	0.0	0.0	0.0	0.0	0.0	0.0	0.0	0.0	0.0	0.0	0.0	0.0	0.0	0.0	0.0	0.0	0.0	0.0	-0.003988886850721595	0.0021896986757713676	-0.0062398446527241495	-0.001978968811515878	0.011289195734558841	0.0007726719387079032	0.0002573342609677653	0.006868874334085313	-0.007594061001524875	0.0005757562657534109	0.006591774148532008	0.008308612557915344	0.0022336819960055944	0.0031552326321941846	-0.007404885639553277	-0.006420473487102435	-0.0008832050651791425	-0.003080813997269152	-0.0024244702645239546	-0.004432436758126594	bull
2012-10-31	0.0056724250096472405	-0.001837958263857951	-0.006486952421888497	-0.0004458164366234517	0.004599849752711639	0.01740265351788799	0.004923198020205317	-0.003125132242649189	0.00705068767583134	-0.001074218188101526	0.001294766444102441	-0.020523384955728696	-0.01278412277767318	-0.0017854119663451827	-0.0005857788422716966	0.00424603671353131	-0.01912854148384404	-0.0035967485807006797	-0.010059144945926244	0.01954531337147095	0.0055491165261142734	-0.002859330235033173	-0.010559514496581834	-0.028919536322013578	0.002170455356641045	0.01143851866049044	-0.00355908650347013	0.009220131241515933	-0.017102822152486943	-0.007603302989853721	-0.007680773858742311	0.00622830708993035	-0.010695977055717327	-0.012172482794778634	0.011073465939513298	0.006743454330010437	0.008625582804994841	0.007178531698847785	0.023574205521681626	0.005919750143170078	-0.008788745010354213	0.019320170233977692	0.0075086895838747825	-0.007040094537365765	-0.005359541953604394	-0.007986440456288461	0.009955343538996242	0.005559717987029665	-0.0054818712507361984	-0.019943138077910382	-0.021217891000149456	-0.010475393275904524	-0.010326130782512944	0.003958082382689092	0.01826134138706638	-0.009503817415278839	0.007041284747149805	-0.003530097395489232	0.005023922134536638	0.002289961579195227	0.020375240119764857	0.0029643318780710314	0.01216858852746052	-0.022486288164687437	0.005268737627850508	0.025808848207111382	-0.0002136303726982958	0.0033567190463995784	-0.0068588383178987584	-0.008797636443781804	-0.02520357487248815	0.004947170384311546	0.00026942155020359557	0.015378191673165141	-0.0021971604270625005	0.010605573576393674	0.0018622948617154566	-0.03022717212415056	0.0011622889032859782	0.009332084743581838	0.0055	0.004482142857142857	0.0034642857142857145	0.002446428571428571	0.0014285714285714284	0.00041071428571428563	-0.0006071428571428575	-0.0016250000000000001	0.0	0.0	0.0	0.0	0.0	0.0	0.0	0.0	0.0	0.0	0.0	0.0	0.0	0.0	0.0	0.0	0.0	0.0	0.0	0.0	0.0	0.0	0.0	0.0	0.0	0.0	0.0	0.0	0.0	0.0	0.0	0.0	0.0	0.0	0.0	0.0	0.0	0.0	0.0	0.0	0.0	0.0	0.0	0.0	0.0	0.0	0.0	0.0	0.0	0.0	0.0	0.0	0.0	0.0	0.0	0.0	0.0	0.0	0.0	0.0	0.0	0.0	0.0	0.0	0.0	0.0	0.0	0.0	0.0	0.0	0.0	0.0	-0.007186909330335668	-0.0008769832546523379	0.005220036875651619	0.007811504323078429	0.010781639336982559	-0.00976667823654396	-0.0008529574247686196	-0.002004397621708877	0.008244420630824572	-0.0001818306334109557	0.0022464293641790848	0.003513470175067456	0.005413078801626745	-0.007085166112979795	0.0008917932970831843	8.373276050010776e-05	0.00021182556406646258	-0.0007761076297012518	-0.0008739941241225556	0.002338761217034448	bull
2012-11-30	0.02274728094462064	0.008517979349277414	0.005208389939852863	-0.014732514480655674	0.00042335549195085314	-0.013725992349723777	0.0004959196100234738	0.004838233941325954	-0.01066852500901346	-8.70893240744443e-05	0.012943983360489342	0.014402604099229476	0.011474672502082074	0.005921600716041768	0.003473635733138647	-0.013760705824271479	-0.0058436303051783425	0.0028765971063335204	-0.0007755417214412658	0.010277127996053268	0.010093711095146028	-0.004434697396438966	-0.0005253116472336133	0.002389195446363521	0.005508864553944073	-0.0018943599599592633	-0.008183253487708632	-0.013672439403395733	-0.014727758145518023	0.004642731568244522	-0.012235041234030302	0.0004100849991795812	0.013562699057214514	-0.00474654804241659	0.008181172861285311	0.0026096767598046138	0.014492212401947164	-0.024101404058973423	-0.005855499320212722	-0.00939404442759962	0.007897588546534532	0.005010418598603287	0.00042910862145167504	-0.008151261243849448	-0.02490784119688811	0.005472446034058844	-0.00101291273349828	0.013001882243416352	-0.014245227294020604	-0.001487409160077395	-0.020012527208426563	0.02548552769950398	0.0017472052006373303	0.00977775242911808	0.018235206155002546	0.004039492240257486	0.0002786347694766582	0.02327352465156673	0.00241009546240893	0.00838518509420821	0.0051946941863782	-0.001132148264578244	0.000594728121427212	-0.0007019224967190461	0.0011928819550844681	0.0006158348805602598	0.029651330897919922	0.008354927279829037	0.0008500469718155807	-0.012064560252937964	0.019388475731015445	0.01828847125224857	-0.004222401405258864	-0.0076101527108372	0.005682550587102258	-0.01563575682891308	0.0038942993101104134	0.008740755737816366	-0.005022763210195656	-0.0038368753463238333	0.0055	0.004482142857142857	0.0034642857142857145	0.002446428571428571	0.0014285714285714284	0.00041071428571428563	-0.0006071428571428575	-0.0016250000000000001	0.0	0.0	0.0	0.0	0.0	0.0	0.0	0.0	0.0	0.0	0.0	0.0	0.0	0.0	0.0	0.0	0.0	0.0	0.0	0.0	0.0	0.0	0.0	0.0	0.0	0.0	0.0	0.0	0.0	0.0	0.0	0.0	0.0	0.0	0.0	0.0	0.0	0.0	0.0	0.0	0.0	0.0	0.0	0.0	0.0	0.0	0.0	0.0	0.0	0.0	0.0	0.0	0.0	0.0	0.0	0.0	0.0	0.0	0.0	0.0	0.0	0.0	0.0	0.0	0.0	0.0	0.0	0.0	0.0	0.0	0.0	0.0	-0.011619100533133694	-0.006485768738339664	0.000973829740106162	-0.001677870346203466	-0.005514434617594276	0.0004408036770949576	0.010825836851868813	-0.00019715510918371976	0.0075652694765735076	0.0011062926701698745	0.008438595622347993	-0.0022392466406049878	0.0056525436539589325	-0.0070599771921732715	-0.0005851847660651347	0.004708184180705179	0.0044997592259268535	-0.0005641984399485095	-0.005881605119957554	0.0014563643616366155	bull
2012-12-31	-0.001971209984788492	-0.00873296158920021	0.015817929568091037	0.0004745824831601246	-0.005463478773211704	0.006188801464121116	0.0017788730793651321	-0.026386180714641997	0.009293940266684503	-3.901091985531012e-06	-0.017061391936822122	-0.0001044395052344093	0.007436067390370507	-0.00895382156528739	-0.0037199333617895405	-0.015441938684999266	-0.0038856096650261144	0.005131140293974702	0.008256319729248757	-0.02504815457997142	0.0016772141019963508	0.005198517778239701	0.016542931658842016	0.0011311097919500406	-0.002617283533536361	-0.022888567914925134	0.0042214451716655246	-0.012321134119544719	-0.013070990211510014	0.013600415202172195	0.01539461051710754	-0.01000559644561836	0.004405476865826003	-0.007608163630224549	0.017896103004342648	-0.01118937478450859	0.013473625984457503	-0.015286761091135961	-0.0015551661496958059	0.002548542427613933	-0.015574696544439269	0.001482729815253716	-0.013500787516511304	0.004093401133069168	0.006582655346101965	0.0025337232578209255	-0.005835297043190057	0.021224820994575778	0.0174093128307161	-0.011950459042988153	-0.006200925087725791	-0.00977035905996079	0.005054443065577806	-0.014786292615615476	0.010332051850894352	-0.004604467683245956	-0.009251570398676356	0.0023375305440782052	0.008943452479231711	-0.011651669099079427	0.005724969216020746	-0.0013764630752087198	-0.0036211934524255063	0.008361435528240134	-0.0014357102762654998	0.009274625188422099	0.018487036143703527	0.021736849502047417	-0.005632609363254296	0.000998540498701297	-0.00015595744586493183	0.0041871606562155035	-0.002262430055778175	0.02902679338524763	0.01471457319839121	-0.022554202970140193	0.021216123167037887	-0.014024218367809793	0.016873008958402054	-0.011511123393146505	0.0055	0.004482142857142857	0.0034642857142857145	0.002446428571428571	0.0014285714285714284	0.00041071428571428563	-0.0006071428571428575	-0.0016250000000000001	0.0	0.0	0.0	0.0	0.0	0.0	0.0	0.0	0.0	0.0	0.0	0.0	0.0	0.0	0.0	0.0	0.0	0.0	0.0	0.0	0.0	0.0	0.0	0.0	0.0	0.0	0.0	0.0	0.0	0.0	0.0	0.0	0.0	0.0	0.0	0.0	0.0	0.0	0.0	0.0	0.0	0.0	0.0	0.0	0.0	0.0	0.0	0.0	0.0	0.0	0.0	0.0	0.0	0.0	0.0	0.0	0.0	0.0	0.0	0.0	0.0	0.0	0.0	0.0	0.0	0.0	0.0	0.0	0.0	0.0	0.0	0.0	-0.009219977044226503	-0.0058994618902321605	0.013028890588709366	0.007061847700324246	-0.005936825305133004	0.007587224426497699	-0.004723216318444143	0.002013654721359442	0.008599452619206145	-0.008108199764184584	0.003795218407701476	-0.00923222604083246	-0.0020192303758108823	-0.0025770636955106648	0.0037074617543778627	-0.002507591782232081	0.0019435196070732232	-0.0035684934446698377	0.0006136892565106529	0.0031800988521101595	bull
2013-01-31	0.0003985696617706822	0.004857084501970321	-0.0003894043136651016	0.00535557020619175	0.00311689659330699	-0.006747171846715884	0.027165314028981005	-0.010133663925845663	0.02113501460222526	0.009468510885073857	0.02199055523377861	-0.0012582615830139634	-0.023189012720144193	-0.0009560129482753703	-0.029593394851941526	0.005777563029104967	-0.009064450490352573	0.011444543502037599	-0.002905100269239339	0.008437611588507348	-0.005281435026837748	-0.014138064936312214	-0.0007329977457313279	0.01905377885713372	0.0010780948140957118	0.0008807898845110441	0.03637408398402768	-0.012775694912734984	0.0005805251816863909	0.011812458698800633	0.006945617937854204	0.004663168775362993	-0.009760640713294584	-0.01451215840374876	0.0095092061195862	0.019262619716574707	-0.003345088102838124	-0.016900678473977273	0.005287725560300339	0.015029490261921687	-0.012761862216987295	-0.005991962516358913	-0.0009572775939563649	0.010664598680031591	-0.0022543453952928623	-0.03763111530006676	0.008779182486244609	0.02213404546894865	-0.008850576220672382	-0.0018971370912838916	-0.00825710793076812	-0.010085458552692057	-0.004487483856838391	-0.026096775578057545	-0.006496378274424699	-0.006871903255462383	-0.0013641108865576357	0.005068034841369778	0.018361574460118376	0.001287984710350265	0.010911804427114605	-0.004634390628247466	-0.010715611630582593	-0.008645070946340313	0.014810549319704828	-0.018548399284565278	-0.008691223021860555	-0.017617016241655577	0.013733318989811607	-0.012105880566065033	-0.029462586648119515	0.0033590159738008433	-0.004651601955494006	0.01565101329885382	-0.019427151801413158	0.0029899201892223835	0.03094331351306924	-0.010230838957304365	-0.00992238378197995	0.0021167786716835522	0.0055	0.004482142857142857	0.0034642857142857145	0.002446428571428571	0.0014285714285714284	0.00041071428571428563	-0.0006071428571428575	-0.0016250000000000001	0.0	0.0	0.0	0.0	0.0	0.0	0.0	0.0	0.0	0.0	0.0	0.0	0.0	0.0	0.0	0.0	0.0	0.0	0.0	0.0	0.0	0.0	0.0	0.0	0.0	0.0	0.0	0.0	0.0	0.0	0.0	0.0	0.0	0.0	0.0	0.0	0.0	0.0	0.0	0.0	0.0	0.0	0.0	0.0	0.0	0.0	0.0	0.0	0.0	0.0	0.0	0.0	0.0	0.0	0.0	0.0	0.0	0.0	0.0	0.0	0.0	0.0	0.0	0.0	0.0	0.0	0.0	0.0	0.0	0.0	0.0	0.0	-0.01136677430048611	-0.0008713056237250644	-0.0030371002707331495	-0.005066776187325621	0.007232546353530789	0.003159116889184458	-0.005370012637838326	0.01144278367502438	-0.0008920436841364661	-0.006150812699995756	-0.002018899262735174	-0.006006730618976716	-0.00928354633959295	-0.007014781498393387	-0.00240591894247464	-0.0008365042381494269	-0.0027035015061367493	-0.003576996668364145	-0.002983444537428369	0.0012286998104414563	bull
2013-02-28	0.013868033955830649	-0.011492588830379413	-0.002429037303212539	0.02028075059010491	-0.00427363263362993	0.0037234260730913595	0.003399720984618616	-0.018868788851215935	-0.007475715465575943	0.01782434947593579	0.012305920742931749	-0.0015397881641531141	0.01772912635734332	0.006376392338321405	0.006428517672438418	-0.00886503789974403	-0.012028190006202968	0.0015788673289353456	0.02046013483566305	-0.001867194477837867	0.007072997955379161	0.04147780904374774	-0.009051150009791814	-0.00427290847698518	-0.008800909654204103	-0.00831460503312691	-0.011120871326812862	0.009042695243052377	0.011543068314160446	-0.007157668328492291	0.00037191951565422127	0.016359201120146806	-0.00939821239941665	-0.03505275043057079	0.0035887254989523543	1.8881509113612526e-05	-0.005998196913838069	0.01583578655071805	-0.00782399274797587	0.019589977529133076	0.001031941365701172	-0.004354636957831565	0.001196249600184718	-0.0008000974102444706	-0.011771826350761167	-0.00012499667629081674	0.01330928040673205	0.0014789885428034646	0.009118426464381393	0.010913329250836509	0.014972650060316398	0.00923072806344308	0.019284294412539323	0.004125059591682216	-0.008762980129538835	-0.01909934407289529	-0.012580213259042627	-0.015360507757225798	0.01571805806041633	-0.014846418159421724	-0.005017528346217279	0.01964170390051284	0.007035554953177673	0.0031267963925076235	-0.0126880392770027	0.010618163113346714	-0.012784866707846336	0.0031309638335132654	-0.005109896734451784	0.004346601164602945	-0.029506483154636415	-0.0063710698847967324	0.010742799886560078	0.016747603779044874	-0.001198722921034454	-0.006754966253099258	-0.0009420406183630741	-0.0014657406003001023	-0.019794235184957754	-0.013889319876786316	0.0055	0.004482142857142857	0.0034642857142857145	0.002446428571428571	0.0014285714285714284	0.00041071428571428563	-0.0006071428571428575	-0.0016250000000000001	0.0	0.0	0.0	0.0	0.0	0.0	0.0	0.0	0.0	0.0	0.0	0.0	0.0	0.0	0.0	0.0	0.0	0.0	0.0	0.0	0.0	0.0	0.0	0.0	0.0	0.0	0.0	0.0	0.0	0.0	0.0	0.0	0.0	0.0	0.0	0.0	0.0	0.0	0.0	0.0	0.0	0.0	0.0	0.0	0.0	0.0	0.0	0.0	0.0	0.0	0.0	0.0	0.0	0.0	0.0	0.0	0.0	0.0	0.0	0.0	0.0	0.0	0.0	0.0	0.0	0.0	0.0	0.0	0.0	0.0	0.0	0.0	-0.0018997956464463892	0.002224005279948513	-0.003522611982587146	-0.0044564133432610535	-0.0006181383705535504	-3.387846576957112e-05	-0.0017355956344375228	0.00045930674373144496	-0.00029097689009063117	-0.00969941815583249	-0.0024670482332616603	0.003227819888952146	-0.002654436465877344	-0.003493818329999619	0.004924556284976479	-0.00418531573007164	0.0010522545976253323	-0.0004903786929331076	-0.0037386389438841356	-0.0013893506984932022	bull
2013-03-31	-0.0010241752142762265	-0.002312070473808457	-0.025281087119168898	0.01821984276936231	0.0034576540384956274	-0.0003428731926143142	-0.007214090890020268	0.006597215726680946	0.006029410127510187	-0.012728230453082637	0.027766973474159885	0.024199758990014825	-0.001381114908903449	-0.01648522479180279	0.0009190590397757256	-0.013049888843253556	0.0017980490173006057	0.0006154562359223468	-0.003864205875153908	0.027035319571190604	0.029210286800040675	-0.011307544316224378	0.001928990010260661	0.011039631725919713	-0.006695319753059752	0.004576462747546008	0.008721171391582874	-0.018031758290555686	0.007943081524217561	0.006175655717104644	-0.005796659144530927	0.015669814294596553	0.02424716827905486	0.004997277742556614	0.0026302731667945853	0.011794029526265331	-0.01300666788270531	-0.0008309992370330062	0.0409144746750248	0.012991941556630303	0.008421382340412432	-0.006560465325970678	-0.007567586088099225	-0.0018382602357401273	0.004813267561639183	0.012988095458132084	-0.009551711492309248	0.01425073902868098	-0.004806179298309081	0.012782348797148449	0.002662035689292647	-0.016170807818607573	0.005904902977586927	0.007212209460415588	0.0012245675517654577	-0.00397134530503552	-0.0023667089450611564	0.002801902418766924	0.010353099241006358	0.01682997759551791	0.011281198182406466	0.0010318017694118786	0.005132907468874748	-0.001160622942476888	-0.01425082215994616	-0.0011240680830666777	-0.0035953057728594817	-0.0037123261101736226	-0.01692806894917687	0.007163408744540461	0.00024239570057013095	-0.010276980855690163	0.004156527798602269	0.0024718404802685683	-0.028850328190257027	0.014414805079746539	0.011085098290817922	-0.003157391734015128	-0.009606104033280464	0.0038755744931684355	0.0055	0.004482142857142857	0.0034642857142857145	0.002446428571428571	0.0014285714285714284	0.00041071428571428563	-0.0006071428571428575	-0.0016250000000000001	0.0	0.0	0.0	0.0	0.0	0.0	0.0	0.0	0.0	0.0	0.0	0.0	0.0	0.0	0.0	0.0	0.0	0.0	0.0	0.0	0.0	0.0	0.0	0.0	0.0	0.0	0.0	0.0	0.0	0.0	0.0	0.0	0.0	0.0	0.0	0.0	0.0	0.0	0.0	0.0	0.0	0.0	0.0	0.0	0.0	0.0	0.0	0.0	0.0	0.0	0.0	0.0	0.0	0.0	0.0	0.0	0.0	0.0	0.0	0.0	0.0	0.0	0.0	0.0	0.0	0.0	0.0	0.0	0.0	0.0	0.0	0.0	-0.005726868784008226	0.004522381375141533	-0.0038998933864259205	-0.008816051702917417	0.0014098330517200918	-0.0016231451119082456	0.0014511826334338536	0.004057473766715005	-0.004092459053967109	-0.004067816461463022	0.0003587248847273573	-0.0052729687802375354	-0.0064227468379799355	-0.002901671966560509	0.0022593151246496513	0.0080958493593187	-0.0031586078652077704	-0.0008717554600618576	0.00010237644412263835	-0.0005069417574076682	bull
2013-04-30	0.020688369285549214	-0.002853644610597246	0.019729132217453163	-0.009887744677596537	0.012082260417526526	0.00776103749448741	-0.0021617825029112843	-0.014570048985207756	0.014290355809801234	0.01181109150373818	0.01718256544237484	0.013951898468700125	-0.005017447267147089	0.015990409494231028	0.019531839530105618	0.0015506239196852883	-0.002310866027973582	0.005175471660833692	-0.002871606241253327	0.02766291267976087	0.006702889314629817	0.024125227805147944	0.004216427935714851	-0.018252750623502727	-0.032217164837181914	0.01865343307472873	-0.01306044613237031	-0.006544413819319221	0.017046842112759655	0.008664840103338027	0.024483196774514666	0.004398192532424921	-0.016709334258173624	-0.013503714307139932	-0.014624974628698639	-0.012054584359336474	-0.005176385875490546	0.002893590766943386	0.01666639945067195	0.00015044077693145093	-0.0002906260077449581	0.0025274124194370126	0.001673749779167172	-0.0030844025672440573	1.8669386519896737e-05	0.01304665995592349	-0.001968189462284518	0.012222469220505999	0.01118213956215168	-0.00023157152928440894	-0.009298521726685193	0.0062350679075844125	-0.005124974928657458	-0.004050217056695778	0.008276421627339948	-0.018879747275502807	0.016474715841616142	-0.00675685228746779	0.006298341091150758	-0.005983565643700831	0.025198422975620267	0.02701455885895522	0.005516539085977428	-0.012121609938667703	0.003103843946847497	-0.028757948833177605	0.008132393561055471	0.00984064207440027	-0.004254007896381185	-0.014098322850033361	0.0038160356084520845	-0.004022221850474629	0.01268015870190535	0.0071682196968816435	0.01220708890004592	0.006504489159966858	-0.015594535520182877	-0.00874446386214826	-0.017634922598333495	0.003922908998347538	0.0055	0.004482142857142857	0.0034642857142857145	0.002446428571428571	0.0014285714285714284	0.00041071428571428563	-0.0006071428571428575	-0.0016250000000000001	0.0	0.0	0.0	0.0	0.0	0.0	0.0	0.0	0.0	0.0	0.0	0.0	0.0	0.0	0.0	0.0	0.0	0.0	0.0	0.0	0.0	0.0	0.0	0.0	0.0	0.0	0.0	0.0	0.0	0.0	0.0	0.0	0.0	0.0	0.0	0.0	0.0	0.0	0.0	0.0	0.0	0.0	0.0	0.0	0.0	0.0	0.0	0.0	0.0	0.0	0.0	0.0	0.0	0.0	0.0	0.0	0.0	0.0	0.0	0.0	0.0	0.0	0.0	0.0	0.0	0.0	0.0	0.0	0.0	0.0	0.0	0.0	-0.008143404411701749	0.0003816979179438423	-0.007286931532908201	-0.005227968187096366	0.0026026344927191497	-0.005559000230843636	0.003294835764046277	0.004739629807002615	0.008585486024531	-0.005304309906842642	0.005965662940695495	0.00026820459080796426	-0.0018770406809749665	-0.0007471868695679408	-0.0010267387476954185	0.011775145586918731	-0.0014425400613647138	-0.0014423551217858494	0.0015077961209128666	-0.0021408529493928178	bull
2013-05-31	-0.013706156784948917	0.00727432788627063	0.0033265873343595867	-0.0017425935874804516	0.004970508491407102	-0.011365197961423379	-0.007827783927371615	-0.01849106553166521	0.01250684831042552	-0.023994097157967745	0.004076792181183617	-0.012534160303580037	0.002231880956400709	-0.0046177681957059544	0.003734440086585609	0.009809795584565838	0.011621877058213416	0.011471703607317996	-0.0003815818986705393	0.014128433274236338	-0.010886880199938866	0.0017548029715326809	-0.017045568267593642	0.03808598654992383	-0.013587790379159002	-0.007370370834149648	-0.002188869769219171	-0.0052650859465986416	-0.0032657394478826604	-0.021090307125928066	-0.004115856634456627	0.00021060898892774215	-0.025711390143974153	-0.007150975296868521	0.002541511384877797	0.0019181295141847488	-0.019129942694149665	0.011742710514543389	0.011146914590727967	-0.019145991172283147	0.0017945847355859774	0.003913674267433588	0.025848449618153982	0.007584610178232526	0.0061254140613980585	0.0074634074955264714	0.006853885569962364	-0.0010531986991798407	-0.020848365161960272	-0.004366565762597483	-0.00841686651567311	-0.0019564525050923863	-0.01091823279259385	0.02525356189123709	0.0035808039316408435	0.00920742438917105	-0.008234575753025376	0.011650795822117	-0.005778200670592233	0.0063730559130294575	0.00782050501705242	0.018855595446824625	0.007131070445062323	-0.005933762236540734	0.004559603532200332	0.008651005746367471	-0.0006833431403509845	0.0019447703169317484	0.0014897951663833356	-0.0015189181309519344	0.014024130123466826	0.015381059636843709	0.010055680802836782	-0.023086224524387217	-0.0077276401068752856	-0.0021413356288651464	-0.018718775923403045	-0.0006060676586351215	-0.005781033200334751	0.006267470402915371	0.0055	0.004482142857142857	0.0034642857142857145	0.002446428571428571	0.0014285714285714284	0.00041071428571428563	-0.0006071428571428575	-0.0016250000000000001	0.0	0.0	0.0	0.0	0.0	0.0	0.0	0.0	0.0	0.0	0.0	0.0	0.0	0.0	0.0	0.0	0.0	0.0	0.0	0.0	0.0	0.0	0.0	0.0	0.0	0.0	0.0	0.0	0.0	0.0	0.0	0.0	0.0	0.0	0.0	0.0	0.0	0.0	0.0	0.0	0.0	0.0	0.0	0.0	0.0	0.0	0.0	0.0	0.0	0.0	0.0	0.0	0.0	0.0	0.0	0.0	0.0	0.0	0.0	0.0	0.0	0.0	0.0	0.0	0.0	0.0	0.0	0.0	0.0	0.0	0.0	0.0	0.0010655401616909634	0.0029767253000950672	-0.00017753643188194378	0.0004917230494866614	-0.009586389335554417	0.00500323652224019	-0.0007691324168425673	-3.6689654616772586e-05	0.004699932340931922	-0.004372874031421742	-0.0011316100607079134	0.004989864520439682	0.005383531542184434	-0.0008102095917176187	-0.0005065872661867706	-0.006125150513438876	0.0020998518920715484	0.0012330604040851254	-0.003711148994480937	0.0020167158517519043	bull
2013-06-30	-0.004369558255195962	0.008361587142327244	-0.0010085406607584948	0.009605753606942513	-0.010874663701522793	0.013215683692082794	-0.0041104753442111645	-0.014040286149092569	0.010311498932641253	0.002088776283769342	-0.007949025283518927	-0.019514358392972806	-0.000704178438707545	0.005489079392085483	0.005982142672423725	0.010491624900257507	0.006008571136719475	-0.001285962554149384	0.0052117090919867985	-0.006216318993932087	-0.01687043938192668	0.007545661327908889	0.004429565204751085	0.002566396103276818	-0.0016484309374699476	0.030221969057505522	0.0047105991720997374	0.005137514058976206	0.009013656137882874	-0.003248381606615603	0.0011279005148644137	-0.012425747925974036	-0.017763470451313906	0.014161656902793383	0.028452677040720277	-0.004315226269624466	-0.01957015617862064	0.0012360304676812526	0.0065914971426984945	0.005965781032279703	-0.01714446472217214	0.0012810357315639846	0.012545582911979483	-0.004327372053203095	0.0005445141509426867	0.006486466413824378	-0.004603118667120797	0.0022021357079442206	0.0001220077977740752	-0.010471514560753813	-0.0157351004320295	-0.023164016476786762	-0.010058157078491442	0.012548822928858627	-0.009917315973557723	0.001347104291033072	0.009973727723714689	0.011014574351435087	-0.005179710935211381	0.0014905777985551266	-0.000652927460905325	0.0016140115668373215	0.020042298149319966	-0.004210350641924275	0.00825567044819235	0.013536669077667454	-0.009215863983657173	0.0034738424237702034	-0.010409135301060612	0.003670376103581578	-0.010340290050789432	-0.033198651280271455	-0.002891165657009004	0.001063506419994987	0.010097353829867125	0.005344551015799901	-0.011794914207206079	-0.008772624014895416	-0.03492751914862691	0.0009482189092437645	0.0055	0.004482142857142857	0.0034642857142857145	0.002446428571428571	0.0014285714285714284	0.00041071428571428563	-0.0006071428571428575	-0.0016250000000000001	0.0	0.0	0.0	0.0	0.0	0.0	0.0	0.0	0.0	0.0	0.0	0.0	0.0	0.0	0.0	0.0	0.0	0.0	0.0	0.0	0.0	0.0	0.0	0.0	0.0	0.0	0.0	0.0	0.0	0.0	0.0	0.0	0.0	0.0	0.0	0.0	0.0	0.0	0.0	0.0	0.0	0.0	0.0	0.0	0.0	0.0	0.0	0.0	0.0	0.0	0.0	0.0	0.0	0.0	0.0	0.0	0.0	0.0	0.0	0.0	0.0	0.0	0.0	0.0	0.0	0.0	0.0	0.0	0.0	0.0	0.0	0.0	0.006505599817173626	0.0019685975291528737	-0.0017226961226366234	0.009261539463329433	0.0009314276277005906	-0.0015379923019064631	0.0028010516633161786	0.006955755896342031	-0.0037501906062075248	0.00884014630191141	0.002083439437798096	0.0008481759836721601	-0.00266770362881057	-0.000738550166445421	0.005565824142228654	-0.0013031880737101591	-0.0010063780232775431	0.0008697312864387295	-0.004268620610538142	-0.007049016730792623	bull
2013-07-31	0.01749276676259779	-0.005996446080654618	0.025255245430749026	0.008591068473319505	0.011142869911768032	0.006909648087632838	0.010150437648486678	-0.010792721357211196	0.009635517845358557	0.004733869743809404	-0.0036421050777738126	-0.001854456897578183	-0.01944277547724328	-0.003516664913197807	-0.0030512253549303575	-0.012921300956028817	0.005346038201974491	-0.003639672529339117	0.013235099120696415	0.0028536920324624925	-0.010479986790250265	-0.03345883281084892	-0.037323418048821846	-0.006037986754318443	0.01043277704981587	0.0065383600571638865	-1.3775961952119483e-05	-0.009262972871761505	-0.019528462367051334	0.005840292467118887	0.015364777379335065	-0.007063888879779852	0.00498722558927402	0.009274084304885598	-0.007797622658886039	-0.022201135902986908	0.024678770818179017	-0.0016906154694430523	-0.006479054274187581	-0.0037960591856374282	0.003085552275006804	0.004923462810880409	0.0036586541600345207	-0.0006442081880531687	-0.02053524656602404	-0.012287401438212617	0.01737502750232176	0.003991828505618146	-0.003430810524121157	0.01714620900540932	-0.0008331885781008738	0.004884043398422847	0.000649553489557055	-0.0031217451292649416	0.008422727035214257	0.01055443043418483	0.004344982632950613	-0.019333874605972537	0.01587621497107122	-0.01612017790033651	-0.007429495599591281	-0.018719099375423192	-0.026357559092023957	0.009699013880971878	-0.012595180350158861	0.004134871532726548	0.007364765702499281	-0.006957544081060364	-0.007860796886767689	0.009153086793504862	0.029909791563059836	0.00864976966055513	-0.0018324476822970364	-0.01080167717131015	-0.010834497054114926	0.0023656854528598856	0.0033600019976092912	-0.002039133445161417	0.0036015569420747304	0.007847532889326703	0.0055	0.004482142857142857	0.0034642857142857145	0.002446428571428571	0.0014285714285714284	0.00041071428571428563	-0.0006071428571428575	-0.0016250000000000001	0.0	0.0	0.0	0.0	0.0	0.0	0.0	0.0	0.0	0.0	0.0	0.0	0.0	0.0	0.0	0.0	0.0	0.0	0.0	0.0	0.0	0.0	0.0	0.0	0.0	0.0	0.0	0.0	0.0	0.0	0.0	0.0	0.0	0.0	0.0	0.0	0.0	0.0	0.0	0.0	0.0	0.0	0.0	0.0	0.0	0.0	0.0	0.0	0.0	0.0	0.0	0.0	0.0	0.0	0.0	0.0	0.0	0.0	0.0	0.0	0.0	0.0	0.0	0.0	0.0	0.0	0.0	0.0	0.0	0.0	0.0	0.0	-0.0008537453155235989	-0.011453361727616362	0.007712065440960393	0.002602450838646792	0.006780202651291292	-0.004675223370512819	-0.0011805317414404534	0.004242743388030861	-0.0037871797531883102	0.006701126649455347	-0.001577706573271269	0.005086475664400222	-0.005167596416155296	0.0005283888572003138	-0.0022202591142485087	-0.003671946107539829	-0.003408329270462797	0.003845614087387587	-0.0063780874114165356	-0.0024211090709053136	bull
2013-08-31	-0.017168654091446703	-0.0001255760379364956	-0.005665936294020712	0.0005236051239836986	-0.01209514239991905	0.004912129690777349	-0.025720678313781935	-0.005458109421596145	0.002893469659746324	0.015273332949675865	-0.003455687341253091	0.011143709613794545	-0.00802288290600333	-0.01623905194001176	-0.0054632544556900585	-0.0026782553756703065	-0.0034112117694945618	-0.007989551022268762	-0.000784220299300916	-0.014976214722296948	0.008840128657834036	-0.013245705179490879	-0.008042736393147136	0.0026403331848357556	-0.011141535060313193	0.004821930906571905	0.0115298211631882	-0.005790740893363272	0.0027572204426234105	-0.015055008877188735	-0.010377302405898424	-0.00012790815559585376	-0.015684343815205587	-0.01302740775237415	0.030604089032436013	0.011309049580277676	-0.006262079870245774	-0.02834240917200205	-0.0004647576695337631	0.0003017327089270014	0.00972148218239264	-0.010278034714753151	0.03636998648736845	-0.010966438464849348	0.023308542708028422	-0.0007949332501207122	0.0028511721861480413	0.0029743089082325874	-0.0156304758515394	0.0034789983501805235	-0.018613688290929038	-0.009462307670189076	-0.004260888818202077	-0.010652547169841297	-0.005650583363505757	0.011367543669056786	0.009071879470283813	0.00023322573643806354	0.0032804396429669683	0.0012905728080219018	0.006845466872295274	-0.008625402120995305	-0.013775123522351895	0.005512741948733465	0.002227638880506596	0.018239650577908113	-0.012130847854251564	0.02287963565675622	-0.0075975806376457206	0.012768352881233696	-0.0074227017702019	0.00819184270240005	7.894188167791819e-05	0.025551944493587962	0.01036531955244144	0.00710755740552445	-0.00037908197029544905	-0.009304755337825247	0.010375958844443008	-0.00474176443016153	0.0055	0.004482142857142857	0.0034642857142857145	0.002446428571428571	0.0014285714285714284	0.00041071428571428563	-0.0006071428571428575	-0.0016250000000000001	0.0	0.0	0.0	0.0	0.0	0.0	0.0	0.0	0.0	0.0	0.0	0.0	0.0	0.0	0.0	0.0	0.0	0.0	0.0	0.0	0.0	0.0	0.0	0.0	0.0	0.0	0.0	0.0	0.0	0.0	0.0	0.0	0.0	0.0	0.0	0.0	0.0	0.0	0.0	0.0	0.0	0.0	0.0	0.0	0.0	0.0	0.0	0.0	0.0	0.0	0.0	0.0	0.0	0.0	0.0	0.0	0.0	0.0	0.0	0.0	0.0	0.0	0.0	0.0	0.0	0.0	0.0	0.0	0.0	0.0	0.0	0.0	-0.0035658013246864725	-0.004097682595460708	0.003568173444248221	-0.003095137389242372	-0.002554643861259289	-0.010243459967952739	0.0020045237800131697	0.003937375732516882	0.0029949025210983748	0.004207587401053558	0.002523005000896863	0.004694786492234179	-0.0030669988288761613	0.002827110052262909	-0.001952963402285131	0.0015785615604521576	-0.0009649817112545175	0.0016743282609646445	-0.004012792217427622	0.002345841904033587	bull
2013-09-30	0.017103901424812273	0.014031124045651207	0.014954313136163841	0.0032519549760175186	-0.0019896035947438097	-0.010402305965121879	0.0023606301646134564	-0.006440688215684168	-0.0017344511537100247	-0.001876829663960273	0.0012407142522978284	-0.004785904991378697	0.004835393148260355	-0.030184819179985906	-0.0076903622764549085	0.0049205549445563695	-0.001996000615742837	0.002946075220527273	0.005266685110330084	0.012902080744190017	-0.007085136101227046	-0.014296187896085182	0.001988464955750982	0.013117119534490365	-0.004102938680574829	0.017269917667753917	0.0018528720581421126	0.012467830699347876	0.0007589951290573266	0.009268608522174256	-0.0028744533129104522	0.009652481843229824	0.005232569126265077	-0.026521073932153815	-0.017735938131071553	-0.01812478569886165	-0.00808910027939035	0.015663213587261905	0.006370663664229293	-0.01408566849742776	0.002089557322302032	-0.0028290693242894196	-0.0007650065434329445	0.021687105700034244	0.0063527290672219	0.013989393904074698	-0.0037187995972786238	0.0012581354669034194	0.004880680101327864	0.021264349466124627	0.015553798033369445	0.0011369425472606237	0.0005280844787066007	-0.013541350646615711	-0.0031934763613725827	-0.010717839730852396	-0.010673238790466997	0.014318175080474742	-0.005294941573838801	0.017659427680025257	-0.010057985594828196	-0.005162112226653646	0.006240468309336883	0.016015801663182363	-0.019208236747283166	0.0061319210707623745	0.004195283446377912	-0.014614107817257136	0.012014110536915932	-0.017960411282479403	-0.01132829838774929	0.00433087320787162	-0.005701927137869307	0.0054729159161801605	0.02286169870882553	0.03402013480454845	-0.0025821247484001985	0.008890416806328946	-0.0023172775098172955	0.00474110436890533	0.0055	0.004482142857142857	0.0034642857142857145	0.002446428571428571	0.0014285714285714284	0.00041071428571428563	-0.0006071428571428575	-0.0016250000000000001	0.0	0.0	0.0	0.0	0.0	0.0	0.0	0.0	0.0	0.0	0.0	0.0	0.0	0.0	0.0	0.0	0.0	0.0	0.0	0.0	0.0	0.0	0.0	0.0	0.0	0.0	0.0	0.0	0.0	0.0	0.0	0.0	0.0	0.0	0.0	0.0	0.0	0.0	0.0	0.0	0.0	0.0	0.0	0.0	0.0	0.0	0.0	0.0	0.0	0.0	0.0	0.0	0.0	0.0	0.0	0.0	0.0	0.0	0.0	0.0	0.0	0.0	0.0	0.0	0.0	0.0	0.0	0.0	0.0	0.0	0.0	0.0	0.0026699310210223696	0.005492932682293205	0.0026619022378273245	0.0041692990893072565	0.005581747277501328	0.003251708550639331	0.004131637935451841	0.006917476219117133	-0.0013225668982597564	0.00012202264814852655	0.004369201327360128	-0.000413366063853082	-0.0016253760305041927	0.0002520550238863163	-0.00316144462519576	0.0005638555293472838	-0.003303203221050196	-0.001316247803389297	-0.00427380647816116	-0.0003880696213918299	bull
2013-10-31	-0.00646032436104804	-0.009567370665563697	-0.0036209821903974266	0.0008068969571410349	-0.004132816995396444	0.014483130912402595	0.017560688886102103	-0.0021183547414129907	-0.0015132614706722216	-0.0053658885456142145	0.0032847941341125103	-0.003163147597101273	0.01980970368069682	0.02040542552715504	-0.0015351342289919936	0.014466515423176438	-0.013135682333459391	0.008013583375217367	-0.0027350246880499204	0.007670250784952972	-0.0003179662191706962	-0.009730935186169536	0.0034417991869654376	0.011226530807069826	6.086298846428906e-05	0.005256711450717962	-0.007498223795880708	-0.018564911682462933	0.005344133138222631	0.002865015771740328	0.009724689569683314	-0.0045404642626703864	0.0037275945996649955	-0.000959424771125986	0.025403220231964455	0.013078408185317277	0.014384441805285182	0.00251064801617974	-0.0012495935841999371	0.0002696768381993608	0.01014460510707311	0.010303729302411073	0.008886885687971734	-0.0036855043974971576	0.008931653748814633	-0.002911156583563275	-0.012777357596527001	-0.015701373389164927	0.006210180505861263	-0.016533748709655814	-0.00023878271539327272	-0.009901020846653778	0.01380923748434715	0.0028171905850540952	-0.013401095187908421	-0.004835094966672433	-0.011763510061284024	0.009084154373279623	0.005819711095604578	0.0015546286663159657	0.012318464356162235	-0.021842160541057167	-0.012481129013973578	-0.0023448804614115727	0.006460485913801493	-0.022173974714667886	0.017140422968207	0.009101725106684005	-0.006120408968678492	-0.0039650973750714824	0.008952194201203283	0.0005001063568878243	-0.022078351987609057	-0.011058481977507001	-0.0014644723398703592	0.006521169805893027	-0.004780546787306085	-0.013573353697903514	-0.014907578863551334	0.00880892932024928	0.0055	0.004482142857142857	0.0034642857142857145	0.002446428571428571	0.0014285714285714284	0.00041071428571428563	-0.0006071428571428575	-0.0016250000000000001	0.0	0.0	0.0	0.0	0.0	0.0	0.0	0.0	0.0	0.0	0.0	0.0	0.0	0.0	0.0	0.0	0.0	0.0	0.0	0.0	0.0	0.0	0.0	0.0	0.0	0.0	0.0	0.0	0.0	0.0	0.0	0.0	0.0	0.0	0.0	0.0	0.0	0.0	0.0	0.0	0.0	0.0	0.0	0.0	0.0	0.0	0.0	0.0	0.0	0.0	0.0	0.0	0.0	0.0	0.0	0.0	0.0	0.0	0.0	0.0	0.0	0.0	0.0	0.0	0.0	0.0	0.0	0.0	0.0	0.0	0.0	0.0	0.0011822683882606396	0.0066914768184051865	9.594517781568346e-05	0.0018134370044667406	-0.0005636589221471485	0.001017686468585314	-0.009901404207504239	-0.0038076593706806716	-0.0006540588291530887	0.0029308422130547252	-0.00480088871343975	0.00108776775698525	0.00010853308627337209	-0.0025250733818057832	0.00011360398663536601	0.0028490195335862255	-0.0029993460559646704	-0.011459617924714683	-0.004654368602392406	-0.0006324428408592025	bull
2013-11-30	0.004551326967998406	-0.010355117749236815	-0.0069960177662562115	0.007223880735272598	0.0005629147445087473	-0.0060025471091857885	0.010588901702286733	-0.011689528879641482	0.017091364095659117	-0.006847412578383044	-0.020125953855917356	0.011994375463264652	-0.026010322651273655	-0.007671141343562371	0.013459611944295149	-0.008181763613888268	0.0021015137253970503	-0.012568278580673196	-0.007083070977099909	0.002065451743261047	0.01890727172291955	0.0007114208803241594	-0.002755430494036157	-0.0024014290618296946	-0.01607024113088011	-0.012425248454007881	-0.005795176994156213	0.001044434980943192	-0.009842474265727116	-0.009909445460587267	-0.010893651190228943	-0.008104314060486163	0.0016926262607477958	-0.016311996236836324	-0.018451000888021946	-0.001134515422540942	0.018257965424538253	0.01739898150581005	0.013125059186357046	-0.008916173076828031	0.0008642049809703756	0.005778875204192583	0.009245686038485157	0.014456436364454362	-0.005999929454832578	-0.0040911011800784085	-0.005564220214366746	0.006212061151693896	-0.012946133698194981	-0.014722920368417814	0.01469164033840184	-0.012530816127307737	0.0006692225787197297	-0.015503501167802927	-0.0015592755841078495	0.01314119269543101	-0.006709213549215272	-0.014782033280371563	0.008803480086117704	-0.00529180072010567	0.021264443540695732	-0.008546978852733015	-0.017765746099329745	0.005840832354813141	-0.0015820533143188844	-0.019335860436763545	-0.006590392360931375	0.005124022341266447	-0.0343336702945285	-0.0336099184303515	0.013739320025735304	-0.005979556372039601	0.0070693610236649725	0.017797799747188904	-0.007441219714352378	0.005544101201774247	-0.0016639637289958288	0.0057958377579534525	0.021516539601019093	-0.010363469399135275	0.0055	0.004482142857142857	0.0034642857142857145	0.002446428571428571	0.0014285714285714284	0.00041071428571428563	-0.0006071428571428575	-0.0016250000000000001	0.0	0.0	0.0	0.0	0.0	0.0	0.0	0.0	0.0	0.0	0.0	0.0	0.0	0.0	0.0	0.0	0.0	0.0	0.0	0.0	0.0	0.0	0.0	0.0	0.0	0.0	0.0	0.0	0.0	0.0	0.0	0.0	0.0	0.0	0.0	0.0	0.0	0.0	0.0	0.0	0.0	0.0	0.0	0.0	0.0	0.0	0.0	0.0	0.0	0.0	0.0	0.0	0.0	0.0	0.0	0.0	0.0	0.0	0.0	0.0	0.0	0.0	0.0	0.0	0.0	0.0	0.0	0.0	0.0	0.0	0.0	0.0	0.005439236661900058	0.0015571067481354667	0.0017711050047175192	-0.0033856063514750064	0.005754711602917076	0.012505939353474674	0.0005046029844094795	0.005186984601818393	-0.0008277160963630017	0.004816976072187328	0.005337074772630791	0.0019524367449324821	0.001087057992767178	-0.001993509233889433	-0.0027178265543446084	-0.0014049268667809768	0.0037740749938064604	-0.0009301554084102616	-0.002595790144475206	0.002603802142436606	bull
2013-12-31	0.02152212753087538	0.019450847691017965	-0.01370411002014349	0.03030738440858912	-0.01932333267772902	-0.013595540428619596	-0.013872481002486385	0.027637548063329298	-0.006982836718040938	0.009387578346250676	-0.0022746389906778634	-0.007542096730084115	0.0114388471852975	-0.01944303044068395	0.003438087387543755	-0.012858621181302925	0.016696739332142385	0.013235206248406264	-0.024800523224483315	-0.012592586913828	-0.00814391912638664	-0.008634298378080323	0.005917076556986831	0.006859863099009212	-0.009941028869963456	-0.009740001144034494	0.021985822501598102	-0.004241736184720576	-0.0015421140135030587	-0.004210330785390241	-0.005859333087466344	-0.012009765196132255	-0.0037011219371932648	0.0015819020231578284	0.020000231724042344	0.005651865327012273	0.01097129590104703	0.003936232675856265	0.004627862589561174	-0.01952956814181151	-0.0007233491052260676	0.01098177122715865	-0.012004435731255559	0.007081597682432311	-0.0007643273101121107	-0.011477348911421596	-0.0006424147659482898	-0.004828915696815173	-0.0020514348461520716	-0.006327903381811862	0.013648627338620024	-0.0009850715231967658	0.02084779725553444	-0.00013710655878126018	0.006082713481975077	-0.01189581784138622	-0.015030258912222727	-0.01460907280297127	0.025876034183393248	-0.013477173340308487	-0.02009596848050228	-0.002393216943008904	-0.014941015111624472	0.006413838845636382	0.012260800006125581	-0.006830356620187226	-0.020185067091437036	0.015362742897608092	-0.003303600480820643	0.00883317984554734	-0.015789936922316547	-0.00505851680101646	0.004469608968784046	0.0029421266353926155	-0.017064167219010794	0.0009994082431321982	-0.011491616828468497	-0.030434764040018786	0.004468729603896752	-0.016220412544817348	0.0055	0.004482142857142857	0.0034642857142857145	0.002446428571428571	0.0014285714285714284	0.00041071428571428563	-0.0006071428571428575	-0.0016250000000000001	0.0	0.0	0.0	0.0	0.0	0.0	0.0	0.0	0.0	0.0	0.0	0.0	0.0	0.0	0.0	0.0	0.0	0.0	0.0	0.0	0.0	0.0	0.0	0.0	0.0	0.0	0.0	0.0	0.0	0.0	0.0	0.0	0.0	0.0	0.0	0.0	0.0	0.0	0.0	0.0	0.0	0.0	0.0	0.0	0.0	0.0	0.0	0.0	0.0	0.0	0.0	0.0	0.0	0.0	0.0	0.0	0.0	0.0	0.0	0.0	0.0	0.0	0.0	0.0	0.0	0.0	0.0	0.0	0.0	0.0	0.0	0.0	0.005243851851536528	-0.00503002872138044	-0.0050659391729467	-0.0032453695586708545	0.005174121779110618	0.0017009295315876774	0.0032844039719519876	0.0030930604479532994	-0.00040400157755199144	0.0032325535304586497	0.009996058647474356	-0.00024306361846725447	-0.0017669564731401552	-0.0009451469470534899	3.3275278431314065e-05	-0.0019818927703339506	0.009560620779601696	0.0010322472843156483	-0.002668959993474761	0.0029265622110465875	bull
2014-01-31	0.005419442167748609	-0.00037694144418224003	-0.013167816740176846	0.00550495491627725	0.0005957315601884579	-0.00397968219511296	0.011104830457198801	-0.0003714172148364251	0.003225577386086227	-0.0197367352831286	-0.010628991085290909	0.005077429552389854	-0.011068930908206272	-0.006818071774173042	0.002095291108286459	0.006767190584760493	-0.0072790845257271084	0.011125848345106227	0.01570106128780337	-0.00486861363125177	-0.002406494447624436	-0.011084463641971824	-0.006469546844117851	0.004623101951885497	0.0198376931021717	0.0037559737075786187	-0.0023730043425011366	-0.004813220456405909	0.02323015327178382	0.013455815937735897	0.0073612044765883275	0.007490076379595514	-0.010122912844528865	-0.001934748209294247	-0.011752687140562587	-0.016094650866671948	-0.00628995964127049	0.023815343287276636	0.007185998545581468	-0.022263924912007942	-0.0066046994427785746	0.005991480042047226	-0.01022728472964966	0.018484050031831005	0.0009111083714168698	0.02233378657194832	0.0071284219048406835	0.002474823193284957	-0.00352833648208682	0.005657873787059913	0.0116962824640579	0.013989779620401389	-0.010861074404535504	-0.010977460181131814	0.00609264492833693	0.022275144024615938	-0.0023388346692805153	-0.0030381272097622803	0.0039909477670519045	-0.010919125814758013	-0.02117485010692054	-0.0014691148012347763	0.003917440011197959	-0.0019321639719103061	-0.018776543595894035	0.0002154133496632799	-0.005509243180605526	-0.0038807734737035	0.00791713782261953	-4.4919775906396575e-05	0.0018794666273988766	0.013276519126567512	-0.010293003956347023	-0.0015214931595088554	-0.010534698231550767	-0.015626297123159334	0.012053958690810848	0.008586334162450802	-0.006395919321708638	-0.005435688906140018	0.0055	0.004482142857142857	0.0034642857142857145	0.002446428571428571	0.0014285714285714284	0.00041071428571428563	-0.0006071428571428575	-0.0016250000000000001	0.0	0.0	0.0	0.0	0.0	0.0	0.0	0.0	0.0	0.0	0.0	0.0	0.0	0.0	0.0	0.0	0.0	0.0	0.0	0.0	0.0	0.0	0.0	0.0	0.0	0.0	0.0	0.0	0.0	0.0	0.0	0.0	0.0	0.0	0.0	0.0	0.0	0.0	0.0	0.0	0.0	0.0	0.0	0.0	0.0	0.0	0.0	0.0	0.0	0.0	0.0	0.0	0.0	0.0	0.0	0.0	0.0	0.0	0.0	0.0	0.0	0.0	0.0	0.0	0.0	0.0	0.0	0.0	0.0	0.0	0.0	0.0	-0.0047344273041231896	-0.005919341771012949	-0.0024739016826874943	0.0062312074086239505	-0.00839119237964629	-0.001343746710859654	0.0002690052277080693	0.004508558970132999	-0.013110234802627704	0.00759162941680845	0.008414346033467333	-0.004891129878933157	-0.0019144384476448525	-0.007927760823880624	0.0006015446482562953	0.002987084135044551	0.007189348053835762	-0.0025480383490067756	-0.0031559096342109495	-0.003185345370810405	bull
2014-02-28	-0.003713217632405978	0.012918120973839393	0.02629088138431025	0.01276462058578288	0.0028805427539974307	0.005447998332154755	-0.011122261775567006	-0.004332443459112294	0.025237065675911018	0.01881129509470166	0.000315648207077655	-0.008907464982858593	-0.011108094643822822	0.019997510120190607	0.006797322760042494	-0.009000152878771202	-0.029336762392697217	0.00966391319884478	-0.0010510141686041	0.012104635922321715	-0.0027565793859620777	-0.015922183563197627	-0.03232658313971892	0.01634506797482075	-0.008140608005261939	0.009964493825704749	-0.011528636818113128	-0.004388594686835711	-0.022316016312681028	0.0006421056891928948	0.01161011929183828	-0.014616464753927498	-0.0032349590233694387	-0.009009784270920316	-0.00024515656418190655	-0.017857704677274683	-0.0018446244733023288	0.0012216926135730395	-0.012681081118290633	0.004242282583097521	0.01574318751053059	0.0030904553635937517	-0.0025255994345790744	-0.01031849885812736	-0.019632400233319705	0.0005939176332122744	0.00601708898694459	0.00048320576998908633	-0.005099435710961884	-0.013332661995520283	-0.006793068716104578	0.001977221660989071	0.014095399058207654	-0.0015305714404513933	0.030285067681516214	0.016099242417346428	-0.006379713815233928	-0.017240151638292726	0.003631891559181018	-0.011319407757167858	-0.018424496822538442	-0.006332425455150496	0.0024334929500470313	0.008084691216798756	-0.023081476493350024	0.015398008187631753	0.001877871541566644	-0.015053376506658972	-0.002030885154538858	-0.019176509767000853	0.0075492184300626425	-0.023679418969642273	0.0028290382124665694	-0.0004537711279424768	0.007105099896002556	0.02553803752367722	0.0026911885521379206	0.006998179014755575	-0.00642629318285075	-0.0045377373572107055	0.0055	0.004482142857142857	0.0034642857142857145	0.002446428571428571	0.0014285714285714284	0.00041071428571428563	-0.0006071428571428575	-0.0016250000000000001	0.0	0.0	0.0	0.0	0.0	0.0	0.0	0.0	0.0	0.0	0.0	0.0	0.0	0.0	0.0	0.0	0.0	0.0	0.0	0.0	0.0	0.0	0.0	0.0	0.0	0.0	0.0	0.0	0.0	0.0	0.0	0.0	0.0	0.0	0.0	0.0	0.0	0.0	0.0	0.0	0.0	0.0	0.0	0.0	0.0	0.0	0.0	0.0	0.0	0.0	0.0	0.0	0.0	0.0	0.0	0.0	0.0	0.0	0.0	0.0	0.0	0.0	0.0	0.0	0.0	0.0	0.0	0.0	0.0	0.0	0.0	0.0	-0.007794999343834536	-0.015166147110177131	-0.001127690816867786	0.012217257759841461	-0.001881563127016405	0.006419723217098568	0.004634806593830384	-0.003021781899897098	-0.006706091048344059	0.0015405219805262427	0.00378144783229817	0.0006125930629094168	0.004402108349951679	-0.004800855277044196	-0.004672428544688048	-0.0011444918187013078	-0.00019462334203444558	0.0008944561380834638	-0.0009972950620947359	0.0019054617263178672	bull
2014-03-31	-0.01590352946663704	0.0061341760582199235	0.006316883057755919	-0.0048079343953523635	-0.011976242364143337	0.025165566979794964	-0.00030593472041449683	0.0074304488040844285	0.003586895491185841	-0.005663367276159657	-0.0028256384018363937	0.006646961861181299	0.0003881658457873978	0.009983272212508023	-0.010495808107860589	0.014704437194361823	0.0006102814600711177	-0.016748457845675965	0.016806045525280824	0.017041891207985285	0.0103074022436993	0.007320107467749749	0.0007810610320336727	-0.02321424227741241	0.009518005555418233	0.0024158538626260053	0.0031684634312844234	0.0026571952542344336	0.01405308276490494	-0.00019024444925021638	0.008873167213964053	-0.009961525604844134	0.005311966538035734	0.006144020618961822	0.00816054216226016	-0.018206699206750443	0.017254698228363837	0.009035454120854368	0.014987289050649097	0.017429512040272002	0.009624165566981431	-0.0023064344940002595	-0.002480403010412754	0.011648962344618053	-0.010398599785826306	0.014191504900309458	-0.020183536702335643	0.006552503338777232	0.004848880502407744	-0.009277548210172641	0.00535806352947282	-0.007050274713931338	-0.006750975029321465	0.015904513217436002	-0.014031333390318397	0.011532305721215242	0.006929887192440647	0.015732618843706275	-0.007624246638626398	0.015949762856901493	-0.00530388532701639	0.017684638581602113	0.013339305229993768	-0.009935976423676048	0.006062007480085749	-0.012052586959767578	0.022735711268597743	0.010348765271802665	-0.02765495033460152	-0.01794695913735773	0.008268375046465682	-0.0110308995551138	0.0020578157680450006	-0.02024820814966838	0.017953633144467532	-0.010268332763169465	-0.014676946580376339	-0.00523448215103111	-0.007383648605445957	8.861638235317474e-05	0.0055	0.004482142857142857	0.0034642857142857145	0.002446428571428571	0.0014285714285714284	0.00041071428571428563	-0.0006071428571428575	-0.0016250000000000001	0.0	0.0	0.0	0.0	0.0	0.0	0.0	0.0	0.0	0.0	0.0	0.0	0.0	0.0	0.0	0.0	0.0	0.0	0.0	0.0	0.0	0.0	0.0	0.0	0.0	0.0	0.0	0.0	0.0	0.0	0.0	0.0	0.0	0.0	0.0	0.0	0.0	0.0	0.0	0.0	0.0	0.0	0.0	0.0	0.0	0.0	0.0	0.0	0.0	0.0	0.0	0.0	0.0	0.0	0.0	0.0	0.0	0.0	0.0	0.0	0.0	0.0	0.0	0.0	0.0	0.0	0.0	0.0	0.0	0.0	0.0	0.0	-0.00501725474190296	0.0013581317672446405	0.012728833551243926	-0.0003163266109858292	0.0026859819993509627	0.008167118423093835	0.005070762008152899	-0.004411632908044722	-0.004182227835074226	-0.006417175137351261	0.0008593684490565776	0.0026723444358858818	-0.0009871332275021355	-0.0011969095496284945	0.008779747381554575	-0.003648925842231466	-0.0016283276733555447	0.0010044123645168296	0.005149049668875216	0.0011059431706467921	bull
2014-04-30	0.02124312888994713	0.005340952430403911	0.01652196015452732	-0.026232752475160638	-0.0002474278096829183	-0.0036289554881663902	-0.008877028110377914	0.023236605328566917	0.009967878910157369	0.008576717043259317	0.0002689414639363539	0.005629195950869609	-0.024575718842185092	0.015207435833484297	0.001044267900399613	-0.0046929540418812745	-0.012898390643673931	-0.009434921391236388	0.002192338117927426	-0.011800166359903889	0.00022128016148952227	-0.018704979910223817	-0.00032131723289508896	-0.021823881851929197	-0.008608854959261326	-0.016293029060312703	-0.00920072919871931	0.009374651927432717	0.003530424329260916	0.01364856037345357	0.0032066590624639695	-0.00691771148111697	-0.0017314803614138718	0.005104264781446624	-0.009142673259063823	-0.019387587530764055	-0.015726307421931814	-0.0011839725654545997	0.011063624411001071	0.007585664006414953	0.0013553981599661793	0.005014796493426287	0.00958301750523095	-0.014098754529262554	-0.003697743532345876	0.00473255252338874	-0.01659503519971327	-0.004802442324470712	-0.022317671125519647	0.008064723017171002	0.005817839757717972	-0.008252214719398188	-0.01006199151555145	-0.01586989446242836	-0.024032940039528865	0.009742391451836583	0.006266420138365026	-0.0007546158698613101	0.011608534787860584	0.003951733612789008	0.02864443622577048	0.006770866826636814	0.031289173285645504	-0.00357574144708419	0.02386472852909611	-0.0048421669771495455	0.007559451998513193	-0.026101056482539815	-0.008463899743848145	-0.0018698309179061333	0.0023218402866974864	0.002624485996486185	-0.02745855657489449	0.020221149176299125	0.0013200144667493178	-0.0155470813327263	0.0060650466879526585	-0.01987093191530784	-0.0010541391217373727	0.021952664475385807	0.0055	0.004482142857142857	0.0034642857142857145	0.002446428571428571	0.0014285714285714284	0.00041071428571428563	-0.0006071428571428575	-0.0016250000000000001	0.0	0.0	0.0	0.0	0.0	0.0	0.0	0.0	0.0	0.0	0.0	0.0	0.0	0.0	0.0	0.0	0.0	0.0	0.0	0.0	0.0	0.0	0.0	0.0	0.0	0.0	0.0	0.0	0.0	0.0	0.0	0.0	0.0	0.0	0.0	0.0	0.0	0.0	0.0	0.0	0.0	0.0	0.0	0.0	0.0	0.0	0.0	0.0	0.0	0.0	0.0	0.0	0.0	0.0	0.0	0.0	0.0	0.0	0.0	0.0	0.0	0.0	0.0	0.0	0.0	0.0	0.0	0.0	0.0	0.0	0.0	0.0	-0.015740459846722715	-0.010325246624639685	0.01765553539773596	-0.003993592907064333	0.008538843388600859	0.004992780288793347	-0.00040115604657115856	-0.010165606037482379	-0.010037175965357161	0.0035227730262003872	0.0003590062751407774	-0.00259839531710706	-0.0033607326370067277	-0.004793619570541989	-0.002721742328636599	-0.008370341882398323	-0.0008717930931855752	0.006944126100792175	0.0047606909077911415	0.00560415590045615	bull
2014-05-31	-0.004177311789231433	0.004196307439654592	0.009997060087599144	-0.0006277913471889173	-0.00467809303003054	-0.002800023496594779	0.014601263528535505	0.00866624636394185	-0.008279283245477248	-0.03034307737463936	0.012956765214876983	-0.0035516926611894846	-0.009822471518670833	0.004357739329489836	0.006318470733225502	0.010456755717234987	-0.017024742577223674	0.015416810984819621	0.008645963232930811	-0.016713609765454607	0.0007840866950669784	-0.000977753757016729	-8.33995120314692e-05	-0.010781669507098123	0.017587601744554895	0.017280570135658414	0.0015522716317134568	0.006077092570613273	0.0036185952674785446	-0.008493349092294057	0.015117203482452875	0.002424556186248218	0.0029426700908456276	0.0018304539916437815	0.005748571204771071	0.008839333348910811	-0.0311349019071164	-0.0020294746909900476	-0.014727358670918109	0.017251229053041522	0.009935402704381369	-0.006557482088805829	0.01625876067549551	0.005100746109602095	-0.015397225907535393	0.0034911757676387577	0.0001769033759379762	-0.02397843888755562	-0.0024596537372892956	-0.006782268785336574	-0.0015683689014582645	-0.004896246968335319	0.013408773615213974	-0.01304291928461535	-0.007961073322158176	0.004472772482489105	-0.0068645267585406315	-0.011827539652646487	0.012089250850419751	-0.003705817024051311	-0.005957180104483615	0.0014879007160733021	0.013808764492603471	0.013532155432872775	-0.006652521977736814	0.008203941839886613	0.02815660267765415	-0.004911668301000112	0.0009238560447811378	0.01546186659072827	-0.010046089540899986	-0.009015695176203417	-0.011010324829793552	-0.0032764518996816964	-0.00015633079315432866	-0.005137135519306406	-0.02321700011443388	0.008185991080057003	0.017529983985705253	-0.014903438597444639	0.0055	0.004482142857142857	0.0034642857142857145	0.002446428571428571	0.0014285714285714284	0.00041071428571428563	-0.0006071428571428575	-0.0016250000000000001	0.0	0.0	0.0	0.0	0.0	0.0	0.0	0.0	0.0	0.0	0.0	0.0	0.0	0.0	0.0	0.0	0.0	0.0	0.0	0.0	0.0	0.0	0.0	0.0	0.0	0.0	0.0	0.0	0.0	0.0	0.0	0.0	0.0	0.0	0.0	0.0	0.0	0.0	0.0	0.0	0.0	0.0	0.0	0.0	0.0	0.0	0.0	0.0	0.0	0.0	0.0	0.0	0.0	0.0	0.0	0.0	0.0	0.0	0.0	0.0	0.0	0.0	0.0	0.0	0.0	0.0	0.0	0.0	0.0	0.0	0.0	0.0	-0.008261706570468095	-0.012140248330085542	0.003867556340715131	-0.006545655432881372	0.006154108341981435	0.0021965313321705223	-0.0013413903349362686	0.0009989429511450606	-0.0005519467784885615	0.006327442564980265	-0.0028885226569891243	0.0017864296108937479	0.0010197360342101241	0.004471798291543656	-0.0009951437588553472	-0.008569031678316762	-0.003135078298163804	-0.00034203165073272315	-0.004495352658293835	-0.005574338243698639	bull
2014-06-30	-0.012400435149518144	0.028817447510119394	0.005610718642355123	0.0034788259673465107	0.004349795484224648	-0.026225073508828047	0.0037893114145105024	0.0021106026026276896	-0.010844283469541631	-0.00020927270564508356	-0.015501498288681574	-0.001145151873492013	-0.004552113065769102	-0.008472189925288911	0.007438350890801907	-0.013314392476733017	-0.010873913209387102	-0.0010433253109554074	0.0013574774602849282	-0.009429582117147029	0.0035935560026369258	0.011744021450687188	0.008000096433627877	0.0033166277834032953	0.027447112989475757	-0.013945471574974782	0.0072161397484864255	0.016806621310952476	-0.004973789167396668	0.00229821324598148	0.006328614826516332	0.000984044983871758	-0.015467331690481138	0.0016054808350988274	-0.01387216745348609	-0.005576964689364913	0.0071383418690545404	-0.03607195108483057	0.0063150570771316064	0.013358881120294293	0.028062266772382854	0.006598635483206795	-0.01832922948587908	0.0048641527830776896	-0.01633985337141328	0.0013463226335666185	-0.0021281218726140376	-0.01351390383286336	0.01356776325760835	0.009431675960101823	-0.007183847531315203	0.0011730546408110637	-0.007409795487476763	0.015619457875893259	0.009181159444535016	0.012694204964223512	-0.00018423903688236787	0.025090605525029494	0.008279905721047353	-0.015306371450529658	-0.011514719485415369	0.0026520753669350234	-0.004741949403217368	0.008671805903521653	-0.01516447428291944	0.014581980044060671	0.0027944275851724417	-0.01711389607388309	0.018626075911299705	-0.00362025418552965	-0.0009050852921809835	-0.008405870178833994	-0.012398782238761357	0.008840886968109472	-0.006529733535950964	0.009427006807086477	0.01529274688558435	-0.0008387628203037224	0.019969096401662015	0.004445436900320341	0.0055	0.004482142857142857	0.0034642857142857145	0.002446428571428571	0.0014285714285714284	0.00041071428571428563	-0.0006071428571428575	-0.0016250000000000001	0.0	0.0	0.0	0.0	0.0	0.0	0.0	0.0	0.0	0.0	0.0	0.0	0.0	0.0	0.0	0.0	0.0	0.0	0.0	0.0	0.0	0.0	0.0	0.0	0.0	0.0	0.0	0.0	0.0	0.0	0.0	0.0	0.0	0.0	0.0	0.0	0.0	0.0	0.0	0.0	0.0	0.0	0.0	0.0	0.0	0.0	0.0	0.0	0.0	0.0	0.0	0.0	0.0	0.0	0.0	0.0	0.0	0.0	0.0	0.0	0.0	0.0	0.0	0.0	0.0	0.0	0.0	0.0	0.0	0.0	0.0	0.0	-0.012214839937019915	-0.012882394823000087	-0.0005815929484942455	0.00575987981848587	0.000598122410187091	0.0006246132901300946	0.0005260569228921533	0.013114893310864881	0.003838143802723603	0.013757948032252991	-6.164686366226459e-05	0.001308028194924924	-0.004467851980897253	-0.00418977365006585	-0.00454927787503922	-0.0005105004596514607	-0.00037239202485002653	-0.004541926868603193	0.002135481177590574	0.005044951116618111	bull
2014-07-31	-0.0074049730760557195	-0.004319570124254557	0.013604228500349837	0.004885450801363975	-0.003120114577511421	-0.009500228916999061	0.004278342520228397	0.015171615856827579	-0.006770759190032261	-0.007138719217763493	-0.005552754543789572	-0.0038041459676224445	-0.012700408346982668	0.032029191332809216	0.007946670969423374	0.012501781360565838	0.005726644583812042	-0.0015684183738285539	0.013023016101758714	0.0005890826081151222	-0.015275598104137188	-0.002595794284483078	0.005472654639429991	-0.0007279929325561409	-0.005769352912164052	-0.010695755293667309	0.014136674511220911	-0.008962537134991962	-0.013384231732163885	-0.0021036632205873197	-0.008449322486698569	-0.030690268027768954	0.006081811631834108	0.0010661076792425738	-0.0022559720877095	0.010494430932819276	-0.0016954744639353899	0.011293081049447637	0.0020948568422573303	0.020490666266056803	-0.010964229495501264	0.0006753601287023186	0.009231769063563487	-0.013680808850859608	0.009175222334578698	0.0031353182391587863	0.005681593652267255	-0.01024285352481209	-0.00016513529334921906	0.010433127660912093	0.00986877540548032	0.0045817227205406	0.02071105256103408	-0.02015441258673955	0.0014495633872446442	0.009988150126713405	-0.0020078580498930445	-0.003640012536799894	-0.0012303792031782446	-0.006572936995254793	0.005273226006041616	0.0004973549244576919	0.006923385647622743	-0.0008948447846064463	0.0003259481093881889	-0.008053312418724465	0.015034744357914572	-0.0015784491453802144	-0.01850838050230498	-0.025461302655072113	-0.005255484456026439	0.0001494082089782533	0.01040281089366953	-0.0005283958609191049	0.012251460332897922	-0.00933423902014024	0.012279465377648024	-0.00029167673768931376	0.010441645630042986	0.0016364055125503395	0.0055	0.004482142857142857	0.0034642857142857145	0.002446428571428571	0.0014285714285714284	0.00041071428571428563	-0.0006071428571428575	-0.0016250000000000001	0.0	0.0	0.0	0.0	0.0	0.0	0.0	0.0	0.0	0.0	0.0	0.0	0.0	0.0	0.0	0.0	0.0	0.0	0.0	0.0	0.0	0.0	0.0	0.0	0.0	0.0	0.0	0.0	0.0	0.0	0.0	0.0	0.0	0.0	0.0	0.0	0.0	0.0	0.0	0.0	0.0	0.0	0.0	0.0	0.0	0.0	0.0	0.0	0.0	0.0	0.0	0.0	0.0	0.0	0.0	0.0	0.0	0.0	0.0	0.0	0.0	0.0	0.0	0.0	0.0	0.0	0.0	0.0	0.0	0.0	0.0	0.0	0.011650309291838686	-0.00392272575516874	-0.0027062659013317807	-0.0019462502037213053	0.001517525370434245	-0.009215552396841667	0.00023934162868163562	0.00767695156503536	0.01178845873533291	0.006734221401715966	-0.00022685379930146047	0.0005136456720600889	0.0017370461932004005	0.000795177757536099	0.0001657299636944568	0.002905187009707531	0.0027024704891139817	-0.0040340739522838	0.0024047398138022577	-0.0055060036513661405	bull
2014-08-31	0.016412886364064586	-0.001989226284816026	-0.00556125356967462	-0.0205727846440228	0.009296089496754492	0.005486133658740155	-0.005937260781308155	0.001519543268459283	0.005429389768842058	-0.013582014761369323	-0.006035959310709294	0.005716185731453728	-0.00021633433525248486	0.012968499386673655	0.007656201749169219	0.004713352906981394	0.012137795512773518	-0.009680410144167652	-0.006819868579198217	0.027540323116527182	-0.016974281757299113	0.02060417826084745	-0.004758239824108481	0.016309880086236985	0.0006776379454897195	-0.027215389262945457	0.006019077495543688	-0.008161551670581713	0.0080395051449287	2.1137551319407388e-05	0.00923593382113257	0.014193500375249525	0.02400017247688707	0.0031779631371813243	-0.003371138404112282	-0.003818240849008233	-0.005966198498913735	-0.009678154306921247	0.004570208104121868	-0.003316917223665112	-0.0007627065770543343	-0.017523626213797047	-0.00588533944787593	-0.011535623686148234	0.0056787658254310825	0.0048820401058340636	0.0006547321270792022	0.022053348957341398	0.02248367866077059	-0.015574531479621786	-0.029297615528474815	0.004573720760748602	0.015902373730619986	0.004992783538555984	0.01932639322659506	0.012407293849693626	0.011173545956146282	0.0059921376927817285	-0.008519731023645076	0.019950628719300336	-0.015239509396133675	0.009876022963271187	-0.012182403439056433	0.0008967021328105206	-0.0057557417189078395	0.015918257960695622	-0.010625956388641299	0.0013877001585962186	0.002534143982824381	0.008037454035307083	-0.00798836102836723	0.00398339129839012	0.007581738303033134	0.006726427049397495	0.011631095367464	0.009710239011082441	-0.023841262493455535	0.004687667551487489	0.01545206623034891	-0.011617858115342543	0.0055	0.004482142857142857	0.0034642857142857145	0.002446428571428571	0.0014285714285714284	0.00041071428571428563	-0.0006071428571428575	-0.0016250000000000001	0.0	0.0	0.0	0.0	0.0	0.0	0.0	0.0	0.0	0.0	0.0	0.0	0.0	0.0	0.0	0.0	0.0	0.0	0.0	0.0	0.0	0.0	0.0	0.0	0.0	0.0	0.0	0.0	0.0	0.0	0.0	0.0	0.0	0.0	0.0	0.0	0.0	0.0	0.0	0.0	0.0	0.0	0.0	0.0	0.0	0.0	0.0	0.0	0.0	0.0	0.0	0.0	0.0	0.0	0.0	0.0	0.0	0.0	0.0	0.0	0.0	0.0	0.0	0.0	0.0	0.0	0.0	0.0	0.0	0.0	0.0	0.0	0.004029978373924852	-0.01232197037767735	-0.010810887502212777	0.0017774484532354093	-0.001976719706950932	0.001166729767489585	-0.0032982680289616127	-0.008875464271159574	0.006968495029298894	-0.009568989023669984	0.0038081816207617466	-0.003897993912854299	0.006588220762916628	1.1164183565170148e-05	-0.0014941262895213582	-0.005168101616584874	-0.002639934328156975	-0.004620248776548118	0.0045575172482511545	0.0044758123830939455	bull
2014-09-30	-0.002952206617510597	-0.011344096155824185	0.007686632219937938	0.00021676967323129006	-0.004401909548317167	0.00023964351268132363	-0.006643435429819173	0.001795108876848227	-0.003200548402592103	0.004186014537314757	-0.009076550022661787	-0.012403488205922332	-0.002321043483692476	-0.019419129887469726	-0.00012859256765071345	-0.0018414232317498763	0.001723240096520031	0.006359000901862378	0.001693655374133153	0.007662575675895642	0.003419132289781718	0.0006824276928168222	-0.00818609281696888	-0.009594978907631889	-0.009600337530788582	0.008109816509636216	0.0032775245996876996	-0.006660908929478783	0.01604858972774673	-0.00955790881735785	0.017097491153963015	-0.008723547345070169	-0.0032268969908822616	0.027320055307759564	-0.012374348737428051	-6.964182677558726e-05	-0.026682520625562495	0.011157643468902273	0.005492163884578375	-0.020547709671590426	0.017102706841987378	0.0077650664295199024	-0.009743465407172632	0.002113671206240667	-0.020021421585868584	0.0030784631985771695	-0.008025464090433716	-0.0005600789443806231	0.0004847948022520496	-0.0163763385685784	-0.01630498312803838	0.025113943322205488	0.017258078324959777	0.004671517175099834	-0.010364336121790182	0.015864389584099865	-0.017006200164721437	-0.024460308614732664	-0.005696258991809698	-0.008213588222929091	0.010989393050650888	0.003939313908276119	0.0021825149006403795	0.006730467793840227	0.009000467455417044	-0.022998075164729233	-0.013112506734580249	0.00647811474318927	-0.011048357838163677	0.0029710645846518953	0.010388902476654768	0.018028935893136103	-0.0065651223475361046	0.014647341903592433	0.023174368131840806	-0.004390533864089949	0.018571859908885758	-0.0009017669634863601	0.022391228422559358	0.001452891500442475	0.0055	0.004482142857142857	0.0034642857142857145	0.002446428571428571	0.0014285714285714284	0.00041071428571428563	-0.0006071428571428575	-0.0016250000000000001	0.0	0.0	0.0	0.0	0.0	0.0	0.0	0.0	0.0	0.0	0.0	0.0	0.0	0.0	0.0	0.0	0.0	0.0	0.0	0.0	0.0	0.0	0.0	0.0	0.0	0.0	0.0	0.0	0.0	0.0	0.0	0.0	0.0	0.0	0.0	0.0	0.0	0.0	0.0	0.0	0.0	0.0	0.0	0.0	0.0	0.0	0.0	0.0	0.0	0.0	0.0	0.0	0.0	0.0	0.0	0.0	0.0	0.0	0.0	0.0	0.0	0.0	0.0	0.0	0.0	0.0	0.0	0.0	0.0	0.0	0.0	0.0	0.006608239132111122	-0.01078894295881678	0.004112235580079561	0.012124279214522273	-0.0019729059481797834	-0.004020506637216312	0.008132433511995494	-0.0003090158501228087	0.00528109569247242	-0.006990113638864339	0.0005951447145428348	-0.004081730680798096	0.0032837524051803706	-0.005320127708970242	-0.0001795373560380466	-0.00034379457433613586	0.003080090774061073	0.0008192600434475396	-0.0013937041977855674	0.0051712464131637	bull
2014-10-31	0.0021236952893276375	0.009216486996437038	0.019267554094070407	0.010296605932850538	-0.007798833469444672	0.01137223149111794	-0.03141069486563731	-0.032137302422099716	0.0013264416122241642	-0.005754436889722084	0.010045014928748696	-0.006719344662012501	-0.0037721012105127578	-0.033766094533264034	-0.010468681349752398	-0.005365876537226113	-0.0026700660948855643	0.00975612073231094	0.02809352107008209	-0.011474915995191452	-0.000409438995420433	0.0011915921455148534	0.000763818451858512	0.001224398675108124	0.010485957489531466	-0.00830326766991145	-3.953360147328255e-05	0.0006166375469973272	-0.008451449201454034	-0.00820159746310818	-0.007490726461699789	-0.006069900397899737	0.0008157149485416901	-0.014574983309708276	0.003674577841530374	0.000663004075700632	-0.0060455201067705746	0.01206878344872737	0.007819712172147447	0.009773532048103538	0.009851489015128287	-0.0014933293668342017	0.0014310151010254275	0.0031017154414164517	0.008496968198682718	0.014262664531009005	-0.009600564850989724	-0.007626845303418206	-0.0008240670909237453	-0.013482593969480514	-0.014294474622526745	-0.006068272075551589	-0.020680696337045137	-3.9623656260316004e-05	-0.013615741144618663	0.0038212217375385954	-0.016040856693699715	0.02840813558571542	-0.016593079523260175	0.02710108895665246	0.007328673360536735	-0.01056137856645319	0.000323680932266614	0.004742407489513046	0.019110142561909703	-0.004470294133867958	0.011772569956805805	-0.01516058353538867	0.001814719613275446	-0.007369873507470286	0.007199376744968676	-0.009389152874499495	-0.0072986640374614305	-0.021343090360556996	0.0016289501674244112	0.01042305565043312	0.025380755039052037	-0.008299664149546838	0.019226663401234256	-0.01914501975071842	0.0055	0.004482142857142857	0.0034642857142857145	0.002446428571428571	0.0014285714285714284	0.00041071428571428563	-0.0006071428571428575	-0.0016250000000000001	0.0	0.0	0.0	0.0	0.0	0.0	0.0	0.0	0.0	0.0	0.0	0.0	0.0	0.0	0.0	0.0	0.0	0.0	0.0	0.0	0.0	0.0	0.0	0.0	0.0	0.0	0.0	0.0	0.0	0.0	0.0	0.0	0.0	0.0	0.0	0.0	0.0	0.0	0.0	0.0	0.0	0.0	0.0	0.0	0.0	0.0	0.0	0.0	0.0	0.0	0.0	0.0	0.0	0.0	0.0	0.0	0.0	0.0	0.0	0.0	0.0	0.0	0.0	0.0	0.0	0.0	0.0	0.0	0.0	0.0	0.0	0.0	-0.0037286724775839504	0.0009358950494994071	-0.002347648940076678	-0.001892375204699503	0.0011695185964532631	-0.0027670418910141124	0.0067942748649676005	0.0012349612599819107	-0.00488653583962983	0.0065821515050053766	-0.0009842845319385154	0.0019756062529356147	0.0022041491690169834	-0.001176330370790103	0.00607360089066078	0.002932856724579687	0.0001318482782025485	-0.0022359639147419693	-0.006908090312546673	0.004781371338934407	bull
2014-11-30	-0.01094047025808642	-0.003939097325403773	0.01266018159173714	0.0026394469039063657	-8.586434446438036e-05	-0.016828222490163577	0.01175221127590988	0.004232004260135454	-0.017743375355233095	0.018921993386868136	0.010184013270323313	0.016043807209701146	-0.02360695389550141	0.01541819659747578	0.001015643792135975	0.0003915075403763259	0.0015118498063246186	0.0031498668904732393	0.018704969051023448	-0.019913857762063506	-0.003294812228413108	-0.0027858429297691594	0.001269168501382118	0.0070415486171309435	0.02069849403450899	-0.0158620507823705	-0.0058317220928307345	-0.005396438802093957	0.002193186043086283	0.0015244523124680377	-0.009037028588923628	0.008908979286815862	-0.009035788089951039	0.0026638855532813517	0.0042187181533129454	-0.0015059570204971717	-0.0030640720613776752	-0.00046140147938494234	0.012439049315074233	0.012129604775676208	0.007720645693076595	0.007461968401788809	-0.030734450334887985	0.013361138152622597	-0.004541117924349468	0.016475138750534638	0.018162110567574212	-0.004844708804186418	0.016835435065444937	-0.005029765341221155	-0.006059722974937636	0.01390458158460251	-0.01218316534156687	-0.016570297070558553	0.01673045358851147	0.003828480147989895	0.002597200625208655	-0.0045968428105728956	0.002963463859117689	0.01875933290124883	-0.02938798848818429	0.000549779080997678	-0.003009161746260896	0.011646632313894768	-0.0020871464578738055	-0.005002566418617331	0.007456135164386654	0.015966076999142178	-0.0026947070865035493	0.028753320048201258	0.015051890784754076	-0.010609260146021957	-0.004310202724901971	-0.02303561979951905	-0.00014304416181153373	0.006682606452815077	0.007307177314812828	0.004035321984726043	-0.0014155928328205625	-0.011064388595125638	0.0055	0.004482142857142857	0.0034642857142857145	0.002446428571428571	0.0014285714285714284	0.00041071428571428563	-0.0006071428571428575	-0.0016250000000000001	0.0	0.0	0.0	0.0	0.0	0.0	0.0	0.0	0.0	0.0	0.0	0.0	0.0	0.0	0.0	0.0	0.0	0.0	0.0	0.0	0.0	0.0	0.0	0.0	0.0	0.0	0.0	0.0	0.0	0.0	0.0	0.0	0.0	0.0	0.0	0.0	0.0	0.0	0.0	0.0	0.0	0.0	0.0	0.0	0.0	0.0	0.0	0.0	0.0	0.0	0.0	0.0	0.0	0.0	0.0	0.0	0.0	0.0	0.0	0.0	0.0	0.0	0.0	0.0	0.0	0.0	0.0	0.0	0.0	0.0	0.0	0.0	0.014429633130323433	-0.003361048931626467	-0.012484976156005946	-0.0018544343534169184	0.0053927439301781795	0.01027160423553482	-0.0068237352815170346	0.007777916164509378	-0.003249756462324115	-0.005286077415376536	-0.0013418214752057014	-0.003906893952393356	0.004432851514741631	0.002825074040610459	0.0005185707281781307	0.0019086781706515038	-0.001998070366908515	0.0019061181462624826	-0.0025301630164195664	0.008454064738437917	bull
2014-12-31	-0.013330675069881516	0.006368228791956711	-0.005549257760648789	-0.004874347054267682	0.008832862343289342	0.010282638383579217	0.001624368962629659	-0.0009881527028262013	0.0027280827838099273	-0.0021972443965577884	0.004152348570828739	0.001640673714569592	0.006818005176900714	-0.013838436905846102	0.012580217749727684	0.004165492222291912	-0.0005774601392962398	-0.013477236496510593	-0.01493595265952959	0.03916593942564287	-0.006611756611186937	-0.013729803929165715	-0.005258049546322009	0.005881921341200425	-0.03360540254371221	-0.007974887229403522	-0.021259267698734683	0.001665281260003936	-0.001017442901195188	-0.0063139383989545906	-0.007517523283336467	0.021628179164259274	0.005147879376972579	-0.0025707391066044343	0.008824818998513177	-0.017965925502873282	-0.0013719305740577835	0.01777834388304721	-0.0029212761989907575	-0.011482244400269232	-0.008045651962742421	0.0023347231265261983	0.023123726712255634	0.005783248044182629	0.0022170894941933436	0.014832695952078607	0.0030676549759275275	0.012432966019544281	0.014177438311257092	-0.009833097564824983	0.004968061382796519	0.014709496910403715	-0.011180236635770932	0.018526306435780023	-0.014620000619642606	0.002284087059115294	-0.0008544569529456119	0.007750584926116808	0.008412408510372253	-0.011324229075732176	-0.008155958114013756	-0.014763532208511055	0.021461639870433334	0.011124256003202224	-0.00891203982778565	-0.0011372353493690837	-0.014666826604022808	-0.0027041115464727368	-0.002541013547516485	0.005263806300556826	0.00680100557810572	-0.005131983483748869	-0.014810551779533701	0.001221914203073653	-0.02313614227791137	-0.0004395884328749383	0.0027532468741133186	0.003982164388894855	-0.027981836617791515	0.003479366987197059	0.0055	0.004482142857142857	0.0034642857142857145	0.002446428571428571	0.0014285714285714284	0.00041071428571428563	-0.0006071428571428575	-0.0016250000000000001	0.0	0.0	0.0	0.0	0.0	0.0	0.0	0.0	0.0	0.0	0.0	0.0	0.0	0.0	0.0	0.0	0.0	0.0	0.0	0.0	0.0	0.0	0.0	0.0	0.0	0.0	0.0	0.0	0.0	0.0	0.0	0.0	0.0	0.0	0.0	0.0	0.0	0.0	0.0	0.0	0.0	0.0	0.0	0.0	0.0	0.0	0.0	0.0	0.0	0.0	0.0	0.0	0.0	0.0	0.0	0.0	0.0	0.0	0.0	0.0	0.0	0.0	0.0	0.0	0.0	0.0	0.0	0.0	0.0	0.0	0.0	0.0	0.00520246954705265	-0.004721448700471201	-0.0010857901339466959	-0.006674956565036313	-0.006711043195224236	-0.0025497717538271246	0.0008677166025854912	-0.005585926281880336	0.013364132106808752	0.0018040260535255553	9.555990731701552e-05	0.001461965557315105	0.0017429476061084745	-0.0021949719941121654	0.0032297692515009125	-0.005334075128565137	0.001159936833339871	-0.002506838747282958	0.006963164593571784	-0.0009902331425918646	bull
2015-01-31	0.024788854295512017	0.010446186588853497	-0.0032841412336141657	0.021157251554219443	0.01106687112683771	0.02020838370007717	0.0011642758874950805	-0.005709638971152231	0.017084246339693757	0.028693637957271832	-0.0033188768052220085	0.015602277395323107	0.015986909844456665	0.004888216364949438	0.00907891792272967	-0.0021473082326095984	-0.004564547561124404	-0.007852703220918349	0.005163927987202871	0.008887964527860498	-0.001590519784443785	-0.003681871231403953	0.002015531339160342	-0.0007224905580962773	0.006008150737192753	-0.021221019844803023	0.0017007201669135311	0.002482772288325521	0.010783435076869411	-0.003967944677772982	-0.01221109903557822	0.0021367254592106503	0.00675200423968622	-0.0009566099353342854	-0.004562621700057075	0.015364375733113524	-0.005663266530846699	0.014359670327918635	0.013171757205214213	-0.00399493323655363	-0.00955526209850176	-0.006516759198190002	0.003997434274415618	-0.01660590739359422	0.018392835162121198	-0.013326018819161645	-0.0013346708140478457	-0.02038911113962245	-0.0018100436177708721	-0.0037882953612385873	-0.0034390248477799146	-0.011147302559860935	-0.003685391315243533	-0.013458111810340841	0.0004320036513035515	-0.025580758211816743	-0.009720117261039031	-0.0019139930935722401	-0.0032619084325198958	-0.013312222091166611	0.02512364374863929	0.01848480078871101	-0.0107435737528828	0.006536739665355014	0.005696236826537022	0.026788973127124537	-0.005274672860563545	-0.030418261955069054	0.016266570493565065	-0.012342795989646098	0.005009325220903558	-0.009029200210784554	0.0007190161634545693	0.005088831425642101	0.020033326169537975	-0.02817503281687672	0.018894155418145254	-0.005998077604489414	-0.002727923761596954	0.007166946746688966	0.0055	0.004482142857142857	0.0034642857142857145	0.002446428571428571	0.0014285714285714284	0.00041071428571428563	-0.0006071428571428575	-0.0016250000000000001	0.0	0.0	0.0	0.0	0.0	0.0	0.0	0.0	0.0	0.0	0.0	0.0	0.0	0.0	0.0	0.0	0.0	0.0	0.0	0.0	0.0	0.0	0.0	0.0	0.0	0.0	0.0	0.0	0.0	0.0	0.0	0.0	0.0	0.0	0.0	0.0	0.0	0.0	0.0	0.0	0.0	0.0	0.0	0.0	0.0	0.0	0.0	0.0	0.0	0.0	0.0	0.0	0.0	0.0	0.0	0.0	0.0	0.0	0.0	0.0	0.0	0.0	0.0	0.0	0.0	0.0	0.0	0.0	0.0	0.0	0.0	0.0	0.001038778445532924	-0.0052898675157197275	-0.004016763849402963	0.0062420388221022015	0.004256366837389321	0.007403510463763811	0.012604218772638292	-0.0016728860387314054	-0.00017098622463300765	-0.008978994855951983	0.005557967514144082	0.001953876222370121	5.112767906323559e-05	0.0014450907751044953	-0.00017930930245960955	0.007363948749612245	-0.005459563423996677	-2.7947854360613515e-05	0.0036388364254913	-0.0015990948057119521	bull
2015-02-28	0.020609229013592655	0.016081498042307386	0.015960320403512546	0.006920303880676562	0.015060756719562213	-7.723869980442132e-06	-0.004623949899957221	0.0030579914087869036	-0.0023464203937418626	0.01788219227895943	0.012514449407080548	-0.01863374026522051	0.006963448198761756	0.015228072370267708	0.0045164492402129264	0.00812031955141807	0.004590607275663284	0.01400636082435394	0.007531098028018884	0.005434870432952579	0.000985896616352999	-0.018370634768017115	0.014272172317698084	0.019151705087719663	0.025454911131741843	-0.003438076838249814	-0.004144880142231755	-0.02351531209747859	-0.007772739418440011	0.008288733196990725	0.011038325397713699	-0.010273068075390482	-0.0024565564026761866	0.0075887782014271805	0.009647785488192447	0.004141430203370581	0.004771728095579559	0.029949944724989172	-0.012896431678688812	0.015935328306649843	0.007822369162925462	-0.014960809710191513	-0.013909943206713762	0.009473023685285612	0.0007934012703421637	0.00864636469425248	-0.02082699293073848	-0.00033294573818260946	0.001767013593396083	0.016958095106835963	-0.0012797793811481497	-0.006848068442879167	0.013433037328952352	0.010105982605434036	-0.008945228033007506	-0.005176664287038726	-0.008846882041385864	0.0089011789569787	0.013125202466806403	-0.009007130101955937	0.00126435723027906	0.0028567003250305795	-0.015690153137159796	0.002204695314626024	0.006238965071339823	0.015385583415496146	-0.005625641796889519	0.00322941402599023	0.006424626353926738	-0.012002637293685314	0.004311298543946615	-0.0057581189200239975	0.000517005706399613	0.007078902754546607	0.010194553171052759	0.0005617922787693084	-0.0056022946339369835	0.0007322250822766594	-0.026854358529622393	-0.01152935011525032	0.0055	0.004482142857142857	0.0034642857142857145	0.002446428571428571	0.0014285714285714284	0.00041071428571428563	-0.0006071428571428575	-0.0016250000000000001	0.0	0.0	0.0	0.0	0.0	0.0	0.0	0.0	0.0	0.0	0.0	0.0	0.0	0.0	0.0	0.0	0.0	0.0	0.0	0.0	0.0	0.0	0.0	0.0	0.0	0.0	0.0	0.0	0.0	0.0	0.0	0.0	0.0	0.0	0.0	0.0	0.0	0.0	0.0	0.0	0.0	0.0	0.0	0.0	0.0	0.0	0.0	0.0	0.0	0.0	0.0	0.0	0.0	0.0	0.0	0.0	0.0	0.0	0.0	0.0	0.0	0.0	0.0	0.0	0.0	0.0	0.0	0.0	0.0	0.0	0.0	0.0	-0.0015093369464842905	-0.007927347617080222	0.0012141690337396944	0.0018308576989479338	0.006179126034757369	0.010416399505101162	-0.0035660659286429613	0.0006595226179456845	0.0024699089270661624	-0.008441981184173865	0.0016799425694454888	0.0064648333274294435	0.0038010831728310427	0.002770136613644753	0.0005399294147964012	0.0034751668134177112	-0.005077092807478294	2.1461316016580962e-05	-0.004458733056591804	0.004741836705199149	bull
2015-03-31	0.0017497883941073348	0.022354421471529565	0.0009014591964915048	0.013122288225137372	0.006894269890510009	-0.007026944175101688	-0.0024356603151313625	-0.009533821809251749	-0.005728202314548658	-0.005773496660503372	0.007330049001210816	-0.0052191967830704745	-0.012027429412006203	0.006686814351293373	-0.014977747464230765	-0.003953617796697303	-0.01186067544405441	-0.0103973549755907	0.01049025139466867	0.0010734006993964604	0.012090771319958737	-0.0019097696187240245	-0.002552311866922072	-0.0032132817771116954	-0.007474563010120393	-0.002368768363972065	0.006722306604944566	0.004564318706048713	0.0047488992373176725	0.008611914341651079	-0.0026008101978832934	-0.01682823078063688	-0.007935265915678351	-0.0015790666396106317	-0.0031460232240893096	0.01892089293083321	-0.002118203706145284	-0.008837356229969036	-0.006308689994818119	-0.0022642647049816718	0.009433673508201948	-0.005653184825487828	0.006186866667200423	0.0029073870220291268	0.0067609450184587935	0.0035172810822574146	-0.001892127237699249	-0.013143421909504191	0.007591830463668595	0.03418621448234559	0.01725002838661765	0.009353929582817543	0.005631996467017971	-0.018690211629169198	0.014659976722801516	0.01362576546532913	0.00455591572140853	0.0033717961106504027	-0.006646534740077155	-0.007459375737963477	-0.0007237128294040453	-0.007183182449659877	0.02147135884701355	-0.01101876329934488	-0.02150326289356926	-0.01851829804573327	-0.009898215061960227	-0.0064265345340349415	0.010775646898702362	-0.004256568137083431	-0.012254961729393112	-0.0049107375605663755	0.00020154665342520705	0.004875934300565268	-0.00900919070671576	-0.027703634096976324	-0.014830341050977044	0.011075775918831856	0.008101360152973414	-0.006397666634396823	0.0055	0.004482142857142857	0.0034642857142857145	0.002446428571428571	0.0014285714285714284	0.00041071428571428563	-0.0006071428571428575	-0.0016250000000000001	0.0	0.0	0.0	0.0	0.0	0.0	0.0	0.0	0.0	0.0	0.0	0.0	0.0	0.0	0.0	0.0	0.0	0.0	0.0	0.0	0.0	0.0	0.0	0.0	0.0	0.0	0.0	0.0	0.0	0.0	0.0	0.0	0.0	0.0	0.0	0.0	0.0	0.0	0.0	0.0	0.0	0.0	0.0	0.0	0.0	0.0	0.0	0.0	0.0	0.0	0.0	0.0	0.0	0.0	0.0	0.0	0.0	0.0	0.0	0.0	0.0	0.0	0.0	0.0	0.0	0.0	0.0	0.0	0.0	0.0	0.0	0.0	0.002692138540316247	-6.591567260821451e-06	0.008532464863783252	0.003555976046087803	0.00692266246267729	-0.0009895017598125768	-0.0020262951295480576	-0.001035042290532359	-0.0012959321339712673	-0.007080654653370069	-0.0005471970701474104	-0.0040348312051962185	-7.398930338462341e-07	-0.004723755568591363	0.002659201095291024	0.0038819993288273236	-0.00967144907893928	0.004200180672919299	-0.0008672600635945387	0.0026986522684392163	bull
2015-04-30	0.007095686081625144	0.02086985575510024	0.008310501630798769	-0.011741051130615231	-0.005247578160801579	-0.0008191873019621037	0.00567156464663217	0.007384469519452128	-0.023807082232903957	0.006273413445251804	-0.010375519257762197	-0.00586833813335992	0.0072662494919653	-0.016240784116915805	0.011114112122830776	-0.009774867903919068	0.017444884414731906	-0.010923232844436758	-0.00562999119679154	0.005893006731209038	-0.025862750616393225	-0.016271330261694042	0.006340270725543242	0.004903948898635909	0.012619478462511258	-0.00536688792960572	0.006061523299646514	-0.000860265217008643	-0.017870973843417185	-0.011719103757286582	-0.018549422081602575	-0.009800030877415326	0.01619600151189889	0.013993110381928851	0.014569379827477887	0.0027925384032976225	0.0024880199788242766	-0.007749430650464005	0.007252194890405667	0.0003005320897896986	-0.005195042601785723	0.0019400206977690539	0.017244551466216725	-0.006145880436101324	0.003928191378966756	0.013019948682564635	0.007373332272857841	0.005046233307081305	-0.00032069069141457034	0.0023450193186962467	-0.005663368795213666	0.011138902661686016	-0.006058436213504511	0.007015857815044696	-0.009880078349598542	-0.0024862990197819755	-0.031509237025691784	0.011073189693006538	0.013067868089234292	-0.002122322303787084	-0.0013326472070372742	-0.010823830245363025	0.02545677510562787	6.236361508315571e-05	-0.007251966823201881	-0.0057493496286261155	0.009890330636363354	0.006530943832489189	-0.013295965513435776	0.008230483516932273	-0.008744584266324766	-0.02124304357576546	0.012357855600083565	0.01086098104682982	-0.018803691764201092	0.01930736775894945	-0.016537401033459447	-0.013338015815971486	-0.015847901804692786	0.00257853272377196	0.0055	0.004482142857142857	0.0034642857142857145	0.002446428571428571	0.0014285714285714284	0.00041071428571428563	-0.0006071428571428575	-0.0016250000000000001	0.0	0.0	0.0	0.0	0.0	0.0	0.0	0.0	0.0	0.0	0.0	0.0	0.0	0.0	0.0	0.0	0.0	0.0	0.0	0.0	0.0	0.0	0.0	0.0	0.0	0.0	0.0	0.0	0.0	0.0	0.0	0.0	0.0	0.0	0.0	0.0	0.0	0.0	0.0	0.0	0.0	0.0	0.0	0.0	0.0	0.0	0.0	0.0	0.0	0.0	0.0	0.0	0.0	0.0	0.0	0.0	0.0	0.0	0.0	0.0	0.0	0.0	0.0	0.0	0.0	0.0	0.0	0.0	0.0	0.0	0.0	0.0	0.006567856341465902	-0.006462321139629885	-0.0039982823925209885	-0.0022672214230707506	0.002634036945123215	-0.0030660827470032873	0.00023620273437315379	0.002200866891489135	-0.0014208354991290723	-0.0033092955088194955	-0.0018525994972822457	-0.008334996609308209	-0.007811667362663494	-0.0030621361852781652	0.00014833753725286255	0.010043862572943665	-0.011089188612079649	0.002834391003553302	0.001522921120069543	-0.0028850193237859	bull
2015-05-31	-0.007005699188570646	-0.0019845950803733655	-0.004688299561567405	-0.0010199264819976059	-0.0007683480813761331	-0.010445018817407331	-0.0157785484888613	-0.0029992370537734337	0.0014400894020645454	-0.004149649601581279	-0.005002560031438051	-0.010484434823702461	-0.0033313071353520056	0.011747538880702594	0.009736893590988666	0.000144131390954363	-0.005447398495914467	0.004529754359722383	0.008452386074328178	-0.0007465129428268022	-0.010416214507192984	-0.004471546206965941	0.0021013066620785468	0.0013996763554222451	-0.008156081033395317	0.01051738531445457	-0.01490025921723498	-0.014507597455713787	0.027739449349748178	0.004433226713038181	-0.0019478136221343326	-0.005192519325064042	0.0025311781934518936	-0.0010691059035907238	0.0045936467052651335	0.02403016604629919	-0.014982350862924617	0.0074460616539528315	-0.007255410638645842	-0.009668776676475449	-0.0031282348958354485	0.02506944278705667	0.005384887529161867	0.005725322407038607	0.004944604089262853	-0.01730993378800073	0.022566053440857957	0.0011899472663684612	0.0006492327138626688	-0.003714591878594972	0.014287607072093544	0.009886255451328606	-0.011068625034497405	-0.006084712151643527	-0.0012912333431762191	0.010339220389969584	2.9909547970548133e-06	0.002358216518908445	0.010389751078762695	-0.014050280452888501	0.00407453011156209	0.003405921348284616	-0.016907851722587148	0.02295389878212924	0.0031693241560520513	-0.00427403418438368	0.008326614443122009	9.184529872833074e-05	-0.018754715060475807	0.01805712653043211	-0.0414535507639148	-0.024337158757857198	-0.003144247072870134	0.007888236414212057	-0.00601555651936805	-0.002058350270678672	0.00831892120976579	0.0058368123956253825	0.00039802911025037143	-0.0009455064851155361	0.0055	0.004482142857142857	0.0034642857142857145	0.002446428571428571	0.0014285714285714284	0.00041071428571428563	-0.0006071428571428575	-0.0016250000000000001	0.0	0.0	0.0	0.0	0.0	0.0	0.0	0.0	0.0	0.0	0.0	0.0	0.0	0.0	0.0	0.0	0.0	0.0	0.0	0.0	0.0	0.0	0.0	0.0	0.0	0.0	0.0	0.0	0.0	0.0	0.0	0.0	0.0	0.0	0.0	0.0	0.0	0.0	0.0	0.0	0.0	0.0	0.0	0.0	0.0	0.0	0.0	0.0	0.0	0.0	0.0	0.0	0.0	0.0	0.0	0.0	0.0	0.0	0.0	0.0	0.0	0.0	0.0	0.0	0.0	0.0	0.0	0.0	0.0	0.0	0.0	0.0	0.0014932356945846063	0.001967113023628619	-0.0005203420216990437	-0.004457608601798734	-0.00840518824296971	-0.0007379391782928024	0.004391958376068896	-0.00590178177698962	0.0021681013561612368	-0.0079143272664351	0.000582100323106365	-0.006394337328381442	-0.0067444479243914945	0.00979027766652123	0.004208026734726284	0.001189215400285833	-0.00045454788587427977	-0.0013484770761197809	0.0054820253774779965	0.007497998237473721	bull
2015-06-30	-0.018248733878980315	-0.0032460995524197234	-0.008676283346940055	0.013149064780454802	0.014634618529632755	-0.0038526164036927425	0.016874875225054688	0.009453282743184606	0.007801606202137508	0.0036152134095754824	-0.008575637549163156	0.0012522000537011654	-0.004370861361466347	-0.009205558958578598	-0.0019527222308210895	0.009706928583349891	0.015696012640330548	-0.0040361415965339915	0.026573931909666337	-0.010188221303958078	0.020005947159374707	-0.008541513939687181	-0.02542712922181996	0.012755361369852839	0.016743753370781992	0.011815309095109137	-0.005138086022874478	-0.0017994493789686478	0.011795979998796035	-0.02317151065642011	0.027509058468847693	-0.005132380661114968	0.01957840166243297	-0.023359472563690212	0.00249466700385271	0.0020004763524977035	0.010666306215489764	-0.004523785289272864	0.004319216783906709	0.014782910549529854	-0.013577245552529767	0.014862182579838554	0.00024030698548914626	-0.015097334909196694	-0.01135644372229225	-0.007978772132743853	0.006614598111411022	0.002414070654594123	-0.010641007263788532	-0.01856056147326241	0.007065871523199057	0.013924266756151148	0.009284238995775936	-0.0056160232157883875	0.01773578175169463	-0.008180237232946095	-0.005304828569961774	0.009033214721561048	-0.017298282548534726	0.013700872792708615	-0.013627816269295129	0.007800527082811283	-0.00018605084674343732	-0.003975898986664534	-0.01533362338123509	-0.017197168200647386	0.0016139709708592417	-0.019068437082032756	0.0029209480955274506	-0.014228474782635897	-0.026942657807048843	0.0031950705890050873	0.011121828710063711	-0.0046356515731944565	0.002606880790902759	0.025260567781509084	0.01570883434690127	-0.0036526988431765097	0.0008734898023577653	-0.01658159599224418	0.0055	0.004482142857142857	0.0034642857142857145	0.002446428571428571	0.0014285714285714284	0.00041071428571428563	-0.0006071428571428575	-0.0016250000000000001	0.0	0.0	0.0	0.0	0.0	0.0	0.0	0.0	0.0	0.0	0.0	0.0	0.0	0.0	0.0	0.0	0.0	0.0	0.0	0.0	0.0	0.0	0.0	0.0	0.0	0.0	0.0	0.0	0.0	0.0	0.0	0.0	0.0	0.0	0.0	0.0	0.0	0.0	0.0	0.0	0.0	0.0	0.0	0.0	0.0	0.0	0.0	0.0	0.0	0.0	0.0	0.0	0.0	0.0	0.0	0.0	0.0	0.0	0.0	0.0	0.0	0.0	0.0	0.0	0.0	0.0	0.0	0.0	0.0	0.0	0.0	0.0	-0.0032529840445295203	0.0013137308896226292	-0.007907749055048824	0.00551211278647697	0.0033343415770815676	0.001659487586217483	-0.004910645216092398	-0.0015079049979740888	0.005732430712046392	-0.00988912969008363	-0.0021821666412789793	0.0009871725031846998	-0.004330788785851509	-0.005378655553399337	-0.002719447049271373	0.0029926795212266073	-0.001759222866487966	0.0027835132109278547	0.001971434354682989	0.0035457141202995066	bull
2015-07-31	0.03071545644818085	0.01371576775453539	-0.011401039997467612	-0.004197635583769028	0.004334780262700456	6.55125561062832e-05	0.004682840022252541	-0.00778032892060254	0.02489564284400567	-0.019308425551358324	-0.004400437992744268	-0.020593553989115648	-0.002556460814957522	0.004102963223218247	-0.007987726842045146	-0.019620744050919313	-0.018038543103612366	-0.0030931568784670314	0.010601483514527228	-0.01413053659129644	-0.004173629040919252	0.003185093003934103	-0.010413178890184626	0.0021838054617885293	0.015627938058991035	0.0009597694203946685	0.004479038028714175	-0.002629280869727141	0.0037874976738573748	-0.00044082976816148863	-0.007699139540630325	0.011108167950214281	-0.0012793555919068623	0.0066479962544216745	-0.013901084761667298	-0.011445113401844577	-0.00902906140086311	0.012276434527176264	-0.0038649266824718823	0.016367557684072172	0.0006379428458504975	-0.002731306991308508	0.00017280602975757023	0.008659864442703348	0.008621508441573235	0.001596074376529166	-0.022913008010988566	0.014206412940891764	1.7987445341702726e-05	-0.022962362842172547	0.020457747793498453	-0.007093842171735995	-0.005092422161259535	-0.006495294842564622	-0.013716910435920038	-0.0009501192524036954	-0.024556089719185024	-0.00042679956467242465	-0.009399516487151703	0.01336956994955797	-0.03554158101866391	0.0018882871505875398	-0.011329453740097277	-0.021964973367195082	0.004183571482884684	-0.008368467754501854	-0.005120403789475917	-0.0212143550122386	-0.012342257133928438	0.010956798895746063	-0.006026668215747929	-0.0014909124486825877	-0.0004195039419831154	-0.002091748772862046	0.010643697504125698	-0.0037408611427039657	0.002456614992587855	0.011329415120760203	-0.0015458268424301343	-0.0014124153606046865	0.0055	0.004482142857142857	0.0034642857142857145	0.002446428571428571	0.0014285714285714284	0.00041071428571428563	-0.0006071428571428575	-0.0016250000000000001	0.0	0.0	0.0	0.0	0.0	0.0	0.0	0.0	0.0	0.0	0.0	0.0	0.0	0.0	0.0	0.0	0.0	0.0	0.0	0.0	0.0	0.0	0.0	0.0	0.0	0.0	0.0	0.0	0.0	0.0	0.0	0.0	0.0	0.0	0.0	0.0	0.0	0.0	0.0	0.0	0.0	0.0	0.0	0.0	0.0	0.0	0.0	0.0	0.0	0.0	0.0	0.0	0.0	0.0	0.0	0.0	0.0	0.0	0.0	0.0	0.0	0.0	0.0	0.0	0.0	0.0	0.0	0.0	0.0	0.0	0.0	0.0	0.0015811236929544506	0.0015542028307876832	0.00028881352622154536	0.004292999084476842	-0.008120836330929443	0.006289174364261865	0.005667307613177069	-0.003276296396448027	0.003257902731209974	-0.009201432456128453	-0.0008058104673487552	0.0016496922499944216	0.0056134242152590386	0.0015912612852973852	0.006328969308903149	0.0070933291489861236	-0.0007007080243735678	-0.0037713676951450508	4.257365572602368e-05	0.0026169204782205864	bull
2015-08-31	0.006940316408014344	0.0032138878185054166	-0.024783576327858024	-0.0071650620451693785	0.002189372124185102	-0.01964731525540298	0.010219071167434483	-0.002982460749318073	-0.010916752873848771	-0.00330924026135255	0.015829666183242552	-0.005090258432459151	-0.010594542405066763	0.0005504901114193779	-0.0008367051098744341	0.020140853035717287	-0.007763973911488767	-0.0076288283163861575	-0.013133352455664125	0.012708915093332293	-0.014355162734426297	-0.006829968666331342	0.0030749960292879505	0.0012668331175591811	-0.0018490324753740635	-0.01414251674120956	0.0032953089777868036	-0.006936271531484494	-0.00802094533194224	-0.007362165858100881	0.02676013805957382	-0.014102529993867786	0.022842823236776638	0.009650816773702784	0.016879654345290353	-0.009840721830236572	0.0022205900213195275	-0.008875621253511844	-0.0011745301296446126	0.010357102401873413	-0.016560051394596768	-0.000604165059856434	0.007574055050348372	-0.013089143093898598	0.008766171734453798	-0.008246199522623633	0.01542275861616771	0.010827214430381397	-0.00011553462905365215	0.002110840766207566	0.0010273184085946572	0.0068057023527372945	0.02552973675349823	0.016622490275892323	-0.009311812715277212	0.016319451429481536	-0.010024721255908598	-0.002536637749842687	0.011754675621261207	0.006641634463667673	0.010630782558930924	-0.00540761729398964	-0.02084672396428764	-0.00515889584499981	-0.001413717074035175	0.028286802562152952	0.0057624970388506945	-0.024093706123130235	0.0010783723583628123	0.0022736799201426914	0.007176551924612852	0.00289018856292257	-0.023450727535495108	0.0011995288560501813	0.010287696007710088	-0.0053979100617030235	-0.019404017868898848	0.0018406202627146533	0.03883518940667337	0.011752920380823782	0.0055	0.004482142857142857	0.0034642857142857145	0.002446428571428571	0.0014285714285714284	0.00041071428571428563	-0.0006071428571428575	-0.0016250000000000001	0.0	0.0	0.0	0.0	0.0	0.0	0.0	0.0	0.0	0.0	0.0	0.0	0.0	0.0	0.0	0.0	0.0	0.0	0.0	0.0	0.0	0.0	0.0	0.0	0.0	0.0	0.0	0.0	0.0	0.0	0.0	0.0	0.0	0.0	0.0	0.0	0.0	0.0	0.0	0.0	0.0	0.0	0.0	0.0	0.0	0.0	0.0	0.0	0.0	0.0	0.0	0.0	0.0	0.0	0.0	0.0	0.0	0.0	0.0	0.0	0.0	0.0	0.0	0.0	0.0	0.0	0.0	0.0	0.0	0.0	0.0	0.0	-0.004978935280904073	-0.003761374587834169	-0.0035757416579344148	0.00865363473057682	0.002653824526049118	-0.0007057283355213807	0.007250293544686176	0.0003581311505588533	0.00014362639576871207	-0.009086056352228823	0.002293474642948527	-0.002311364671820945	-0.0006755551725601457	-0.00121423336800586	0.0021091093804812126	0.008538261080232139	-0.003636672215790125	-0.0071729777596553565	0.010838405232471988	0.0047919925723270244	bull
2015-09-30	-0.0004464078308479714	0.001423018820349598	0.0018627388848712243	0.024316788309313494	-0.00155994445790866	-0.006190005080899328	-0.006296554045606875	-0.005319472345335139	-0.015761207385473618	0.022338689718755668	0.005083454269726383	0.0291942520024137	-0.007227178717337902	0.022232249159457623	0.002548696570408695	0.02088336456812121	-0.018610016296346676	-0.003640269710944789	0.01192732192689785	0.030790236790756306	-0.01778842232951037	-0.007049485690912797	0.012066515982842278	-0.0005864021181994319	-0.016868581289727454	0.0037671062478805703	0.02212831860469991	0.009123951655680385	-0.002124677532924787	0.009752933193555935	-0.008449965324177336	-0.026241391245779098	0.018665391629815772	0.0003227153069647879	-0.0003532821113889186	-0.002923903064228815	0.012082841239735428	0.0033940896981582316	-0.009519556475048213	-0.00314948104844175	0.009830431567097408	0.015968422863657843	0.0020532908582773343	-0.006017963834664918	-0.011016929074939544	-0.005266210982589871	0.03129747831459144	-0.02194919337705124	0.01105790086878997	-0.02340311177364622	0.018786709299899937	0.012732095810557321	-0.006599060362808364	0.015275838789248685	-0.012063484495049693	0.004991712868286466	-0.01477797147111973	0.015612306860499258	-0.022780363027677393	0.007025768488650076	0.012966517855580324	0.004193277468798955	0.014234183695562539	0.010975173511352429	-0.01353733152964416	0.01119606915935271	-0.011463203702951523	0.001187011857128385	-0.02752246669773542	0.016643099673573896	0.01805018351359003	0.008169361837106828	0.014092110527898846	0.022078131971940022	0.005289939074958846	0.00525599520250272	0.007679508308642557	0.0015157590167170843	0.017169001459033047	0.006323928188766513	0.0055	0.004482142857142857	0.0034642857142857145	0.002446428571428571	0.0014285714285714284	0.00041071428571428563	-0.0006071428571428575	-0.0016250000000000001	0.0	0.0	0.0	0.0	0.0	0.0	0.0	0.0	0.0	0.0	0.0	0.0	0.0	0.0	0.0	0.0	0.0	0.0	0.0	0.0	0.0	0.0	0.0	0.0	0.0	0.0	0.0	0.0	0.0	0.0	0.0	0.0	0.0	0.0	0.0	0.0	0.0	0.0	0.0	0.0	0.0	0.0	0.0	0.0	0.0	0.0	0.0	0.0	0.0	0.0	0.0	0.0	0.0	0.0	0.0	0.0	0.0	0.0	0.0	0.0	0.0	0.0	0.0	0.0	0.0	0.0	0.0	0.0	0.0	0.0	0.0	0.0	0.006864926635386119	0.002335448226771125	-0.003634751560316902	-0.0030905772996972095	-0.015558769615713062	0.008171783540667735	0.008794109401938493	0.010340035364748519	0.008745985189033287	-0.009687067796284912	0.0012114578853366538	-0.0017951529147276534	-0.0009270570241701285	0.0013662286443258858	0.0033294761447064465	-0.00034961149929281206	0.0014258132790299044	-0.003943571814526392	0.005006619534533568	0.006989462994742772	bull
2015-10-31	-0.010056571251675292	0.027806539228040893	0.009138313345376322	0.0131106538128076	0.010062471608632047	0.006801240432849504	0.0014306262450594395	0.013581933479482474	0.006381790539092498	0.011432204790576286	0.01306166417403666	0.014991490380177866	0.004512865762683511	0.004511868666732434	-0.00013284951304385177	0.01790350826068526	0.00648177524732597	-0.012320453087470649	0.014706447460594964	0.015707657843452634	-0.004980606316757514	0.005404491308400822	-0.009979611138814076	-0.008223353499038093	0.004868158241671326	0.0027694129777492958	-0.004298010832802572	0.00916229051546271	-0.015542358290317587	0.007481584205572214	-0.001377613670409382	0.006109628398277324	-0.01357974005672022	0.0009783679910469938	0.0028303398853780745	0.010095875282934673	0.008728095016836157	-0.020006866866684823	0.010398559162428801	0.010286381045441028	0.019146342508016344	0.0060679212089367685	0.0017741283218673921	0.0066365241283300675	-0.016438592125644018	0.0019186179893936977	-0.014493409211387063	-0.0040762588880267	0.013861287566410453	0.011821834889075034	0.005809502899273103	-0.0048905519091232115	-0.00016202919361148896	-0.01667042858826838	-0.004121712013547243	0.001339637091824094	0.0051863843534466995	-0.001508878435385979	-0.01511150831438727	0.005533111878851838	0.008293475731742793	-0.016801119737680573	0.0027462237541927424	0.0007530478804117034	0.030079719062706407	0.005593287769875173	0.013002559879265447	-0.002783388098311509	0.03145013333547052	0.009660486343003384	-0.0022040999578187164	-0.007477979447052605	0.02494777382418255	0.016911209439884656	-0.016050673985418352	-0.019927934008491327	-0.0008688641943995773	-0.0033423721893365214	0.000750649039711755	-0.0023630663844751297	0.0055	0.004482142857142857	0.0034642857142857145	0.002446428571428571	0.0014285714285714284	0.00041071428571428563	-0.0006071428571428575	-0.0016250000000000001	0.0	0.0	0.0	0.0	0.0	0.0	0.0	0.0	0.0	0.0	0.0	0.0	0.0	0.0	0.0	0.0	0.0	0.0	0.0	0.0	0.0	0.0	0.0	0.0	0.0	0.0	0.0	0.0	0.0	0.0	0.0	0.0	0.0	0.0	0.0	0.0	0.0	0.0	0.0	0.0	0.0	0.0	0.0	0.0	0.0	0.0	0.0	0.0	0.0	0.0	0.0	0.0	0.0	0.0	0.0	0.0	0.0	0.0	0.0	0.0	0.0	0.0	0.0	0.0	0.0	0.0	0.0	0.0	0.0	0.0	0.0	0.0	-0.015890554271501614	-0.010092940049417586	-0.019558215050677213	0.0016154580895171781	0.0016971014954672565	-0.003688177388140458	0.00240405337099168	0.00203459328765986	-0.002537102759781094	-0.0013261105946486829	-0.005036485897594956	6.948606674220443e-05	-0.004611365864505652	-0.0008748427936858482	-0.0016922429141355082	0.0030698312621142	-0.006006755431202586	-0.00527566173429634	0.0023494133903722903	0.003346031229899296	bull
2015-11-30	-0.007018498492534258	0.00904881583523965	-0.02513717582748448	0.019535772638443805	0.01162773929311892	-0.01993751451110755	-0.006721076886152368	0.018686980579282905	-0.01788347277066776	-0.00881686878691987	0.0009357887227424458	0.0010901229271315553	-0.030079072081236606	0.000870606097539815	-0.017413481064753836	0.00025085032599199566	0.021210440787227103	-0.00015768309162960274	0.004712881869710695	0.003357811447001902	-0.018037463765271947	0.004768896755026661	0.0052110192149344885	-0.006169728745617491	-0.01272642693911868	0.009706658131427782	-0.019362059883044767	0.013683688575357967	-0.011338608073872415	-0.024578263786311016	0.00991218035901502	0.010091896607517307	-0.020711660692552807	0.0070674031555848695	0.006640449170038067	-0.003768044015285055	-0.0060136175221125	0.00834431860284838	-0.01010480639987267	-0.019748338301814744	-0.003004540882061874	-0.008326321441701432	-0.009946737215538367	0.0034171281638396417	0.0062544190744905845	0.015169403075828876	-0.005807428325203095	0.01143318464835598	0.0033979892587071995	0.005413520785976366	0.004119291992729843	-0.006303435378544938	-0.0076464742225442455	-0.006300338699843902	0.01422535938008862	-0.019451415370351097	0.01911988307101081	0.0006809001864377611	0.009390576528379059	0.0051971595325366726	0.0046866429200705965	-0.0028602799219976808	0.019034995501893	0.007272242998198716	-0.0065040163514795005	-0.026424975485534553	0.007656690605387641	0.003717398459624995	0.002069280216787704	0.002920891454562525	0.012211722866001824	-0.005449737167131312	-0.007536865655015568	0.011319424269707943	0.013983367014675271	0.005539377479973852	0.0003678664933987368	0.005132328448927076	-0.008573370851100923	-0.032615916548695015	0.0055	0.004482142857142857	0.0034642857142857145	0.002446428571428571	0.0014285714285714284	0.00041071428571428563	-0.0006071428571428575	-0.0016250000000000001	0.0	0.0	0.0	0.0	0.0	0.0	0.0	0.0	0.0	0.0	0.0	0.0	0.0	0.0	0.0	0.0	0.0	0.0	0.0	0.0	0.0	0.0	0.0	0.0	0.0	0.0	0.0	0.0	0.0	0.0	0.0	0.0	0.0	0.0	0.0	0.0	0.0	0.0	0.0	0.0	0.0	0.0	0.0	0.0	0.0	0.0	0.0	0.0	0.0	0.0	0.0	0.0	0.0	0.0	0.0	0.0	0.0	0.0	0.0	0.0	0.0	0.0	0.0	0.0	0.0	0.0	0.0	0.0	0.0	0.0	0.0	0.0	-0.006621709296851325	-0.005421655298012316	-0.0012742838536151917	0.0007819750609964201	-0.008586749101712692	-0.0014769893978785742	-0.002074132907564346	0.011577375261280538	-0.005417492710262461	-0.006396571082205819	0.002374048102218746	-0.004257231607129262	0.00040568418520862807	0.0026777464074454922	0.0009096194570245358	-0.0008555103775417889	-0.014685852220357887	-0.0025454538805971838	0.003278745473564471	0.0003313460247042513	bull
2015-12-31	-0.017434729170401488	-0.0024986262225220983	0.004604570555810561	-0.011755192704200994	-0.019971713521635306	0.009572102362320393	0.005904517530705358	0.0014755034714212705	-0.008980785714930892	0.019349736057135834	0.004092122646055486	0.006658748073279334	-0.01519219858362023	-0.011632495778951526	-0.015097387273793695	-0.023548110485063025	0.00021701845731553757	0.007128643916806839	-0.010340533218077642	-0.0007132205028201892	0.007379851864324804	-3.0610815284839036e-05	-0.017007849988231447	-0.013629362826726952	0.01744097315509836	0.0072921047806667316	0.004686494427996321	0.01058115967103645	-0.009377234354651591	-0.0045043245896409295	0.011652485956290577	-0.006235222030509856	-0.014237405869430416	0.01552818990237036	-0.013887084582907452	-0.0008612999910619826	-0.001215453968319131	0.023217611140722134	0.0005283811760686089	0.015945907936737405	-0.014014886555125056	0.0007656045147063391	-0.0057107584108733525	0.002871063257953499	-0.010856195030827066	0.008846032010750899	0.003680801956716232	0.005443362609797045	0.005663599220460371	-0.013018724173644174	-0.0020261994703300026	0.020308991246324567	0.019290271772498004	0.0072631068579883645	-0.009765468077856627	0.022894427870496552	0.010553876494402007	-0.006796033378373239	0.022471193316812927	-0.004214236712573266	0.0026958826734794737	0.010865190484637362	0.004867437658228316	-0.007184504108647612	-0.022563516089724567	0.010489621006123924	0.003276490827043256	0.010625585080201417	-0.0074686071178217	-0.009349444834645969	-0.0005423329031545122	-0.01135973574604509	0.010417479131342363	-0.006975780777219216	0.01371077141250373	0.005164727066798843	0.013123383507418197	-0.011894583645015928	-0.004122319402601565	0.0011296119848423383	0.0055	0.004482142857142857	0.0034642857142857145	0.002446428571428571	0.0014285714285714284	0.00041071428571428563	-0.0006071428571428575	-0.0016250000000000001	0.0	0.0	0.0	0.0	0.0	0.0	0.0	0.0	0.0	0.0	0.0	0.0	0.0	0.0	0.0	0.0	0.0	0.0	0.0	0.0	0.0	0.0	0.0	0.0	0.0	0.0	0.0	0.0	0.0	0.0	0.0	0.0	0.0	0.0	0.0	0.0	0.0	0.0	0.0	0.0	0.0	0.0	0.0	0.0	0.0	0.0	0.0	0.0	0.0	0.0	0.0	0.0	0.0	0.0	0.0	0.0	0.0	0.0	0.0	0.0	0.0	0.0	0.0	0.0	0.0	0.0	0.0	0.0	0.0	0.0	0.0	0.0	0.007716065646664388	-0.010480727150721472	0.0006980286909805282	-0.0026298000694018175	0.009942402559629884	-0.0018092727804578774	0.0024693827280672805	0.004964649929977422	0.0031658298123741434	-0.0053180025084221035	0.001732117065789584	0.009945439941835504	-0.0011635601887936763	0.0009428413187270127	0.002976959696309424	0.0025050190103672746	0.0007779437868692647	-0.0009620321454622052	9.200843631965139e-05	-0.006162539224757988	bull
2016-01-31	0.0007717713843145325	0.022164343774224753	0.0184788040409902	-0.018087556931700718	-0.008046918639319348	0.0019403271366907034	-0.003913659533865331	0.004261045398510556	-0.0029430160461182556	0.02108200355662121	0.0060765023904128255	-0.006580022307650494	-0.0052691851140392425	0.0001839848689789598	0.024491499513258103	-0.0006304606414677279	-0.012967766117155943	0.0218761296614391	-0.0014934627219659958	-0.0048757145337650866	-0.008704763723739588	-0.027032455177374425	0.005061109536478171	-0.002642416168436875	-0.007299423317754738	0.004867857172791017	-0.014033178467658192	-0.005724677559689303	-0.01804343526499126	-0.029388621964822625	0.0028346360114175967	0.009190384238183968	-0.01377467705750001	-0.016336130697836612	0.007319041874644326	0.01139757774251379	-0.008603303964015457	0.004185608760391784	0.010310672234635167	0.003362867137371013	-0.005006479630004618	-0.010380106160410131	0.027238073740838878	-0.015842724834360916	-0.0033730250821905794	-0.013555088395668985	0.004143594636571995	-0.01405124592434658	0.0029477124012410177	0.015549659010659531	0.003940918952929066	0.011359629019218413	0.007539352747982674	-0.004306801873304004	0.020378290225134862	0.0036717603576269324	0.0014195752474437631	-0.006636462149844998	-0.0032883560671966732	-0.0017293578730483087	0.010780833784592093	-0.020706253244148317	-0.02283466227699176	0.007389937698389589	0.0049794257070688245	-0.012618139235400406	-0.008335336595617263	0.033471679440767066	0.019224266373211552	0.011308277174687409	-0.006765215042317591	0.006060109634435638	-0.020813671582421943	0.0015332299266160756	-0.00028380328077120284	-0.008460366594873737	0.021555116921410253	0.006670466117030088	-0.009542164975827314	0.03044646909488912	0.0055	0.004482142857142857	0.0034642857142857145	0.002446428571428571	0.0014285714285714284	0.00041071428571428563	-0.0006071428571428575	-0.0016250000000000001	0.0	0.0	0.0	0.0	0.0	0.0	0.0	0.0	0.0	0.0	0.0	0.0	0.0	0.0	0.0	0.0	0.0	0.0	0.0	0.0	0.0	0.0	0.0	0.0	0.0	0.0	0.0	0.0	0.0	0.0	0.0	0.0	0.0	0.0	0.0	0.0	0.0	0.0	0.0	0.0	0.0	0.0	0.0	0.0	0.0	0.0	0.0	0.0	0.0	0.0	0.0	0.0	0.0	0.0	0.0	0.0	0.0	0.0	0.0	0.0	0.0	0.0	0.0	0.0	0.0	0.0	0.0	0.0	0.0	0.0	0.0	0.0	-0.005652657394582845	-0.0018297570190401557	0.005702548053430933	0.0065353478818039245	0.0150122907740509	-0.004452748608632627	0.004300278492326521	-0.007868785197332154	0.0024311548570143645	0.0011530935714394446	0.005420043295749021	0.00607089777288086	-0.004835017464533935	0.0008583368312132223	-0.002888579358676758	-0.003853582044544351	0.006295167250804666	-0.0029670270052759894	0.002841072459959445	0.005347153494997456	bull
2016-02-29	0.014434311218914224	-0.018783239920368774	0.027186675433336346	0.018709622517795756	0.006397448286772895	-0.00013094085108585605	0.005943441566522528	-0.006250416942764618	-0.0037101894099755895	-0.024129667232484144	0.010398971654471128	-0.020976982646701146	0.0013068348920367728	-0.0018995835976505187	-0.0012466707519677377	0.014175057212277752	-0.009784369789760446	0.01974087772811691	0.007833658900823484	-0.008694979135495905	-0.006819280859964967	0.006947002522639981	0.015508169664921918	-0.0029315649900820907	-0.008738912923324346	-0.010424002908045807	-0.006273775893451494	-0.007037332418236571	-0.0048202414541004416	0.012514980996206158	0.013959858039172726	0.014277389123008006	0.0004600205598812154	-0.015648610169902898	0.005975745399507323	-0.01526105165361923	0.005494546680488969	-0.0066241949438160695	-0.0015855379514190747	-0.012897627709570873	0.001327070964911688	-0.00015244625901705264	-0.0028360807732489886	0.0043040628090141855	-0.01896612787926159	-0.008454804220447424	-0.016932098791383743	-0.006142680155249396	0.009405789878601706	-0.0209383818791557	-0.006376435784535107	0.0046093660714893805	-3.332635178993093e-05	-0.037394600324679846	-0.016224886750701637	0.0014738572602916952	0.01211953887935639	-0.007211030471773349	0.006648332442946552	0.022121511947834408	-0.02695674977222734	0.0004603193234952921	-0.006726797272563048	-0.00878727091069084	0.002204985159154011	-0.004968686227277893	0.0043021413277556115	-0.010951900768456714	0.0013067868650771426	0.004427894811526049	0.0039638579955135495	0.019829300757552706	0.007609293982456789	0.01225742316481007	-0.012138194543894299	0.007031651768689555	-0.009580950940250563	0.000858548684008677	0.0018366624858940463	0.00402692457536188	0.0055	0.004482142857142857	0.0034642857142857145	0.002446428571428571	0.0014285714285714284	0.00041071428571428563	-0.0006071428571428575	-0.0016250000000000001	0.0	0.0	0.0	0.0	0.0	0.0	0.0	0.0	0.0	0.0	0.0	0.0	0.0	0.0	0.0	0.0	0.0	0.0	0.0	0.0	0.0	0.0	0.0	0.0	0.0	0.0	0.0	0.0	0.0	0.0	0.0	0.0	0.0	0.0	0.0	0.0	0.0	0.0	0.0	0.0	0.0	0.0	0.0	0.0	0.0	0.0	0.0	0.0	0.0	0.0	0.0	0.0	0.0	0.0	0.0	0.0	0.0	0.0	0.0	0.0	0.0	0.0	0.0	0.0	0.0	0.0	0.0	0.0	0.0	0.0	0.0	0.0	-0.0010510774877867137	-0.0006271277590334994	-0.005354591383779886	0.00522919414103701	0.00533818308838048	-0.008757893012458329	0.0014999625233454916	0.0036299464954472043	0.00472788562944785	0.0021489534314247565	0.00017693432490088865	0.0017807606256304176	-0.001223952954543822	0.007803625071097217	-0.0017864514405691542	-0.0010124089408747885	0.0023781371496268814	-0.008925141544804088	0.002547717293915292	-0.008077041968947226	bull
2016-03-31	0.00876579132642297	0.03168484386176067	0.0007555406125267744	0.014766302284626305	0.011805047660994605	0.026664614864031645	0.009691119241608537	0.009911834563571736	0.012179034756420324	0.002521144061502648	0.011578576368192822	-0.0040651886416960955	-0.011793380226126979	0.007929286414979135	0.022423736816821957	-0.012350096526438396	-0.006845942387362024	-0.005217875253469804	-0.007130059476003777	-0.015434412542749906	0.008752125423338896	0.00988697282456484	0.028094545232022764	0.0013105874636663128	-0.010305603318999029	0.005756011040610481	-0.00465752255672462	-0.0016686738721796266	-0.0007028571218043556	-0.0029398007611443513	0.011800745550644367	-0.013543034919622391	-0.0049533852209570645	-0.007813122448092031	-0.008363290372215577	-0.007263361301591583	-0.018186258464096616	0.0016815122533631003	0.007520289236901959	-0.008700627628149535	0.009604719874382182	-0.003461450609476228	-0.001516891907212572	0.01614766420069036	-0.0050727967452046845	-0.006674160221375679	0.01819772920572649	-0.003249094838671049	-0.007060216971474331	-0.0007355776513185515	0.00946859120859506	0.008298298561747805	-0.009010321105396369	-0.0013149635279242342	-0.0018530071055455448	0.0031066271600817858	0.01095103162271846	0.01919983806668486	6.987862139093277e-05	0.011307438374105557	-0.03171936140927723	0.015183337121204012	0.02085724322149138	-0.0034038479892795513	0.004287233953213889	-0.00967566820673321	-0.0030681399709755	-0.008347311440216165	0.013917950651855748	-0.0017739623206490245	-0.031677777267445834	-0.00393560635610683	-0.016298333183246663	0.012325788555930351	0.019265017082097543	-0.034383623492211066	0.014361247905768785	0.01945452687298258	-0.030960412334727367	-0.0080859109823421	0.0055	0.004482142857142857	0.0034642857142857145	0.002446428571428571	0.0014285714285714284	0.00041071428571428563	-0.0006071428571428575	-0.0016250000000000001	0.0	0.0	0.0	0.0	0.0	0.0	0.0	0.0	0.0	0.0	0.0	0.0	0.0	0.0	0.0	0.0	0.0	0.0	0.0	0.0	0.0	0.0	0.0	0.0	0.0	0.0	0.0	0.0	0.0	0.0	0.0	0.0	0.0	0.0	0.0	0.0	0.0	0.0	0.0	0.0	0.0	0.0	0.0	0.0	0.0	0.0	0.0	0.0	0.0	0.0	0.0	0.0	0.0	0.0	0.0	0.0	0.0	0.0	0.0	0.0	0.0	0.0	0.0	0.0	0.0	0.0	0.0	0.0	0.0	0.0	0.0	0.0	-0.003646893286584144	-0.0012445025686502232	-0.009025307444200622	-0.0009451159768352279	-0.010922043629728866	0.006674605286176857	-0.0008206322713041335	-0.004279222053794473	-0.0068082008081618555	0.008655916329921786	-0.007019976280697842	0.003368336189032696	0.0010160919154805373	0.008293578019862913	-0.003064887606971382	0.009628197903931343	-0.0015440474356108456	-0.0032883412259922342	-0.00015421566746148113	0.0016992143148513539	bull
2016-04-30	-0.0037198537622872927	-0.005413202221812702	0.023032134815325997	0.0002248965042912516	0.0046336933745793375	-0.00979039618249195	0.002261895769659553	0.010502142195163962	0.025005084098427062	-0.007508945719736432	-0.007696186245164625	0.005424804558123904	0.0037160764247168346	0.010215760395591312	0.005565916493711492	-0.011335739140428779	-0.008800905535728308	0.011692965504905681	0.005384181742528939	0.00819158567304312	-0.025353009546968366	0.002453469383951528	0.005674581941109724	0.0035161394842121935	0.00380221918898626	-0.004567863394073274	0.01661531880931397	-0.007480206019567172	-0.00031346377295655016	-0.01130692584702296	0.011129313640637664	-0.031728653091967124	0.015826847805887983	0.02295753980958393	-0.03186168765509157	0.005355111876042713	-0.00576365722348106	-0.02414183184268358	-0.008547309483084216	0.0004106644164119573	0.009413111405584254	0.0038317378476044636	-0.0022128976738260055	-0.008088523336376023	0.013136758341942167	-0.0034180478702606296	0.0029358372201499757	0.004788686907385708	-0.012549065114507905	0.004659263411470718	-0.01428821271674013	0.029873099315895737	0.009608439366154683	-0.017852651941254186	-0.019810615279358457	0.0011490058432675288	0.00047716520312373435	0.0003282107362206561	0.0112367210997601	-0.0017013191413583618	0.008610500136528783	-0.009155487519901718	-0.005948914961722045	-0.010119157908142632	0.02328458788546049	-0.013717968825542813	-0.008151722975475548	0.02031503687873067	0.008412308363856178	-0.005392490895490749	0.00439344916906392	-0.00745766260664996	-0.012387371177505008	0.0035849963107891336	-0.0215319446727224	0.02042976945330634	-0.01293799411997388	-0.002886311799414434	-0.0076316697259427866	0.016920362909357518	0.0055	0.004482142857142857	0.0034642857142857145	0.002446428571428571	0.0014285714285714284	0.00041071428571428563	-0.0006071428571428575	-0.0016250000000000001	0.0	0.0	0.0	0.0	0.0	0.0	0.0	0.0	0.0	0.0	0.0	0.0	0.0	0.0	0.0	0.0	0.0	0.0	0.0	0.0	0.0	0.0	0.0	0.0	0.0	0.0	0.0	0.0	0.0	0.0	0.0	0.0	0.0	0.0	0.0	0.0	0.0	0.0	0.0	0.0	0.0	0.0	0.0	0.0	0.0	0.0	0.0	0.0	0.0	0.0	0.0	0.0	0.0	0.0	0.0	0.0	0.0	0.0	0.0	0.0	0.0	0.0	0.0	0.0	0.0	0.0	0.0	0.0	0.0	0.0	0.0	0.0	-0.0065331116132128575	-0.018817876113312097	0.006963797577173896	0.0025936829978791373	-0.0053563213178616864	0.010719858376564537	-0.006077362142805602	-0.0013320689996353145	0.003326395196439467	-0.005541379983914897	-0.0005608057678858581	-0.0034095148217562973	0.0007626083228185719	0.009315310524910839	0.002416980379232704	0.0005913250913338677	0.00170646157913269	-0.002917257593132784	-0.0018643367991145357	0.0015925516597154517	bull
2016-05-31	0.007269447718371683	-0.023331330300277238	0.017708785791605817	-0.005758805978640124	0.021061056683932346	0.006387872479567603	-0.00022353106736709173	0.006650223825562745	-0.0048233925806382425	0.007009889491520616	0.0015659633765703691	0.0029402361936569916	-0.025666902692905193	-0.002862815724613938	-0.004912754293045806	0.009818541768837282	-0.012504139578948525	0.005433123091684598	-8.224735284099576e-05	0.014435054877436217	-0.008513178249359961	-0.005071506519287661	0.001410663865997694	0.002296516878383369	-0.004370922710554424	0.010609414046880166	0.006913987696435898	0.00507028707819201	-0.024429505688045434	-0.019848826810400965	0.014107551565725244	0.008891953410148439	-0.01712118450486214	-0.026677877949204863	-0.00620396285578667	0.030546659348163963	0.002973571962119047	0.012758193826201365	0.008129892449523838	-0.014095660727150182	0.007948886749370642	-0.0026393036934273017	0.012184919961672671	-0.02362773430787743	-0.009225187610698774	-0.019390223389870936	-0.014939994700068147	-0.00034572753946172854	-0.02113575270680511	0.004469665874782453	-0.0007961569826358644	0.002711926167630429	-0.022060605754379747	0.013393292779543958	-0.0008674902814884486	-0.004125162229159902	-0.003764112145279348	-0.007202291253021157	-0.0009136449197174523	0.007613370659083041	0.028679059956292743	0.007152642857847101	-0.007921959213289335	-0.015229462640179024	0.0001018704860432802	-0.022171718471596415	-0.006620214636756421	-0.003322528105030586	-0.016261482313077467	0.0003348908335540623	0.003875447829786731	0.012590361325556831	-0.01731438557970155	-0.025317463351089496	-0.005597463167379541	0.009014257242052555	-0.023128090062822983	-0.0037011220278624288	0.008242060788730736	-0.0009421416438925111	0.0055	0.004482142857142857	0.0034642857142857145	0.002446428571428571	0.0014285714285714284	0.00041071428571428563	-0.0006071428571428575	-0.0016250000000000001	0.0	0.0	0.0	0.0	0.0	0.0	0.0	0.0	0.0	0.0	0.0	0.0	0.0	0.0	0.0	0.0	0.0	0.0	0.0	0.0	0.0	0.0	0.0	0.0	0.0	0.0	0.0	0.0	0.0	0.0	0.0	0.0	0.0	0.0	0.0	0.0	0.0	0.0	0.0	0.0	0.0	0.0	0.0	0.0	0.0	0.0	0.0	0.0	0.0	0.0	0.0	0.0	0.0	0.0	0.0	0.0	0.0	0.0	0.0	0.0	0.0	0.0	0.0	0.0	0.0	0.0	0.0	0.0	0.0	0.0	0.0	0.0	0.008126660485183321	-0.007693413014692481	-0.004075216912823462	0.015252871005417402	-7.179224866909638e-05	0.0032714496396684463	-0.0017267585196682966	0.0028775219990019546	0.006833298697325025	0.002432766694177538	-0.0076900161551484575	0.0002991466363261319	0.0011372188518617421	0.003311835300707862	-0.009057794403268855	0.009887375601035552	-0.0024950847132029106	0.0009739147727268697	-0.006017246139848189	-0.0004914536713375071	bull
2016-06-30	0.00616501655814078	0.021045305099464246	-0.009949126544737535	-0.0060331991930455894	0.001389998631201609	-0.00043413624925415313	-0.020334663837564552	-0.011053105187509937	0.006684570002075199	-0.016413253917421985	-0.007772165312256396	0.005184483171733271	-0.005837123915353268	-0.006374529435488009	0.030263145827482338	-0.007823129663912437	-0.00834318363843447	0.004798096216255962	-0.0003624670666126892	-0.011259180398982197	-0.00961982017180235	-0.007456591880986214	-0.011426609753403944	-0.006151518557530899	-0.007804563942616299	-0.0012824471501457083	0.021434692698401422	0.03167635035552839	0.0024296932293236925	0.012053759587602061	0.0151665011157093	-0.0069679001922156305	0.03154505133775743	0.009150169606509499	-0.0014523042683498861	-0.011966364547262996	-0.012954484513217401	0.011131578027616173	-0.007626278422681545	-0.010314218038354611	-0.00180480964293033	-0.0058725144816964845	0.00717658807320951	0.01573758985022952	-0.003065046693958608	-0.004015970631750784	-0.01681700559258108	-0.011711361028580032	0.0012498204434514208	-0.0068560555986142075	0.017156231149899327	0.013387508595585709	0.0003449238129875123	0.0013809688860367013	-0.0014086148274541383	-0.005405393190041777	-0.01018286621494626	-0.004119705120239062	-0.01593776749900501	0.017458670821774953	0.022029877634427163	0.006464249795547253	4.4522141759728e-05	-0.005251184990377041	0.003942719194307513	0.022238813878702596	-0.00112046428481357	-0.013722911144825687	0.0026927331443024794	0.00692294384922849	-0.006811976636225605	0.002804153859288617	0.008504901625702338	0.01522719177790956	0.0008501585771847616	6.5255676743597595e-06	-0.01049035015351194	-0.008369091373035849	-0.003973324579603255	0.004080831283170313	0.0055	0.004482142857142857	0.0034642857142857145	0.002446428571428571	0.0014285714285714284	0.00041071428571428563	-0.0006071428571428575	-0.0016250000000000001	0.0	0.0	0.0	0.0	0.0	0.0	0.0	0.0	0.0	0.0	0.0	0.0	0.0	0.0	0.0	0.0	0.0	0.0	0.0	0.0	0.0	0.0	0.0	0.0	0.0	0.0	0.0	0.0	0.0	0.0	0.0	0.0	0.0	0.0	0.0	0.0	0.0	0.0	0.0	0.0	0.0	0.0	0.0	0.0	0.0	0.0	0.0	0.0	0.0	0.0	0.0	0.0	0.0	0.0	0.0	0.0	0.0	0.0	0.0	0.0	0.0	0.0	0.0	0.0	0.0	0.0	0.0	0.0	0.0	0.0	0.0	0.0	-0.0020601072719295607	-0.008458963822560308	-0.009742991019634523	0.0015934811668833746	0.005839064769040225	0.0006600088567183906	0.004597679246959863	-0.0041072481349904225	0.002358462712831161	0.00012261596281291085	-0.006175616332769745	-0.00646950481120541	0.004298014969672185	0.006858225646384744	0.0008310268716463451	0.0055293937109201635	-0.00017782970707868142	-0.007713181081206521	-0.0004251500831724787	0.0034326519682077667	bull
2016-07-31	0.01935819628040085	-0.0010204922922425292	0.014618061582967717	0.008026324743272119	-0.0012181319796277868	0.009117001179408616	-0.002515752930750653	-0.004664110522217645	0.014651817944447861	-0.004824856523110187	-0.004056442312779254	-0.01199946149371356	-0.0035860799515005943	-0.018812147414295963	0.007981862498000581	-0.014812179747545636	0.012491792380563147	0.014676596679717284	0.002707786765812529	0.02205135397998385	-0.0052429602272856726	0.012722743560984793	-0.004517363891350605	-0.0035864316062691405	-0.005412136505218782	-0.005703176799038103	-0.00747430953426166	0.0016903781888396648	0.012246934385956301	0.006797966617067174	0.022414739024463736	-0.0061327969559225445	-0.003315538504295484	-0.0016306906579663383	0.0011777671530347677	-0.01898854455544474	-0.010414954043447328	0.029054304247639894	-0.01899223699242534	0.0076482454689722115	-0.007691218454904842	0.003636770625053474	0.012010356748325518	0.008241882631497803	0.004096638130298608	-0.0061730787903790316	-0.010169294531956937	-0.0036022168021967228	0.016412323183541893	0.002096610855283144	0.005350332679539934	0.0017718730218810792	-0.018339001544161786	-0.007137043784371317	0.011517090106463677	0.012577814943312102	0.016788921509565184	0.014229963677917578	-0.0182006098713787	-0.010440356545586652	-0.0014545850326744521	-0.021854325125790174	-0.010087076504069554	-0.00025141353043461466	0.00934329847223474	-0.0009897677694288775	-0.013513120167377608	0.010048408362615556	-0.021296086836463304	0.009280506613184879	-0.016943397100531592	-0.008816043495819487	-0.004103242415609686	-0.005140835581555997	0.007573140104367289	-0.0006599123088590824	-0.008642591769889688	0.003799104891163439	0.029765819875106868	-0.003575082019571344	0.0055	0.004482142857142857	0.0034642857142857145	0.002446428571428571	0.0014285714285714284	0.00041071428571428563	-0.0006071428571428575	-0.0016250000000000001	0.0	0.0	0.0	0.0	0.0	0.0	0.0	0.0	0.0	0.0	0.0	0.0	0.0	0.0	0.0	0.0	0.0	0.0	0.0	0.0	0.0	0.0	0.0	0.0	0.0	0.0	0.0	0.0	0.0	0.0	0.0	0.0	0.0	0.0	0.0	0.0	0.0	0.0	0.0	0.0	0.0	0.0	0.0	0.0	0.0	0.0	0.0	0.0	0.0	0.0	0.0	0.0	0.0	0.0	0.0	0.0	0.0	0.0	0.0	0.0	0.0	0.0	0.0	0.0	0.0	0.0	0.0	0.0	0.0	0.0	0.0	0.0	-0.001241176092532012	-0.003377891594623028	-0.0036299826117686244	0.0019119675127345827	-0.005058440212616655	0.0018932192398070377	-0.009652854896357806	-0.008287128644789121	0.005268873096158625	-0.006722870039532888	0.00784244389330592	0.0019088846851115669	-0.0071196413640525445	0.00022372102651884622	-0.006471012925106243	0.0030170797988753415	0.002664945607862722	-0.0017627053302133701	0.0009858971334532189	0.00402236450452193	bull
2016-08-31	0.022148044914925044	-0.0037331664397351047	-0.001115087967338693	0.0336552071569673	0.004527432434915411	-0.012070860274925392	0.0005714736258524663	-0.018648232338131124	-0.0023327222966416867	-0.0007910993185655503	0.0005307393567980436	-0.008184261776220171	0.008024007083626076	0.0019621088089961758	0.008369757826931208	0.0007794428477505389	-0.010455559297708514	-0.031087772819973276	-0.014020990298351707	0.004240581582916829	0.014758899710772875	-0.0032336890552498174	-0.0189729241119938	0.0008442807111582984	-0.0008885356538474254	0.007002847773472807	0.02825531676370808	0.0013710160582881864	-0.0057201355831171495	0.006318563223130876	-0.00764133335142761	-0.007020218451177604	-0.004127751451366985	-0.005689769078592688	-0.0023790098388102397	0.006627509759560274	0.013389145099810247	-0.007472566006003049	-0.001892729074168908	0.007238966637485983	-0.021848351749110324	-0.019546994457405122	-0.013388838568276494	-0.0010108151528244087	0.010787351810331884	-0.022501520305518448	-0.018001216703403034	-0.030173581161832674	-0.005236480039867974	0.008059681696903413	-0.008646024403241082	0.019738838084249255	-0.002239287613362375	-0.023933423126144573	0.025315718825635995	0.009487914432412927	-0.0042627394436985004	0.004046610397094426	0.0026100000156764353	0.010582575043883604	-0.00923053509786319	0.004206603162340908	-0.012592220726071015	0.0067879410887627	0.020540810480603057	0.011258782494403305	0.004602795788612102	-0.008402797191876846	0.0015148265292559732	-0.003070380485631118	0.005486506690296135	0.002769255299212718	0.001983660797659757	-0.0028591423329199024	0.005864177821304001	-0.002017671059321492	-0.005161555431227883	0.007912792028497201	-0.0119594924403505	0.004414667484253183	0.0055	0.004482142857142857	0.0034642857142857145	0.002446428571428571	0.0014285714285714284	0.00041071428571428563	-0.0006071428571428575	-0.0016250000000000001	0.0	0.0	0.0	0.0	0.0	0.0	0.0	0.0	0.0	0.0	0.0	0.0	0.0	0.0	0.0	0.0	0.0	0.0	0.0	0.0	0.0	0.0	0.0	0.0	0.0	0.0	0.0	0.0	0.0	0.0	0.0	0.0	0.0	0.0	0.0	0.0	0.0	0.0	0.0	0.0	0.0	0.0	0.0	0.0	0.0	0.0	0.0	0.0	0.0	0.0	0.0	0.0	0.0	0.0	0.0	0.0	0.0	0.0	0.0	0.0	0.0	0.0	0.0	0.0	0.0	0.0	0.0	0.0	0.0	0.0	0.0	0.0	-0.010619963540452798	-0.00045293925511207846	-0.0069392290150619715	0.002377327958435226	-0.0006079070383115583	0.007192129747914035	0.005164639956232177	0.00775195420437518	0.002776436894001221	0.004105678225024282	0.008555460221362996	0.0018276014637629726	-0.00577678896075115	0.0013075437769390348	-0.005873225800725919	-0.0012722580006411385	-0.0034039498394708902	0.0010537520081915213	-0.007808359226096522	0.001743426369082213	bull
2016-09-30	-0.011260974899561021	-0.0012846135529061388	-0.007021211844525487	0.012311439566862627	0.0023664795162351465	0.003075342368791551	-0.016914331505147345	0.008114716314761685	-0.0005248018773974385	-0.006843517065887067	-0.006415308927409638	-0.0066201329892794925	0.002660971832596324	0.0006775121187188464	0.010258239890609781	0.008939937128489455	0.009072215081387334	-0.01302468937005553	0.005987318116050486	0.0014757539856407789	0.00786790533863399	-0.019964070967833276	0.0270694039481956	-0.007485626066735206	-0.012672262002080834	-0.0015204925700102786	0.0038477828919707634	-0.010578050781568355	-0.0038492545385515014	-0.009644425250605245	-0.00016276534732607913	0.016008948644335955	0.001510373982007703	-0.0014256348990574806	-0.0058885294065958846	-0.0035115088365195424	0.0039177088000679	-0.004337968528280619	-0.02197284979121543	-0.008160163566487657	0.0018878243040530381	0.010335420343180786	0.015175203748244947	0.0078013643391477185	-0.026084700862213584	-0.002243423569033908	-0.020836717194547008	0.006579663900969155	0.018922015452964375	-0.00018040458555356064	0.007878285627889758	-0.015795261677897732	-0.0028766202242928715	-0.0077502911238658415	-0.015941761192242117	-0.0012640530800031528	-0.0018591145038303874	-0.0026659432001559743	0.0037567931932332406	-0.00566407065903256	0.009291298539761293	-0.007298047638776803	0.006448504122593118	-0.006395305784356503	0.0032194746686047366	0.010993036199721522	0.007868376518205055	0.012354612576196196	0.01667877452818401	0.011636167171815148	-0.007070200540423423	0.004978380330188436	0.00019977499143562232	-0.005894763459746574	0.0076857331776758455	0.00043712676489220044	0.011803583150333086	-0.008435186543568545	0.008397258329132812	-0.007237057516620821	0.0055	0.004482142857142857	0.0034642857142857145	0.002446428571428571	0.0014285714285714284	0.00041071428571428563	-0.0006071428571428575	-0.0016250000000000001	0.0	0.0	0.0	0.0	0.0	0.0	0.0	0.0	0.0	0.0	0.0	0.0	0.0	0.0	0.0	0.0	0.0	0.0	0.0	0.0	0.0	0.0	0.0	0.0	0.0	0.0	0.0	0.0	0.0	0.0	0.0	0.0	0.0	0.0	0.0	0.0	0.0	0.0	0.0	0.0	0.0	0.0	0.0	0.0	0.0	0.0	0.0	0.0	0.0	0.0	0.0	0.0	0.0	0.0	0.0	0.0	0.0	0.0	0.0	0.0	0.0	0.0	0.0	0.0	0.0	0.0	0.0	0.0	0.0	0.0	0.0	0.0	-0.0007727020310529702	-0.006890869010129032	0.006114948843900881	-0.013129623847145222	0.007755529389679658	-0.011395306290649776	0.0017906728006132652	-0.003528074286630707	-0.0011456236244515377	-0.008709318093693814	0.0006260947598684869	0.009412542324654652	-0.0029845222048964183	0.002689998006274094	-0.0014128529716671337	0.005208697197796442	0.0031118274868412914	-0.003239030296162147	-0.00577599289715027	0.005721439298612726	bull
2016-10-31	0.0022771991497934716	-0.006867159895223217	0.011665721489124406	0.014269539853206165	0.028130229672999413	0.014752489687517065	0.008484118674554172	-0.004129689752720555	0.008204760302704126	-0.006449610396232543	0.024528732445021115	-0.022924435706595116	-0.005698192919554685	0.0007886100586444195	-0.002122108111449838	-0.0059676000157674195	0.009603269129302061	-4.288293500729243e-06	0.007857234214215608	0.027156763682837287	-0.015393607724325699	0.010601314256471839	-0.018926943274912397	-0.026455862461762434	0.01762702432996797	-0.013493772926275974	-0.009952875810806698	-0.023523007523326547	0.013369233509646933	0.005845385688563615	-0.01686302122854858	-0.019204687359805895	0.011814861714665675	-0.015173069667241504	7.911687955121446e-05	-0.006683669689810147	0.003948952883473622	0.0017827197207200276	0.0065416106014112695	-8.665814558118561e-05	-0.00848564765897897	0.0033256099926803908	0.0005608234012591324	-0.018490830569326624	0.008055617074515435	0.010609399448834699	0.01079409042707042	0.01811232110872316	-0.003879383068078888	0.009721376904842123	-0.0049458993317935945	0.0028996828553004253	-8.69541377134147e-05	0.04716927238511776	-0.008602179561232503	-0.002654898624559384	-0.01202773812975872	-0.005698282098471083	0.022651187785216808	-0.001102808315064295	0.009374826744309596	-0.005698761725762457	0.003378284416474531	-0.007081391872797197	0.012243960997949653	-0.011358088742230155	-0.01544508547287857	-0.001957218659646389	-0.010800826538959436	-0.002978119591175439	-0.0012038534488134228	0.012020663352487568	-0.008220169840997393	0.010079425083315104	0.009639696206773535	0.0008853588698861886	-0.018246608474338417	-0.0058659290691614446	-0.001961342494267755	0.01834714261976344	0.0055	0.004482142857142857	0.0034642857142857145	0.002446428571428571	0.0014285714285714284	0.00041071428571428563	-0.0006071428571428575	-0.0016250000000000001	0.0	0.0	0.0	0.0	0.0	0.0	0.0	0.0	0.0	0.0	0.0	0.0	0.0	0.0	0.0	0.0	0.0	0.0	0.0	0.0	0.0	0.0	0.0	0.0	0.0	0.0	0.0	0.0	0.0	0.0	0.0	0.0	0.0	0.0	0.0	0.0	0.0	0.0	0.0	0.0	0.0	0.0	0.0	0.0	0.0	0.0	0.0	0.0	0.0	0.0	0.0	0.0	0.0	0.0	0.0	0.0	0.0	0.0	0.0	0.0	0.0	0.0	0.0	0.0	0.0	0.0	0.0	0.0	0.0	0.0	0.0	0.0	-0.00038830749229504876	-0.007839440715476879	-0.004388425184885026	0.0037774138205952535	-0.0031559774387704474	-0.005963233515151219	-0.0014222391881027914	-0.0038825579332797087	0.003902229429950003	-0.005496535530547231	-0.001352734340309021	-0.0029660631757882586	0.0004548577638413924	0.0011754204070205153	0.008140192926113255	0.001492541344731543	-0.007747506632901213	-0.006500071687351622	-0.002322614034593568	-0.0006030224557783607	bull
2016-11-30	0.006146949027110151	-0.0134116215826903	0.022434569878199823	0.00486661784940585	0.009674741939740666	0.009496837122580903	-0.02493202667836093	0.015489042902986071	-0.007260954273622749	-0.01751221244081138	0.017521481319951352	0.008355408335999957	0.023485874451326983	0.004986386478900262	0.0008488723480457755	0.013202045725326055	0.001629053775552157	-0.01570445552953237	0.004237064981769778	-0.009308083266416493	0.010969641912446397	-0.00022675788363122365	-0.02059250359081971	0.017743863186573585	0.029560006606100708	0.011198453918022957	-0.01717783524276154	-0.0053692951441974305	0.007453948049232657	-0.010829997578984714	-0.008336830729524278	0.010850247946074908	-0.013016337498677642	-0.00580990702920243	0.007356297020945715	-0.007917631775989298	-0.021260707606064553	0.012839875509307177	0.006226356265911039	-0.01224467509654555	-0.01799441662888748	0.02672168228968686	0.0041791506905799886	0.01787093817195409	0.010158973584311616	-0.0011378688875065442	0.006889776821932727	0.004911531563501813	0.012337990819272424	4.4150289637449416e-05	0.007417806832117344	0.010435263909635766	0.029867972196077598	-0.0006701577203731815	0.01870049839754611	0.007257895841727987	0.003937891295505347	-0.008192107479848484	-0.03133648757740852	0.00386148922725117	0.0007677802935817054	-0.007621825185644606	-0.0043861438214856515	0.002595765356865251	0.008404777663194765	0.002766773114579996	-0.013631808238013273	0.01514235411084193	-0.0024657402568602368	-0.0036805880690929855	-0.014410556769591371	-0.02106720208294835	0.008130712154938758	-0.013150050073655365	0.004579012231646292	0.0029400276063589544	0.018267703621226105	0.00031941023596760755	-0.014519798511999719	-0.005707259776945345	0.0055	0.004482142857142857	0.0034642857142857145	0.002446428571428571	0.0014285714285714284	0.00041071428571428563	-0.0006071428571428575	-0.0016250000000000001	0.0	0.0	0.0	0.0	0.0	0.0	0.0	0.0	0.0	0.0	0.0	0.0	0.0	0.0	0.0	0.0	0.0	0.0	0.0	0.0	0.0	0.0	0.0	0.0	0.0	0.0	0.0	0.0	0.0	0.0	0.0	0.0	0.0	0.0	0.0	0.0	0.0	0.0	0.0	0.0	0.0	0.0	0.0	0.0	0.0	0.0	0.0	0.0	0.0	0.0	0.0	0.0	0.0	0.0	0.0	0.0	0.0	0.0	0.0	0.0	0.0	0.0	0.0	0.0	0.0	0.0	0.0	0.0	0.0	0.0	0.0	0.0	-0.005657670484631296	0.0018921270419225839	0.004352432715792426	0.006944817870988629	-0.012947885740896375	0.0015587729737041097	-0.012280815674521656	-0.0031651815647198143	0.001688428311144233	-0.013478672902107258	-0.004410691596237113	0.002934206554234168	-0.0012501730167804358	0.00025552802021204063	0.0045877934754259865	-0.0037756525803416766	-0.010951577321078617	-0.00028144162582553127	0.0032788775839066343	0.0048342487980976715	bull
2016-12-31	-0.014576143166919535	-0.0161508870107082	0.00998220282171436	-0.003372593621732847	-0.0056681746067818355	0.0011488488158223052	0.0008704272664365866	-0.005570174197350949	-0.0002901825074588615	0.0011056036492978875	-0.009608352404180976	0.008931903096168781	0.013589894830239948	-0.0028136230590377993	0.014978157164272138	-0.00547296190945532	-0.012444797791522612	-0.019642634254772383	-0.0031775156677881725	-0.0018878684665274235	-0.022599242336724026	0.0075342539941807025	-0.010203004158064669	0.02183808002867049	0.010368343791580156	0.018202483354083303	0.0025036635823728285	0.012780182734225294	-0.001450601822476003	0.0001528961635383071	-0.006076607817860043	0.0011504955742598748	0.020776298259772962	-0.008559974510346787	-0.026089021879466556	-0.0008254953892243604	-0.007532619318336195	-0.0017759306643527813	-0.02816809165106041	-0.008888794801803898	-0.0033268542324300953	0.00885404613571724	0.011015546657924676	-0.013992706332910141	-0.01432291723377593	0.006882708546423168	-0.004726347455226157	0.009683890797767367	0.0009648695304345648	0.00514337621705536	-0.0011742479707360046	0.015657456094398062	-0.015009197033743484	-0.012710094880400022	-0.0025317488596163233	0.005867129659637689	0.013354454329193532	-0.02358160608711241	-0.010213050572231973	0.002947672898614501	-0.008334088086776182	0.017996847210875494	-0.01206228111046091	0.018639512685127417	0.010767609274515116	0.004688538864620143	0.0046025766907763915	-0.017866245258392338	-0.000251696641023369	0.023920903996111	-0.0064980360634071845	0.01412846633118498	-0.011484034371492752	0.0004595273711016101	-0.009643191331493915	0.006864473287125003	-0.010157241855359971	-0.0035887408747470903	0.012877190238034185	-0.002990870107580275	0.0055	0.004482142857142857	0.0034642857142857145	0.002446428571428571	0.0014285714285714284	0.00041071428571428563	-0.0006071428571428575	-0.0016250000000000001	0.0	0.0	0.0	0.0	0.0	0.0	0.0	0.0	0.0	0.0	0.0	0.0	0.0	0.0	0.0	0.0	0.0	0.0	0.0	0.0	0.0	0.0	0.0	0.0	0.0	0.0	0.0	0.0	0.0	0.0	0.0	0.0	0.0	0.0	0.0	0.0	0.0	0.0	0.0	0.0	0.0	0.0	0.0	0.0	0.0	0.0	0.0	0.0	0.0	0.0	0.0	0.0	0.0	0.0	0.0	0.0	0.0	0.0	0.0	0.0	0.0	0.0	0.0	0.0	0.0	0.0	0.0	0.0	0.0	0.0	0.0	0.0	0.0034317044354788577	-0.0014525571097652786	-0.0023469513067247262	-0.0035144269278478864	0.003015623627126623	0.007438204732489172	0.0018944707617635946	0.0002827405703262086	0.00671511738938039	0.00019827157558230347	-0.005228801828038624	0.0009594688152180246	-0.0006826601415224079	-0.004907977571158903	0.0069224260409942295	0.005301756773824174	-0.0001642421504818377	0.002546817298695901	-0.0026561973929572417	0.004838724364118793	bull
2017-01-31	-0.004157799875549369	0.015762911473027996	-0.010907155433299709	0.01980970171727935	0.0020139820765058877	-0.007534681676301253	-0.003098455940312505	0.02091581503391328	-0.007756101222094768	-0.011645809514137767	0.018907108598525395	-0.009479111987081599	-0.00894204602718884	0.00018057569134634016	-0.0008135621162503029	0.004685273495554215	0.001008278586751428	-0.0006941747642814207	0.005602129873267414	0.005686512716380514	0.0058969398179335945	0.006390809189873727	-0.0012079670786240492	0.0020102973885554464	-0.004292625496646878	0.011505618440494907	-0.005702022662646368	0.00851060039850273	0.021879912958704683	0.005743614054120959	0.0066655182335923074	0.015176042027458952	0.011809512623715924	0.007176138226181046	-0.0003121853739547583	-0.005611893107535046	-0.005083187639839847	0.012179251514703449	0.01645880843859812	0.008010576886755723	0.0031732938300756642	0.006010137149475725	-0.008651109155509326	-0.001635993571832047	0.013741982220039707	-0.02133981063370646	0.0042375153481254355	-0.0025232170852493184	0.003759205421462169	-0.010876119366712123	-0.0027383105818040137	0.004034081034947894	0.008211433160594249	0.00427181927462589	-0.005690329447906724	-0.0009069334476277783	-0.004796230591205285	0.012334132781228302	0.005747679793818992	0.007994636666352656	-0.0020444141944652144	0.007813044099268916	0.026912622003720205	0.004354085282609674	0.008749357651701681	-0.015198932980245805	-0.003800167651396554	-0.00041919188931942373	-0.004571633695584049	0.005832736485491887	0.008132022942578816	0.007969080528092887	0.007260440165240875	0.0031464554522064765	0.019082817853771163	0.006741393146998602	1.5704005828619804e-05	0.012234072414014833	0.004000813585939022	0.006837504401462298	0.0055	0.004482142857142857	0.0034642857142857145	0.002446428571428571	0.0014285714285714284	0.00041071428571428563	-0.0006071428571428575	-0.0016250000000000001	0.0	0.0	0.0	0.0	0.0	0.0	0.0	0.0	0.0	0.0	0.0	0.0	0.0	0.0	0.0	0.0	0.0	0.0	0.0	0.0	0.0	0.0	0.0	0.0	0.0	0.0	0.0	0.0	0.0	0.0	0.0	0.0	0.0	0.0	0.0	0.0	0.0	0.0	0.0	0.0	0.0	0.0	0.0	0.0	0.0	0.0	0.0	0.0	0.0	0.0	0.0	0.0	0.0	0.0	0.0	0.0	0.0	0.0	0.0	0.0	0.0	0.0	0.0	0.0	0.0	0.0	0.0	0.0	0.0	0.0	0.0	0.0	0.002916294256819342	0.00855987958137612	-0.0023984462145340006	-0.013685045787809645	-0.00528036211002752	0.0007757363846664718	-0.005289542083462967	0.0014543461870183275	0.002081638856642012	0.0017712297386113791	-0.0064106013192948156	0.00606655728700299	1.8261718006817623e-05	-0.002015045358068148	-0.002959626077785397	-0.00014434894778704186	-0.002483547071090622	-0.0007951111477844668	-0.011280260944398799	-0.006095638947816602	bull
2017-02-28	-0.0044297213359952795	-0.02188122038312503	-0.02231909915048733	-0.012777718893464107	0.021012016938306736	-0.006219553015193944	0.007826308700146943	0.0020224401593680135	0.0006627020517487251	0.015865514393001295	-0.019875691705855823	-0.012276757726271875	-0.000987886957057794	0.006830291443876823	0.0005072870276516526	0.013541766991680693	0.022509940701933687	-0.002902801457295423	-0.0026942695335979584	-0.0034248411345383007	0.0026292659814287967	-0.006158586052307955	0.011111084532859708	0.002980431612964916	-0.018103516615694665	0.010388118011956023	0.0016541557403160893	-0.0043426561132157	0.003022013228166247	-0.005249230420560042	0.0023727362865439074	-0.002745190023219019	0.0063499323570606146	-0.021052776195680363	-0.023181905510834832	0.009967119054285333	-0.012930816286435554	0.01482686187286694	-0.007160598883726815	-0.0008422528511077268	-0.007103086651080547	-0.014193104079268394	-0.022296864885845383	0.00792173987070269	0.00977005833936966	-0.025915724792239966	0.025252711922884963	-0.03120660430747169	-0.005257804218388085	0.015736026314306945	0.015351147933804918	-0.0029609775350865953	-0.01634689099422368	0.012231562180169188	-0.003955956421071997	-0.005046372553488169	0.010865857727451347	-0.0030243670372302064	0.00969432971811724	0.016854730582979677	-0.015316695517949576	0.012977304263632687	0.0018862666727130944	0.0033141602214056282	0.00026631584313595346	-0.0009989749310640695	-0.006607223747007394	0.0012955035881660397	-0.009725666261389612	-0.0025517862884320117	-0.018455318406185826	-0.017286444822611383	-0.006098169210601954	0.013668615913083895	-0.001964865618430524	0.0047223830501106605	-0.013134508418989211	-0.013556105628594769	-0.0003646775119996349	0.00398838799366215	0.0055	0.004482142857142857	0.0034642857142857145	0.002446428571428571	0.0014285714285714284	0.00041071428571428563	-0.0006071428571428575	-0.0016250000000000001	0.0	0.0	0.0	0.0	0.0	0.0	0.0	0.0	0.0	0.0	0.0	0.0	0.0	0.0	0.0	0.0	0.0	0.0	0.0	0.0	0.0	0.0	0.0	0.0	0.0	0.0	0.0	0.0	0.0	0.0	0.0	0.0	0.0	0.0	0.0	0.0	0.0	0.0	0.0	0.0	0.0	0.0	0.0	0.0	0.0	0.0	0.0	0.0	0.0	0.0	0.0	0.0	0.0	0.0	0.0	0.0	0.0	0.0	0.0	0.0	0.0	0.0	0.0	0.0	0.0	0.0	0.0	0.0	0.0	0.0	0.0	0.0	0.005788159909187544	-0.002283257719426124	0.0053481040291073	-0.0013260229709944219	-0.002432973407245668	-0.0073556864630625295	-0.0022888499340417133	-0.00613632714407796	0.007085363895305518	-0.006046414035066493	-0.002809840657364458	0.00599557237087282	0.0005774906105342264	-0.0011634009210347623	-0.002361954279938365	-1.1550863708776913e-05	0.00503822525666305	-0.00547993298753708	0.0007905865352016489	-0.009517838733430137	bull
2017-03-31	0.017661623252949024	-0.005896357580714704	0.01565597987929207	0.016759817438672293	0.01560239411802707	-0.001777773923591572	-0.0032185408712681217	0.015268084316973749	0.023605523891423588	-0.0032779851658849978	-0.015124008173481654	0.013400746602011194	-0.0005798312816863364	-0.0009081498332309595	-0.02070123081261095	-0.017174118613323363	0.002014593146965042	-0.007012599054707142	0.0018350875679299923	0.01910539212690146	-0.00385777677981812	0.0138856951269865	0.011270012730674706	0.008140711054042992	0.006487925802718457	-0.00662595027447592	0.005289978125261637	0.014701024142450897	-0.03244583839401781	-0.02165125753050769	0.0030092745932214127	-0.02906832193524609	-0.003427829225941389	-0.0168308907545264	-0.031123177820225677	-0.014991944197599387	0.0037950033837828717	0.009985759381911171	-0.01878925841727939	-0.0056417975001476035	-0.004545679234902318	-0.008859795783361603	0.016844407470412895	0.020184996446060435	0.01682293343286713	-0.014216499789077597	0.006752278625364229	-0.024042802055697744	-0.0009329681115347601	0.014418946558988722	-0.014578962926149797	0.007027988363140243	-0.003218679272178173	-0.006570024792030166	0.011412945752433897	-0.007121160347796768	0.007120452336047663	-0.0037117564812523362	0.014302675009345768	0.002281628351358526	-0.010804047775289339	-0.0015434611561377914	0.007752994869192671	0.005822855550238273	-0.006469416023449893	0.012153765137078774	-0.00945038818352853	-0.010492242583139268	0.0002428662753810662	-0.012892406502505447	0.00017600954944125443	0.016917359244454047	0.0074724564421349135	-0.011942134375468155	0.0015459426127387868	-0.015592027270988445	0.012318930002725331	-0.0026774549875882283	-0.0012974114528202473	0.0089590036532856	0.0055	0.004482142857142857	0.0034642857142857145	0.002446428571428571	0.0014285714285714284	0.00041071428571428563	-0.0006071428571428575	-0.0016250000000000001	0.0	0.0	0.0	0.0	0.0	0.0	0.0	0.0	0.0	0.0	0.0	0.0	0.0	0.0	0.0	0.0	0.0	0.0	0.0	0.0	0.0	0.0	0.0	0.0	0.0	0.0	0.0	0.0	0.0	0.0	0.0	0.0	0.0	0.0	0.0	0.0	0.0	0.0	0.0	0.0	0.0	0.0	0.0	0.0	0.0	0.0	0.0	0.0	0.0	0.0	0.0	0.0	0.0	0.0	0.0	0.0	0.0	0.0	0.0	0.0	0.0	0.0	0.0	0.0	0.0	0.0	0.0	0.0	0.0	0.0	0.0	0.0	0.009460694582667196	-0.006876355072231023	-0.0007366952438381596	0.011960729104779019	0.004462170726186157	-0.00200096811127554	-0.00481067283217833	0.0001743985046064329	0.0049891182703566935	-0.005875347965717156	-0.0011748418792843158	-0.002366693211754806	0.007399003039869394	0.008183194823503229	-0.0020316546442015367	-0.0016385016692213599	-0.000979148753887201	-0.0003715290951221491	0.005297461889209911	0.005000548054204138	bull
2017-04-30	0.010581146767617065	0.01777986816892898	-0.00048551499758888285	0.02711460648131705	-0.01536434931226107	0.011397787324586425	-0.009148241320174695	-0.009414936665276619	0.002101898936246431	0.005428184535004557	0.011877677067154348	0.019716280989450077	-0.01080233037795212	0.0027542064757087254	-0.006671539692465477	-0.01626557436991274	0.017522526612607607	0.011803891215934977	-0.0020667253497693005	-0.02766504633428588	-0.01984709721458304	-0.010700992453750183	-0.015251881049150975	0.006210786928903922	-0.010405929779768255	-0.00015274998261999406	0.020406179020278234	-0.00025928339734517284	0.005571288565746891	0.017483361321392273	0.01527202811233733	0.004808796110756235	-0.021690410334504074	0.008922174963808276	0.005466614946747055	-0.01467951386806724	0.0015462811213427874	-0.0031019820100110043	-0.012763394191651694	0.004445426519457785	-0.02507717164541462	0.0037115776851447753	-0.004971559899027171	0.0003686407305279736	-0.003942376888693806	-0.008685939361224962	0.008722327067634447	0.02056683440297096	0.006035421231489981	0.0033769448171589765	-0.01067866908150451	0.0089243479043075	-0.008400892238306406	0.006149008475401848	0.008575671863680554	0.0021705501929480215	0.01936047582270891	-0.00169309119314273	0.008323848807621563	0.004732469143232608	-0.009127553099644843	-0.027965368579056866	0.015246642999617026	-0.000991748059077391	0.003804249850952334	-0.0056170291742775585	0.005017870189660541	0.006392613215084359	-0.006443478730975989	-0.007102373863770513	-0.0032466049299858333	-0.003207280731554013	0.005712321101821298	-0.013489749755755412	-0.014380723790886386	0.002999585755930715	0.01690441846443606	0.0007356551275623748	-0.013018835788883323	-0.0011118375420608136	0.0055	0.004482142857142857	0.0034642857142857145	0.002446428571428571	0.0014285714285714284	0.00041071428571428563	-0.0006071428571428575	-0.0016250000000000001	0.0	0.0	0.0	0.0	0.0	0.0	0.0	0.0	0.0	0.0	0.0	0.0	0.0	0.0	0.0	0.0	0.0	0.0	0.0	0.0	0.0	0.0	0.0	0.0	0.0	0.0	0.0	0.0	0.0	0.0	0.0	0.0	0.0	0.0	0.0	0.0	0.0	0.0	0.0	0.0	0.0	0.0	0.0	0.0	0.0	0.0	0.0	0.0	0.0	0.0	0.0	0.0	0.0	0.0	0.0	0.0	0.0	0.0	0.0	0.0	0.0	0.0	0.0	0.0	0.0	0.0	0.0	0.0	0.0	0.0	0.0	0.0	0.015642943099204394	-0.0011900092305404271	0.004063923337688887	0.004397373204459437	-0.0034651286696826536	0.004566934293627986	0.006391550803505175	0.003784086067143361	-0.007553150855587618	-0.0031131062360590664	0.0037343526901548003	-0.00270628486621875	0.003558929869143881	0.0008908524047628998	0.0017122398410930964	-0.007630119973747667	-0.0008124511114991195	-0.004597384980035436	0.0033077010287800327	-0.004525329813359322	bull
2017-05-31	0.005170450939551514	0.011566782164365077	0.03218253015814887	-0.010711346837897075	-0.016008404474467424	0.011501645836103535	0.0015615750703341675	0.006442299095753067	-0.0028015526670049913	-0.027877258893471788	-3.126769905061564e-05	0.011698536541527357	-0.0036820816439232695	-0.02384530730319032	0.020103205291645453	0.007992861547193924	0.00829192678175064	-0.0023649905465257725	-0.01613506450131507	0.0012010512367154483	0.019208203147289056	-0.0005816462274851082	0.010856965217015943	0.0066840197338462895	0.006223172470030781	-0.00779337925011041	-0.0017254801512102654	0.01551091011375322	0.006250786518058525	-0.0013974429148097512	-0.021977545824748593	-0.007557836525753438	0.01187919877479895	-0.006514923357746835	0.0028314872702133774	-0.021833441913967192	-0.005253343669318248	0.008069570002441644	0.010064691111463108	0.007179167527696268	-0.022139118068759886	-0.00025885646226655556	0.024096143647040515	0.002146534231607393	0.00031320107652832565	0.002302934397261015	0.023747129237904018	-0.007069875828838664	-0.001036177928265371	-0.010341687932770693	0.03864754518273628	0.012937651386460192	0.018695216698258663	-0.0028576712977318617	-0.017195978776832217	0.02423355697469448	0.011045410877998074	0.014777232361830843	0.004324645077556848	-0.01694782545051446	0.003495774808069934	0.004156992107080577	-0.0021856554496398712	0.0049806369852944225	0.010938739463234986	0.0007737896980549702	0.009263124201183092	-0.014840332991436616	0.0072177943018182115	0.020637842834768848	0.0007141232398806893	0.009776449128046068	0.002672974208252246	-0.0018673375940762797	-0.018610427016141646	-0.022095976955491384	0.002823888786026204	0.007968083396033844	0.026937197950051235	-0.004750192976051429	0.0025	0.0018035714285714287	0.0011071428571428573	0.0004107142857142855	-0.00028571428571428584	-0.0009821428571428572	-0.0016785714285714292	-0.002375	0.0	0.0	0.0	0.0	0.0	0.0	0.0	0.0	0.0	0.0	0.0	0.0	0.0	0.0	0.0	0.0	0.0	0.0	0.0	0.0	0.0	0.0	0.0	0.0	0.0	0.0	0.0	0.0	0.0	0.0	0.0	0.0	0.0	0.0	0.0	0.0	0.0	0.0	0.0	0.0	0.0	0.0	0.0	0.0	0.0	0.0	0.0	0.0	0.0	0.0	0.0	0.0	0.0	0.0	0.0	0.0	0.0	0.0	0.0	0.0	0.0	0.0	0.0	0.0	0.0	0.0	0.0	0.0	0.0	0.0	0.0	0.0	0.009228726801137278	-0.0029192488221589973	-0.0050460852360664325	-0.009720644889137452	-0.011721645278447516	-0.011769505019472971	0.006956037010982314	-0.009323803232002504	-0.00694468491245852	0.006009546388840293	-0.003486376704770225	-0.009341302897016355	0.0038835721614406773	0.004335383510989877	0.0007004066918622424	-0.002942550102963946	0.005556457805567016	-0.007399721085502137	-0.004970827876390341	0.0008724511053907282	bear
2017-06-30	-0.02101724953284055	-0.010972532899027769	-0.013960299089589292	0.0020197427377685625	0.010702859302520403	0.00028406032670962034	0.0011712297969128868	-0.0069581642327813786	-0.0042833139326112525	-0.000570003006639454	0.009346175901057354	-0.0090798411150084	0.011474924171422594	-0.007376795913820796	-0.0068144058363692915	0.0026983608339078134	-0.010844005617626397	-0.004720988254805638	0.018387897448454055	-0.0015416484060869749	-0.011223281830462912	-0.0009530328159594718	0.0014682356220077216	-0.000350273336725056	0.0023558574226296594	-0.004368800518369489	0.003754686349911779	0.012879004057453252	-0.011646534183838021	0.019892975776547202	-0.013734177943852387	0.0011419521468646228	0.02754194156060046	-0.0031449883226284145	0.009927191161715802	0.028962130317148956	-0.00294489030338548	-0.026026139704417094	0.004503541427343267	-0.01084959694082147	0.013034415860844615	-0.0017620684760810473	-0.011511237610085722	-0.004589652093799503	-0.002854052981080123	0.014653854463121658	0.005414891933476043	0.012714393574038014	-0.009555490533825319	0.0004706751422710664	-0.001662446835912379	0.006312071012695487	0.00294915692850734	-0.022188773286834034	0.026156574086602463	-0.0016513832863248922	-0.015458625141874075	-0.009270601402316534	0.007989706458990066	0.010876823837706346	0.011694481102790468	-0.013622877571896829	-0.0057535995623382566	0.0009498986215986824	0.00264337434057491	0.007978220752753656	0.0020035200107237517	0.01687077509776315	0.015077849587059504	-0.001503674065730507	0.015055867611667594	0.011852811568532006	0.004532134837713867	-0.005406791642133053	0.020531841600928216	-0.008729845287165253	0.007441474053714004	-0.008408110653355033	-0.01876907857339772	0.014369217238278064	0.0025	0.0018035714285714287	0.0011071428571428573	0.0004107142857142855	-0.00028571428571428584	-0.0009821428571428572	-0.0016785714285714292	-0.002375	0.0	0.0	0.0	0.0	0.0	0.0	0.0	0.0	0.0	0.0	0.0	0.0	0.0	0.0	0.0	0.0	0.0	0.0	0.0	0.0	0.0	0.0	0.0	0.0	0.0	0.0	0.0	0.0	0.0	0.0	0.0	0.0	0.0	0.0	0.0	0.0	0.0	0.0	0.0	0.0	0.0	0.0	0.0	0.0	0.0	0.0	0.0	0.0	0.0	0.0	0.0	0.0	0.0	0.0	0.0	0.0	0.0	0.0	0.0	0.0	0.0	0.0	0.0	0.0	0.0	0.0	0.0	0.0	0.0	0.0	0.0	0.0	0.0032889182904224917	-0.007296244836705388	-0.0034212986674300528	-1.597580094813778e-05	-0.014081986491271842	-0.004270224734132685	0.003911371969317129	-0.013572622712288865	0.0025494767530626675	0.0011152369546096846	-0.011722070572119239	0.0006553681553524821	-0.0033395362673941473	0.0020455664534451586	0.00899942278983923	-0.002376808186476436	-0.01280348320248232	0.0032390203601104046	-0.0019194353307347824	0.006524143150086586	bear
2017-07-31	0.02984614177685358	0.0029810923775965984	-0.013403818273956362	0.004402977238882091	0.022025280223062996	0.007724115027229485	-0.026496009964277225	0.006182315304380423	8.225477576161441e-05	-0.010894866039696026	-0.01473083451017086	0.016663511724790563	-0.012055472110580487	-0.0015264889982214056	-0.00731597741342863	0.00545930732200495	0.02056377752430504	0.019103668794794124	0.00522148587286307	-0.018623949016348004	0.00948779713305251	-0.006561079739071245	0.007878560003155195	0.0005220028639535434	0.0030827555432316597	0.01637285706746026	0.01477705434506862	0.0006352947837588238	-0.008315920004302958	-0.004605107702181559	0.02043417483005545	-0.002964570108309747	0.0032486253565413327	-0.020960802452026188	-0.0014785082089435531	-0.013712680871152958	-0.0017775986198283731	-0.0007027075293163892	-0.022022227694825335	0.006333063295534822	-0.0017945033672682239	0.00608516502990287	0.0031501778910754084	0.00132095631193749	0.0006721032543544774	-0.007134732591491954	0.008744971707026178	0.0036005166133306924	0.013726566380024178	-0.019145376531496214	0.009707853097374047	0.0036724451648711197	-0.013095647990450893	-0.006170043322355539	0.002388288796465706	0.005788528844018984	0.014048838080597644	0.010614575758752555	-0.01298491817001968	0.02303823485812565	0.001202642660061286	-0.021121007964027022	0.0016805404980385138	0.007246922217883874	0.0034921529736220993	-0.016879480888357674	-0.0006290534386086237	-0.015211182647510412	-0.001461286108261832	0.003180177540567644	0.022442198533954853	-0.0030780461346571774	0.023771718062788997	0.012388688252371145	-0.013720936188875318	0.004520934283095667	-0.005625922322170585	-0.00745686817151154	0.0058873392420265265	0.010884079974435459	0.0055	0.004482142857142857	0.0034642857142857145	0.002446428571428571	0.0014285714285714284	0.00041071428571428563	-0.0006071428571428575	-0.0016250000000000001	0.0	0.0	0.0	0.0	0.0	0.0	0.0	0.0	0.0	0.0	0.0	0.0	0.0	0.0	0.0	0.0	0.0	0.0	0.0	0.0	0.0	0.0	0.0	0.0	0.0	0.0	0.0	0.0	0.0	0.0	0.0	0.0	0.0	0.0	0.0	0.0	0.0	0.0	0.0	0.0	0.0	0.0	0.0	0.0	0.0	0.0	0.0	0.0	0.0	0.0	0.0	0.0	0.0	0.0	0.0	0.0	0.0	0.0	0.0	0.0	0.0	0.0	0.0	0.0	0.0	0.0	0.0	0.0	0.0	0.0	0.0	0.0	-0.004174625951886441	-0.0028888374538892977	0.007987817867886975	0.005688041870029505	-0.003587299047830147	0.006931521089616018	0.004043997751081927	-0.012754030942822684	-0.0014811014740608234	0.0014441538180921094	-0.00359904387540133	-0.008630360875501262	-0.0007669475485300211	0.007113326583644178	0.0024892163753507043	-0.0008264193362993283	-0.0008874350092835039	0.008469821915682307	0.0008600176934540302	-0.006540595712227976	bull
2017-08-31	-0.004914124269078203	0.002830663630228263	-0.02325755374604622	0.0016154875369850078	0.01642947608441145	0.008257024239277504	0.01733189410320536	-0.004275239280530225	-0.00812426862488421	-0.004994605178939403	0.0019727378089452697	0.004477721906822298	-0.0206824489212029	-0.011916036200025917	0.005600209117194231	-0.005465275517026594	0.01047944518496751	0.011933604947962785	-0.01314507667048437	0.006275900735810823	0.0022725323298942845	0.016768374992281666	0.0005290611685372531	0.0002628591261654855	0.006714689596136103	-0.0041747051167524305	0.004774539025657963	-0.019363138455682743	-0.001403619356093932	0.011736019941306014	-0.009992084098334316	-0.011083268909728364	0.02402916496436208	-0.017117949024375023	0.00439384828059401	0.02371689823487726	-0.024380599081566697	-0.0016240872196399865	-0.0045432160626716865	0.019927703487075125	-0.011495871942998628	-0.005670169840927281	0.004674543450908375	0.003410101912474519	0.01181260560118951	0.008876278361002667	-0.0075325679460434385	0.0005707680946792108	0.019976715599406274	0.013437165947385359	0.02352459596400104	0.005915281927070262	-0.011688514667099343	0.008519487662079162	0.0021873424209613353	-0.007855435827471835	-0.011049615002077472	-0.01449986875807935	0.011673813319309265	0.006891752464757213	0.009731493606546487	0.010279168363130226	0.003389320187493887	-0.00969839119074681	-0.019064670805350983	-0.007783874578144325	0.003710341921659089	0.0015822045195587576	0.01107578760607313	0.008055176801709469	0.013175807478055378	0.01389183344017681	0.005768139163321717	0.014175847660305137	0.011355022023919538	0.01040248475866841	-0.0018083985542380063	-0.02833794427548333	-0.01585413766256439	-0.011787954172533218	0.0055	0.004482142857142857	0.0034642857142857145	0.002446428571428571	0.0014285714285714284	0.00041071428571428563	-0.0006071428571428575	-0.0016250000000000001	0.0	0.0	0.0	0.0	0.0	0.0	0.0	0.0	0.0	0.0	0.0	0.0	0.0	0.0	0.0	0.0	0.0	0.0	0.0	0.0	0.0	0.0	0.0	0.0	0.0	0.0	0.0	0.0	0.0	0.0	0.0	0.0	0.0	0.0	0.0	0.0	0.0	0.0	0.0	0.0	0.0	0.0	0.0	0.0	0.0	0.0	0.0	0.0	0.0	0.0	0.0	0.0	0.0	0.0	0.0	0.0	0.0	0.0	0.0	0.0	0.0	0.0	0.0	0.0	0.0	0.0	0.0	0.0	0.0	0.0	0.0	0.0	-0.001824395930948585	-0.012132321740949713	-0.0006087893616445119	-0.0004043847570718818	-0.004559839912974132	0.0048903811349816665	0.003605226177156111	-0.00919240231069043	0.00036038253659841964	-0.013201783315406848	-0.005941244844901824	-0.0010404615158396261	-0.003975482219285831	0.0014300485140511057	0.006286676763799078	-0.0062772957346522665	-0.00474024732376471	0.0003121341698390193	-7.454695542963242e-05	-0.0030226654456351138	bull
2017-09-30	-0.011301739394016805	-0.0033939863342446796	0.009405303193065224	0.017924477101721424	-0.01868808373498199	0.002669553040524084	0.00672622647492804	0.0003173925070745257	-0.015456126612980724	-0.004910607032135447	-0.03374181282601499	-0.011984908157484458	-0.008370512417422616	0.009043022799666674	0.001163564337896387	-0.007756525216768862	0.008923969439287572	0.018135850885694842	-0.003852485843730343	0.007850674618313336	-0.0011409876008291963	-0.004495338650054461	0.01290596758838342	-0.006132139856208304	-0.0020874127778305195	0.010401589167650485	-0.002718295397318774	0.00174621991973259	-0.0005465009366360181	0.017533765754799036	0.00629037104427578	-0.0010375603830371088	-0.011308026485240848	0.007206185369058025	4.2598880387458005e-05	0.005207863407424263	0.009976988970551999	0.0004173899402231199	0.022317879026757914	-0.001456384549242837	0.013354086300812484	-0.006193727109191422	-0.0020030333908851094	-0.0021405635816162272	-0.009172252687920655	-0.013511838295753417	0.004935226047705573	-0.01794974739502481	0.007582978402658981	-0.005607572188220485	0.009471001758056635	0.0020322306390723414	-0.01712736378773247	-0.008071409783742172	-0.0026677854500627585	0.015291524161113717	0.004233566408003794	0.0012411227506948395	0.006009532174991416	-0.00025671778333238783	-0.02007695872217047	-0.011743047935428845	0.012085677578931465	-0.025861953350043734	0.001483393347216901	-0.010314488882691533	0.0068413011190653975	0.011650435522083172	-0.00023543073542232632	-0.004355377109762242	0.013964168874824595	-0.003892389821670816	0.01812927167442683	-0.004512852677426169	-0.022542006294104213	0.01328312451885584	-0.010939691140709125	0.009557708708828834	0.018654660189835214	0.013897844116083488	0.0055	0.004482142857142857	0.0034642857142857145	0.002446428571428571	0.0014285714285714284	0.00041071428571428563	-0.0006071428571428575	-0.0016250000000000001	0.0	0.0	0.0	0.0	0.0	0.0	0.0	0.0	0.0	0.0	0.0	0.0	0.0	0.0	0.0	0.0	0.0	0.0	0.0	0.0	0.0	0.0	0.0	0.0	0.0	0.0	0.0	0.0	0.0	0.0	0.0	0.0	0.0	0.0	0.0	0.0	0.0	0.0	0.0	0.0	0.0	0.0	0.0	0.0	0.0	0.0	0.0	0.0	0.0	0.0	0.0	0.0	0.0	0.0	0.0	0.0	0.0	0.0	0.0	0.0	0.0	0.0	0.0	0.0	0.0	0.0	0.0	0.0	0.0	0.0	0.0	0.0	-0.003363380250365498	-0.0001042295544248454	0.00018532448906546895	-0.004044396335541127	0.011254623733717831	-0.018159204556952593	0.002197539735119478	-0.003070966838163958	0.0030481373011689906	-0.0011275356661680108	0.002933251884254283	-0.003922631051009546	0.0060220159135418935	0.0006301669752820235	0.003260851479855004	-0.0018774738770883288	0.004958062831250334	-0.010157042026385208	-0.0022554053890645556	-0.0005457181054943183	bull
2017-10-31	0.00759850717563916	0.030165269257389934	0.025716047016510923	-0.0013424123253895212	0.003805099900561864	0.006055733483772104	-0.009929463540470035	0.01399636557817561	0.001525550186805886	0.009534666335099019	-0.008763564193877712	-0.0005331190899383024	0.020942029364860643	-0.019456316795370365	0.006305643851751479	-0.01153721002368504	-0.01212052628768395	0.01018939520793653	-0.005055318141247974	0.016556899433398692	0.005176833944934851	-0.02058636633105806	0.00587631651072326	-0.0011798196957448469	0.01406987507673044	-0.011582655225977725	-0.030641553932107636	0.0008882814575563459	-0.008352851942038627	-0.018384302605027665	0.0005326920649374933	-0.010492112942696967	0.006511436444983936	-0.008312758501114485	0.0017107595604104182	-0.005963701789314689	-0.008324894114292993	0.0040513422113576955	-0.010371240550101237	-0.008733073741747895	0.0030757576642644192	-0.0014298382272112007	0.016778378738394103	-0.014842800518931859	0.02504802554008126	0.022956239353558835	0.0007211384941979765	-0.005219900739651989	0.013366474726654396	-0.016192997116780534	0.013414695338017878	-0.0033482607087077787	0.002212188300474285	-0.008046486926699334	0.008311313703556396	0.004283955416545059	-0.01828509842932844	-0.013026925885409898	-0.012240581480675477	0.0029434123847130182	0.01902542687166117	-0.0021429311402012953	-0.0001659961860428263	0.0061731145038207424	0.0032911856703461357	-0.0070639787927946115	0.015660411707518928	-0.0017004267034324994	-0.0029705396737601773	-0.007728471847185598	-0.0035334406251918225	0.001967254976442712	-0.00024465149236274007	0.0020114665266313695	-0.01917112856492865	0.000736457259680992	0.00602579276754813	-0.011463702641195068	0.011607616692117795	-0.015527737483996606	0.0055	0.004482142857142857	0.0034642857142857145	0.002446428571428571	0.0014285714285714284	0.00041071428571428563	-0.0006071428571428575	-0.0016250000000000001	0.0	0.0	0.0	0.0	0.0	0.0	0.0	0.0	0.0	0.0	0.0	0.0	0.0	0.0	0.0	0.0	0.0	0.0	0.0	0.0	0.0	0.0	0.0	0.0	0.0	0.0	0.0	0.0	0.0	0.0	0.0	0.0	0.0	0.0	0.0	0.0	0.0	0.0	0.0	0.0	0.0	0.0	0.0	0.0	0.0	0.0	0.0	0.0	0.0	0.0	0.0	0.0	0.0	0.0	0.0	0.0	0.0	0.0	0.0	0.0	0.0	0.0	0.0	0.0	0.0	0.0	0.0	0.0	0.0	0.0	0.0	0.0	0.006385898539539311	-0.003676786493273946	-0.013815517624011028	-0.013564104089545649	-0.002303738249222361	0.008770098577162462	0.0108093929154681	0.008571447311128334	-0.005620024946660658	-0.001387050424020001	0.006510061211817672	-0.0011683230462833588	0.00270397897142146	0.003882862308233018	-0.005218404588690656	0.0027667479452210346	0.0015515230668744927	0.0020977494582729884	0.001699745638614778	0.0018361867703805665	bull
2017-11-30	-0.030510601446445337	-0.018476647950987374	-0.010164624147123593	-0.0009119873375041188	0.0028290496337030242	0.0025676067406807377	0.016127428953798744	-0.009465422137163016	-0.0021081450992323524	-0.00888569480365337	-0.02493534411498965	-0.004846176488579001	0.01942762959504022	-0.00075023775565155	-0.0025174374260932848	-0.0045805079774447	0.005749624997737145	0.003128725543149695	0.01650404260793757	0.001977105981946144	-0.0042652750758226865	0.027429013376703743	0.00021889685869296846	-0.032819144172523226	0.0034046385197640605	-0.004544757378162505	-0.010453853753121104	0.013484407320015239	0.00923437490321816	-0.002455231125888009	0.01746696377885333	-0.0073562978814102654	0.012892867995338689	-0.017870897123256003	-0.004765987446408122	-0.008425828513237558	-0.019760914367677584	0.0009465904649656326	0.010664492640952428	0.029378869766982972	-0.005609014020256367	-0.01618231363132624	0.016299381599238716	-0.00021484554698891683	-0.014297029018976478	-0.010705117910709128	-0.00021830660209911452	-0.029565144704265613	-0.005200791967960664	0.0006556078837139309	-0.019627537904596315	-0.008840974401024342	0.007820287896792576	-0.017072550822325644	-0.0036396019001642614	0.0016309016909744377	0.014857998642253283	-0.010420327072545038	0.01763264587575445	-0.018282138343033286	0.017592246664196266	-0.00601784263629754	0.008110106745453653	0.0027472180777988625	0.007159283889955044	0.029427704146882266	-0.005992258728806595	-0.005818403734815615	0.013343302502094569	-0.0038255189040289185	0.019001501569168636	-0.002482946016583554	0.015876555477371317	-0.002273569095845021	-0.008498991792148252	0.0030840722990753875	0.011289254342094258	-0.03143632898065493	0.008372745145929632	-0.002033252655147694	0.0055	0.004482142857142857	0.0034642857142857145	0.002446428571428571	0.0014285714285714284	0.00041071428571428563	-0.0006071428571428575	-0.0016250000000000001	0.0	0.0	0.0	0.0	0.0	0.0	0.0	0.0	0.0	0.0	0.0	0.0	0.0	0.0	0.0	0.0	0.0	0.0	0.0	0.0	0.0	0.0	0.0	0.0	0.0	0.0	0.0	0.0	0.0	0.0	0.0	0.0	0.0	0.0	0.0	0.0	0.0	0.0	0.0	0.0	0.0	0.0	0.0	0.0	0.0	0.0	0.0	0.0	0.0	0.0	0.0	0.0	0.0	0.0	0.0	0.0	0.0	0.0	0.0	0.0	0.0	0.0	0.0	0.0	0.0	0.0	0.0	0.0	0.0	0.0	0.0	0.0	0.00705304252978057	-0.004720806427219462	0.003089706196048808	-0.011706137750241331	-0.01026015131135714	0.007130696722528978	-0.007474288081057724	0.006328049502881817	-0.009980711038579879	-0.016950479718210124	0.001222614411418992	0.004244140594017068	0.005790323121956203	-0.001681526623286071	-0.009861338036680784	0.000887386162384766	0.004195477813679662	-0.0007315916018592398	0.0005647675093790494	0.0010357716030611362	bull
2017-12-31	0.017114967597441424	0.009079931289383194	-0.0008450797305146773	0.0009337441888827539	-0.01243052303059441	-0.012967535980700214	-0.002818831862470802	0.006693483852988536	0.017021866840872292	-0.014718224883566054	0.008660480321183248	0.005998133056836672	-0.003419053679696647	0.008879122012893523	0.004399547075248563	-0.008171521431586153	-0.0133614826062008	-0.0012160259481001049	-0.014223786279695923	-0.003654828637090673	0.003392638640289934	-0.003346303007445747	-0.004165452967968991	0.0005778784726553057	-0.023082867210074756	0.004115970853717163	0.00040756553747202915	0.02269739840659664	-0.005108771847452749	-0.0020615466800362895	-0.025047717412227236	0.006701529395099216	-0.011564252854516555	-0.02019807160579036	0.005466170360775488	0.009507699787015303	-0.006371892785496926	0.0019785512005534842	-0.0009730195677428059	0.0009406365902247368	0.008108396741561085	-0.0018753539527515684	-0.004721453791671854	-0.005163799409608731	-0.016355707189730517	-0.005181424653649193	-0.024670459646122425	0.010418142890189653	-0.004226852455763864	0.008379668362091922	0.014641648808991341	-0.008360837331509366	-0.0045580789332594065	0.015657507916717175	-0.020776655368922436	-0.005247672962123177	0.004532478193531204	0.008373772283510744	-0.008691039740484541	-0.0192242558819403	-0.00723220630433709	-0.0031238511951774744	-0.014388231007530217	0.017644259468848147	-0.013257267718771623	-0.02339611885581263	0.006418040063120743	0.003734978199828369	-0.002497936534382611	0.008692471720236464	-0.010348013961982216	0.0039606658910013815	6.147825286861253e-05	-0.010724687812936572	0.009384726848095824	0.012604317373181637	-0.0147283748347299	0.0031535363253288413	-0.005323058316350127	0.020116690661540152	0.0055	0.004482142857142857	0.0034642857142857145	0.002446428571428571	0.0014285714285714284	0.00041071428571428563	-0.0006071428571428575	-0.0016250000000000001	0.0	0.0	0.0	0.0	0.0	0.0	0.0	0.0	0.0	0.0	0.0	0.0	0.0	0.0	0.0	0.0	0.0	0.0	0.0	0.0	0.0	0.0	0.0	0.0	0.0	0.0	0.0	0.0	0.0	0.0	0.0	0.0	0.0	0.0	0.0	0.0	0.0	0.0	0.0	0.0	0.0	0.0	0.0	0.0	0.0	0.0	0.0	0.0	0.0	0.0	0.0	0.0	0.0	0.0	0.0	0.0	0.0	0.0	0.0	0.0	0.0	0.0	0.0	0.0	0.0	0.0	0.0	0.0	0.0	0.0	0.0	0.0	0.006209376189324894	0.008103769600418255	0.005463136707697149	-0.0026777795658529864	-0.013916822927510217	0.001526443437915477	-0.0022680317428258965	-0.003889320149311929	-0.009754905471351534	0.0019387648525401664	-0.002387645204935179	0.004660159384496399	0.0008827576820081412	0.0013801310852376244	-0.009379636636753421	-0.0014409252803130337	0.00436340399816825	-0.003270123372483366	0.006412997187760009	0.003285163452057844	bull
2018-01-31	-0.011786135889142279	0.006206114517021169	-0.007675197871670104	0.021658914205683534	-0.02744477269266793	-0.003913242918854463	-0.004451034785315452	-0.022039453183831857	-0.000524177956671079	-0.003562013856205138	0.012985726270680523	-0.01955300413267265	0.0031592381869432556	0.008990059057337829	0.009614129805146374	-0.004173699648932919	-0.0036402561802890963	0.00328615306715598	-0.005374943762637896	0.010167476920610227	-0.006540837881226337	0.012017672462918773	-0.01680066834137324	-0.013289310024560047	-0.012373679227587541	-0.008115929294034926	-0.016442776759757433	0.00354575346002525	-0.0023816138266556167	0.009402336138372283	0.011682769587940662	-0.000171673382870008	0.0024177697727544127	-0.002342629238428648	-0.014482646378828684	0.0009285497629956715	0.005109769106859426	-0.020092294875679848	-0.011873438073094744	-0.008109644464965298	0.004316704754458707	0.00014431275150335635	0.0039270935458672745	-0.022842637513529055	-0.008023207630472958	-0.01440003891429104	-0.025076165929385243	-0.00473251395521363	0.007122749941231674	-0.008353680204378697	-0.010570619682581456	0.01643960457669856	0.00653352075417531	0.007789997427104999	-0.011586218001336048	0.01767601224606482	0.019032638248982665	-0.002791238767630257	0.008919714641949435	-0.03229876800981099	-0.02036004842744429	0.0017105790538262963	-0.006881560022960399	-0.018071043711140072	-0.006872785734170182	-0.011637345457216028	-0.006547511200429586	0.01526353931484057	-0.0016002230097379526	-0.015194031774517943	-0.0005968287643142627	0.0008265686276676999	0.00028359794948164664	-0.008385792811895505	-0.009599873538258856	-0.026261568971164214	0.0049264147135553065	-0.011208540164507428	-0.0005983732623127099	0.007567276365543732	0.0025	0.0018035714285714287	0.0011071428571428573	0.0004107142857142855	-0.00028571428571428584	-0.0009821428571428572	-0.0016785714285714292	-0.002375	0.0	0.0	0.0	0.0	0.0	0.0	0.0	0.0	0.0	0.0	0.0	0.0	0.0	0.0	0.0	0.0	0.0	0.0	0.0	0.0	0.0	0.0	0.0	0.0	0.0	0.0	0.0	0.0	0.0	0.0	0.0	0.0	0.0	0.0	0.0	0.0	0.0	0.0	0.0	0.0	0.0	0.0	0.0	0.0	0.0	0.0	0.0	0.0	0.0	0.0	0.0	0.0	0.0	0.0	0.0	0.0	0.0	0.0	0.0	0.0	0.0	0.0	0.0	0.0	0.0	0.0	0.0	0.0	0.0	0.0	0.0	0.0	-0.0023854141752558435	-0.0011975534178361115	-0.002056103103842981	0.015450922192471087	-0.011531212216986617	0.0007951613614019372	0.001310212742201075	-0.004717663907451144	-0.01290360951799336	0.008566990409477872	0.0013288884807227052	0.012027824304620053	0.003215014107326629	-0.0024633921236829888	0.0006102402349438447	0.0028892073093391255	-0.0032658727377349174	0.0012675098893299183	0.01015194052485654	0.010560278482237045	bear
2018-02-28	-0.015317405148642804	-0.0027635618968766228	-0.017889428287036453	-0.03278361935621722	-0.0068752369020662766	0.008849725436114697	0.004500214175675949	0.020705236542852844	-0.0032949056789201565	-0.008755129385800083	-0.019112035541479524	-0.013393068999896077	-0.0003242645928804847	-0.005593141357308934	0.013347870587962822	-0.013053965334405821	-0.02179783765337444	-0.0076656535398326705	-0.008027057307205801	0.011696364272272403	0.006826828868645784	0.004282122133449249	0.024699035065084588	-0.01727770732858512	-0.00924693819633155	0.01556132197276239	0.004232133068782911	-0.0010708586363708352	0.006673426206455778	-0.005635974689692183	-0.0019516776243787813	-0.007463811060800192	-0.008710656018920198	-0.013487511857830542	-0.018225228578428836	0.0027005374286949786	-0.00383774822309354	-0.002048196515081071	-0.0013199530081334239	-0.0226887868045228	-0.013569764399890806	-0.0035200579169269793	-0.01225041956820978	0.017455006308175307	0.0051005555534652915	0.01008279033667112	-0.01795916529822538	0.002466616788763871	-0.008868698085557115	0.0052204295754533815	-0.019603993465059075	0.0012333807521206566	-0.008006717752572536	-0.013183780789786992	0.000608059571024515	0.010552835333177378	0.003838232149836158	0.01458317747609109	0.0005080339476302016	0.008658281108031176	-0.001135215822714728	0.01608960289282453	0.0006858485725783177	-0.01739542496147583	0.0020760209548854234	-0.010839306064711498	-0.019928610406686868	-0.012438994408970077	0.00567728038014121	-0.0012849695214478597	-0.00036014233470830104	-0.009726464897447001	-0.011239319879384256	-0.014485519206357086	-0.01142762044965213	-0.013642474521556265	-0.006074715136955415	0.0206630285523651	0.0019145356990599189	-0.0010239919143424242	0.0025	0.0018035714285714287	0.0011071428571428573	0.0004107142857142855	-0.00028571428571428584	-0.0009821428571428572	-0.0016785714285714292	-0.002375	0.0	0.0	0.0	0.0	0.0	0.0	0.0	0.0	0.0	0.0	0.0	0.0	0.0	0.0	0.0	0.0	0.0	0.0	0.0	0.0	0.0	0.0	0.0	0.0	0.0	0.0	0.0	0.0	0.0	0.0	0.0	0.0	0.0	0.0	0.0	0.0	0.0	0.0	0.0	0.0	0.0	0.0	0.0	0.0	0.0	0.0	0.0	0.0	0.0	0.0	0.0	0.0	0.0	0.0	0.0	0.0	0.0	0.0	0.0	0.0	0.0	0.0	0.0	0.0	0.0	0.0	0.0	0.0	0.0	0.0	0.0	0.0	0.006389366527738731	0.0020797089918733673	0.007530214240108583	0.006356089348017182	-0.013333965760017856	0.00016019345066494166	0.0158617375979464	0.009163643727369867	-9.250398302107585e-05	-0.008916233600326449	-0.011205438398095758	-0.0006318308505481444	-0.0025763527789765387	0.004557459682308529	-0.004698856667482297	0.0076388663183420994	-0.0025277900624153457	-0.006102061140441352	0.001174494475324672	-0.003662608432746146	bear
2018-03-31	-0.009725573556345663	-0.011682580637152596	0.01692033625489858	0.009300816582812557	0.010899870178106515	-0.002266063848510722	0.018824847259093093	0.018257118584067936	0.00016918897010307303	0.0124334656618995	-0.0059563646108047	-0.004859391627156646	0.018852143567876064	-0.006061802650357639	-1.0165652995392752e-05	-0.00226935842764732	0.02806261448184193	0.0032838996063158494	0.013285232761727212	0.013727175026578466	-0.019711469008640445	0.01363233577097266	-0.0198227436036904	0.005671293322346481	-0.003775399278999284	0.004195592263557576	0.029054489977534268	-0.019382782796338503	0.019507745576770236	-0.009215389841270953	0.0011965303970305804	-0.0035558759278203345	-0.004980869839484054	-0.0016587182538286072	-0.01410965112698342	0.01899773858849559	-0.0029016586860374552	-0.0021606707258274116	-0.007205457132291178	-0.02155516143768637	0.001656964753905285	-0.013265328058416691	0.00610722096068897	0.005479702588372801	0.015043966697581389	0.0032582496136297394	-0.005463690319883198	0.007839337780634703	-0.006065765598568796	0.017466093449973553	-0.002630322953837616	-0.006015167629174776	-0.015492582287048043	0.018320371213116863	-0.003568137528469002	0.012254916319781024	-0.0036964010750678055	0.01676452130114118	0.004003631051657685	-0.017012958469662377	0.027843679691743162	0.018534539967783727	-0.0014631998644326787	0.015507853861401615	0.019394822729738276	0.004733233912048629	-0.009794049696483198	0.0026545316039717293	0.02707000119795269	-0.008003343633684054	0.01853589549354417	0.023509681752043734	-0.001504014566015072	0.020050862222735572	-0.009905911593770656	-0.00039512206895164835	-0.0011820787627191737	-0.01833878030900382	0.008137062847450109	-0.009818185591903233	0.0025	0.0018035714285714287	0.0011071428571428573	0.0004107142857142855	-0.00028571428571428584	-0.0009821428571428572	-0.0016785714285714292	-0.002375	0.0	0.0	0.0	0.0	0.0	0.0	0.0	0.0	0.0	0.0	0.0	0.0	0.0	0.0	0.0	0.0	0.0	0.0	0.0	0.0	0.0	0.0	0.0	0.0	0.0	0.0	0.0	0.0	0.0	0.0	0.0	0.0	0.0	0.0	0.0	0.0	0.0	0.0	0.0	0.0	0.0	0.0	0.0	0.0	0.0	0.0	0.0	0.0	0.0	0.0	0.0	0.0	0.0	0.0	0.0	0.0	0.0	0.0	0.0	0.0	0.0	0.0	0.0	0.0	0.0	0.0	0.0	0.0	0.0	0.0	0.0	0.0	-0.0007369835658773433	0.002631063706204584	0.0039893927264740255	-0.00015101570952627086	-0.005879772070808012	-0.00014651106546192732	-0.0008646858714592464	-0.0016575210813679951	-0.0062038056372789585	0.010351917203925344	0.005960375725494188	0.00122535048796125	-7.489187308957351e-05	-0.0041976949480612424	-0.0005335349162974652	0.004266186771436196	-0.004708798298309262	0.0014537027999861766	0.005909208781598821	-0.003975696346282027	bear
2018-04-30	-0.003121265825204799	-0.01215338506998202	0.012606661362930312	0.011006210076488878	-0.006782688105405761	-0.0022905524044247215	0.015350401305682153	0.023825620754248617	0.030513953567538544	-0.001973759281330881	0.01780744169345559	0.01081830316036763	-0.011904550022727335	0.002001520249402846	0.0012903543745411649	0.007376307209119112	0.022170764164613548	-0.007351444352335767	-0.02414751098177876	-0.0016460547826042983	0.004577448989008099	-0.027543329520216406	0.03965136254689318	-0.003346657188342089	0.005693470139174397	-0.00447737506561728	-0.0065923566541594035	0.0028449403232904923	-0.0051768895664109195	0.001540604939690591	-0.019548377235466236	-0.015168173713173434	-0.008228522061970648	0.003983258536909601	-0.02214764143179342	0.004786748904413921	-0.007506634535756309	-0.010309280714899602	-0.021886913909011107	-0.022173953541704258	0.008767146613633757	-0.014902955709420941	0.00026231664777779377	-0.004479919549934488	-0.012145391453876398	0.013153762494455634	0.01139488905988243	-0.013022089384830883	-0.0015442044789260611	-0.01057980616088203	-0.026321751089249352	-0.0001461305474240478	0.02403124378562428	-0.005893437099776333	-0.009253433472202909	0.034218673559941924	0.006779391381504705	0.011003934778493412	-0.0007065197571757137	0.006075738127353703	0.0070537127318756705	0.014774524251266245	-0.006372000915842063	-0.001987896109688406	-0.010222083627494863	-0.005774578882111236	-0.004142574369942814	0.005454616112015857	-0.008655788198380632	0.002047104724481114	0.0026960934642138584	0.007680864863285207	0.00952430661253123	0.004296488015313555	-0.008496717535158677	-0.005134933892488058	-0.023280034965806013	-0.0044586635712602725	-0.02047443488386849	-0.0017776195292955209	0.0025	0.0018035714285714287	0.0011071428571428573	0.0004107142857142855	-0.00028571428571428584	-0.0009821428571428572	-0.0016785714285714292	-0.002375	0.0	0.0	0.0	0.0	0.0	0.0	0.0	0.0	0.0	0.0	0.0	0.0	0.0	0.0	0.0	0.0	0.0	0.0	0.0	0.0	0.0	0.0	0.0	0.0	0.0	0.0	0.0	0.0	0.0	0.0	0.0	0.0	0.0	0.0	0.0	0.0	0.0	0.0	0.0	0.0	0.0	0.0	0.0	0.0	0.0	0.0	0.0	0.0	0.0	0.0	0.0	0.0	0.0	0.0	0.0	0.0	0.0	0.0	0.0	0.0	0.0	0.0	0.0	0.0	0.0	0.0	0.0	0.0	0.0	0.0	0.0	0.0	-0.011611482872009249	-0.0007688148485278867	0.0005831820160553529	0.0031054383867697615	0.005353112854986533	0.005181380521938583	0.007142422149806317	0.006511313887305231	-0.001581569181926006	0.004431396258862237	0.0020271388319199686	0.0047614146865984225	0.0065408352546832875	-5.35836701149883e-05	0.0027186130426025204	-0.001727629401490423	-0.004077974669858425	0.0005374143831857639	0.0047197969363080485	0.011008951699432864	bear
2018-05-31	0.012200389583896486	0.021041312340732927	-0.007765393265301377	-0.014394386958902668	-0.0053681149695459195	-0.009630077499269469	0.0036792008963878204	-0.023868574346079512	0.0034272737953980567	-0.004446941646960588	0.003223608780704455	0.010763087135986622	0.002338174130282329	0.008064001257236596	-0.011635073567418008	-0.009884741780010918	-0.00784486637732294	0.014753739000961648	0.005280407762424404	-0.02326537155343889	-0.010194072318252605	0.010996739690555942	-0.006753792339974402	-0.0066869016554524305	0.000141050970167709	0.007167220552048082	0.012255502881532838	0.0038986818749767787	0.011603789156904165	-0.0008411773432975946	-0.009795362161629895	0.013052497660606805	-0.012976009049962392	0.011715990668489487	-0.006643290154863053	0.009892148064932885	-0.010715219654028382	0.0001571437923099261	-0.014207342453112268	-0.005552294959138535	-0.0084503484155167	0.00047634557423441483	-0.009619760230505184	-0.0030570561892297276	0.001905493737254704	-0.013590189256703569	-0.00553586216779275	-0.0007411860003066946	0.01208065436583454	-0.023640455147137387	0.018730640890918863	0.00800941648185662	0.004390294718459832	-0.014028627448853337	0.0015092264759743994	0.004333675015382964	0.009533515115269208	0.015892747619587762	0.005735245497654914	0.00504268279378422	0.0012215448499843724	-0.007025713040912865	0.022087323005933465	-0.010091621589887452	-0.010755394605621013	-0.0033176459128623384	0.001587137855943065	0.023577139781398023	0.01465919599722225	-0.0025708284276540943	0.02161978674657295	0.005515098386840439	0.028075612795191694	-0.00792653608863678	-0.0009469069770391516	0.008494665144426221	-0.02424138990537218	-0.012830311035914171	-0.005759750510695726	-0.004484934651109827	0.0025	0.0018035714285714287	0.0011071428571428573	0.0004107142857142855	-0.00028571428571428584	-0.0009821428571428572	-0.0016785714285714292	-0.002375	0.0	0.0	0.0	0.0	0.0	0.0	0.0	0.0	0.0	0.0	0.0	0.0	0.0	0.0	0.0	0.0	0.0	0.0	0.0	0.0	0.0	0.0	0.0	0.0	0.0	0.0	0.0	0.0	0.0	0.0	0.0	0.0	0.0	0.0	0.0	0.0	0.0	0.0	0.0	0.0	0.0	0.0	0.0	0.0	0.0	0.0	0.0	0.0	0.0	0.0	0.0	0.0	0.0	0.0	0.0	0.0	0.0	0.0	0.0	0.0	0.0	0.0	0.0	0.0	0.0	0.0	0.0	0.0	0.0	0.0	0.0	0.0	0.0032668936089190986	-0.0077032755681529855	0.01262593687865963	-0.008889199008736382	0.008467580035778452	-0.00459707322217962	0.007174517208583566	-0.0029259944601774247	-0.011479940265522832	-0.005085912450543419	-0.006155601549660508	0.004072634931618489	-0.006343474110322872	-0.0004245128658194058	0.005855595835554551	-0.008727500930799317	0.0020063750860022413	0.0039702953760108965	-0.006397594124374476	-0.0018256197154582418	bear
2018-06-30	0.00501981704232346	0.004361764965672933	-0.014139649807656357	-0.015764843857783463	0.005254242500052248	-0.02416600961315092	-0.017762146211038825	0.004581360812656142	-0.0008337181218556552	0.00491537815586385	0.005574212627628786	-0.009536612938195358	0.0008450488379275489	-0.0013778933285189371	-0.0032421474818730583	-0.030645847215948388	0.0018527497776644002	-0.013617496577810766	-0.016009820591052517	-0.003670405588631296	0.0035137102202347993	-0.013868748113401459	0.004719794296643689	0.023365199412060788	-0.01103399658186695	-0.0026377961539041693	0.0026414068678890573	-0.008473068489045566	0.008477566693295663	-0.007276478185337031	-0.0013225662386117936	0.010995144699918653	0.006394740264113037	-0.00025191757198068666	-0.009382737923092894	0.012408982386052278	0.016453258437077824	0.005160820419869943	-0.029748427224420577	-0.007711977830889534	-0.001989764245836044	0.007269898984225308	-0.008966562639182999	-0.004145120026140375	0.010079654544187808	-0.007057306322284123	-0.009477410615222769	0.004009696155727734	0.020725093327433865	0.0010060414066836258	0.02311099960657558	-0.0008642147951459338	0.037114309533660815	0.0009438660302408354	0.006845461559248329	0.0011183385649382513	0.010057507430791347	-0.01969820791774289	-0.002700069969569677	-0.015085224361037554	-0.0044722397864715435	-0.005759747737672373	-0.0006820952986659626	0.002910970315218459	0.0010052994619986382	-0.014814465419401051	3.159240139174688e-05	0.0020957912514507574	-0.01279682524581979	-0.026397398487641333	0.005207115905793167	0.01897417711754643	-0.00935576537387534	0.016552737772910657	-0.004521948313035594	0.00441115220566942	0.015685164295662333	0.016158816255658594	0.00172541169877452	-0.0010968646528797777	0.0025	0.0018035714285714287	0.0011071428571428573	0.0004107142857142855	-0.00028571428571428584	-0.0009821428571428572	-0.0016785714285714292	-0.002375	0.0	0.0	0.0	0.0	0.0	0.0	0.0	0.0	0.0	0.0	0.0	0.0	0.0	0.0	0.0	0.0	0.0	0.0	0.0	0.0	0.0	0.0	0.0	0.0	0.0	0.0	0.0	0.0	0.0	0.0	0.0	0.0	0.0	0.0	0.0	0.0	0.0	0.0	0.0	0.0	0.0	0.0	0.0	0.0	0.0	0.0	0.0	0.0	0.0	0.0	0.0	0.0	0.0	0.0	0.0	0.0	0.0	0.0	0.0	0.0	0.0	0.0	0.0	0.0	0.0	0.0	0.0	0.0	0.0	0.0	0.0	0.0	0.006746855258791482	0.002514572524093538	-0.006703538959922742	-0.010373229030997138	0.0073343310177605625	0.0014326282452765278	0.007259152724376525	0.004799838955076821	0.0028846796674243643	0.0031396659901907413	0.0028391856650150458	0.0009631475259546738	0.0038311203317488384	-0.008870389396753347	0.002835194232900606	0.0017702996026260583	0.005713038124744496	-0.0031914914777221373	0.00468717922050187	0.006207800358981478	bear
2018-07-31	-0.0024442992359833223	-0.0013976331509062017	0.002464152457341204	-0.008638773054326218	0.00322110130653333	-0.017069707154716243	0.009470371417810793	-0.00743709178512353	-0.01478662034125641	-0.009251584359788649	0.0008965453152916553	0.006806374513039012	-0.02330330044556461	0.014659831195413444	0.00595471128124177	0.024253157536827354	0.0031726683516222877	0.0031990905850853924	-0.02628919409570477	0.01422143608137133	0.009060640550125067	0.0071005474276499446	0.024748716767046205	0.008773207241898307	0.010510815346437047	-0.011196609583548778	0.009524744025302177	-0.00868636234931437	0.028503353606060863	0.004810335801233011	0.005072100431977492	0.001139278308321225	0.02421308717517597	0.0062549319862756905	-0.02369676153587353	0.014414616826671403	-0.018665933346507787	0.021593378202626492	-0.012848913469437614	0.009689398772660148	-0.013795731129295571	-0.00222115697177208	-0.01245879253685239	0.021318897047835152	-0.004387250049117925	-0.03220399431218759	-0.0026758164003042864	0.009985315423102555	-0.0036390975618954954	-0.0027035100863133225	0.01370747529528586	-0.0024207852777289648	0.006393775662831698	-0.002573263783828169	0.012310261484757045	-0.004688705995753707	-0.004093682021597332	-0.0165523101698736	0.014395328312352441	0.005828617825170208	-0.007343233625122063	0.0006362538805800993	0.018695730165609596	-0.0002351254628886819	-0.007713066238605468	-0.0020732094024605283	0.01600274804067962	0.005872957925880042	0.01700805501519775	0.014098277204273355	-0.00731871760051743	-0.0011418492469159982	-0.014685259813947516	-0.0009680247883976973	-0.0016687387110545194	0.004485578754218118	-0.005384499558306703	0.0017466710463792433	0.0038145848082121684	-0.0009112272792125203	0.0025	0.0018035714285714287	0.0011071428571428573	0.0004107142857142855	-0.00028571428571428584	-0.0009821428571428572	-0.0016785714285714292	-0.002375	0.0	0.0	0.0	0.0	0.0	0.0	0.0	0.0	0.0	0.0	0.0	0.0	0.0	0.0	0.0	0.0	0.0	0.0	0.0	0.0	0.0	0.0	0.0	0.0	0.0	0.0	0.0	0.0	0.0	0.0	0.0	0.0	0.0	0.0	0.0	0.0	0.0	0.0	0.0	0.0	0.0	0.0	0.0	0.0	0.0	0.0	0.0	0.0	0.0	0.0	0.0	0.0	0.0	0.0	0.0	0.0	0.0	0.0	0.0	0.0	0.0	0.0	0.0	0.0	0.0	0.0	0.0	0.0	0.0	0.0	0.0	0.0	0.010762469302832112	0.00300228978035683	-0.007725151295663312	-0.0033976090203850346	-0.0006933645528677222	0.009043010862251365	0.014492307121772385	-0.002737336610239976	-0.0024560232545640195	-0.010174272894817383	-0.003915385547084485	-0.0015566897955559388	0.004136708832572426	-0.008851997404355525	0.007607664420266988	-0.00022561330961556116	-0.004342655446916891	-0.003275812929331621	-0.011930106892754753	0.008645560257675631	bear
2018-08-31	-0.008357097702282396	-0.0009425634926827223	0.006797053199420602	0.0244840999893937	0.003990080639600378	0.009840792311213147	-0.006986690133218224	-0.006206668057645859	-0.01146643981553587	-0.005986892790360032	-0.0006552223743404581	0.004417574378320898	0.004652623732050958	-0.005324359167758727	0.0033449742304955676	-0.009576874449883765	0.019751754445812255	0.0021346386837021968	-0.0004286660543480976	0.003585321678875633	-0.005962803583096893	-0.0040131499004712	0.014597533554089479	-0.0032937682599327054	-0.028041951950600604	0.023480156152367534	0.006189313625420184	-0.008045096101252302	-0.004270648297558949	-0.0013425743864420624	0.02426882974429552	0.0040573472747140625	0.004279119017852083	-0.012449922607186062	-0.008634833496449073	-0.0013227490273244765	-0.012139997809026347	6.008069017190648e-06	0.02529808656404213	0.01747944840619097	0.011979479885132576	0.004152925452950021	-0.005111714374690388	0.019235007550300033	-0.014024832013197352	0.0031256218821635886	0.01883101470191041	-0.0036294509596418736	0.013770738635994392	-0.0016841827846701344	0.013639209241565059	0.015406147971317988	-0.006386595997638991	-0.006563892463968612	-0.011771408914657437	0.01019739508214816	0.003214339474767568	-0.0015283047446373826	0.001603752968265913	0.014849532840179931	-0.002046737809784161	0.005074469306798758	0.009745035389746678	-0.01285485993197187	0.0012213610446465332	-0.013418953529702897	0.021326278446490172	-0.002612907277890238	-0.011432353851378071	0.003971698879088289	0.002588887200217372	0.00407101987979508	-0.004176204977076097	-0.012336790641660062	-0.00662416037796415	-0.010462949619975416	-0.0030339956895403205	-0.0030019573179344986	-0.0010674089088264307	-0.02489198214162507	0.0025	0.0018035714285714287	0.0011071428571428573	0.0004107142857142855	-0.00028571428571428584	-0.0009821428571428572	-0.0016785714285714292	-0.002375	0.0	0.0	0.0	0.0	0.0	0.0	0.0	0.0	0.0	0.0	0.0	0.0	0.0	0.0	0.0	0.0	0.0	0.0	0.0	0.0	0.0	0.0	0.0	0.0	0.0	0.0	0.0	0.0	0.0	0.0	0.0	0.0	0.0	0.0	0.0	0.0	0.0	0.0	0.0	0.0	0.0	0.0	0.0	0.0	0.0	0.0	0.0	0.0	0.0	0.0	0.0	0.0	0.0	0.0	0.0	0.0	0.0	0.0	0.0	0.0	0.0	0.0	0.0	0.0	0.0	0.0	0.0	0.0	0.0	0.0	0.0	0.0	0.007469131923881746	0.0008946461477152493	-0.004149178336506948	-0.009962054472181663	0.006605031701386917	0.007984270093657547	0.010886041646869847	0.009760651925249181	-0.001103581053848212	-0.009521058716984245	0.015526643535373131	0.0037392907856483547	-0.0012182344915233159	-0.005565415005355819	0.004881507333253137	-0.007813304776426786	-0.006152454147543687	-0.005141944427933881	-0.0023108960471139783	0.0015479869984015913	bear
2018-09-30	-0.025839255965214632	-0.004136582334090301	-0.022037998964483836	-0.001742509612230618	-0.0022880676284553324	-0.018022116319110836	0.0051310096052834195	0.0024593517409431357	0.008988887622792376	0.035303430722735424	0.005698756179190499	-0.002575253830247403	-0.010127076029584715	-0.004289457224833142	-0.0005017229582531	-0.007082359218984016	-0.012332582108657302	0.0005086381280843791	-0.0009291257952433217	-0.0063690797252277075	0.005723302454030261	0.018350131930388383	0.011555681012715969	0.003481687594579195	0.016935667567756496	-0.0004322995189958172	-0.007621528375565037	-0.003891053405701425	-0.02266332542631848	-0.02278451734013262	-0.0007308791076457367	0.01598898211821265	0.00590949993472422	-0.003945216802147128	-0.002900867991612177	-0.0036525157502443734	0.022585464058422128	0.006196425763404874	0.021475412845949535	0.005789444165220573	0.002753196484200084	-0.01886124511298439	-0.004305484268207397	0.007260671607701447	-0.010241084417271555	0.024820864893899796	0.011191445396260517	0.012018080498827962	0.009277106662313461	0.004337340089793491	0.007258409078096854	0.014855430984773972	-0.02120987030489757	-0.011256074324613206	0.017253716843522626	0.003002161136010346	-0.0046517147855027205	0.005155769880253506	-0.01981564259625512	0.00660318029057277	-0.006917286563073291	0.007887210253939474	0.008840643907727165	0.017585214924074187	-0.0104399631712884	-0.013616849492098569	0.013025982918143907	0.01585989540324811	-0.0025532070453354616	-0.012328123502742162	-0.02394650489115667	-0.02153019189964137	0.00013722399853658681	0.02245026230744985	0.006448414468962194	-0.0009464162179252546	0.00919526653087164	0.004600583661503969	-0.01928152022575403	-0.007896716488112944	0.0025	0.0018035714285714287	0.0011071428571428573	0.0004107142857142855	-0.00028571428571428584	-0.0009821428571428572	-0.0016785714285714292	-0.002375	0.0	0.0	0.0	0.0	0.0	0.0	0.0	0.0	0.0	0.0	0.0	0.0	0.0	0.0	0.0	0.0	0.0	0.0	0.0	0.0	0.0	0.0	0.0	0.0	0.0	0.0	0.0	0.0	0.0	0.0	0.0	0.0	0.0	0.0	0.0	0.0	0.0	0.0	0.0	0.0	0.0	0.0	0.0	0.0	0.0	0.0	0.0	0.0	0.0	0.0	0.0	0.0	0.0	0.0	0.0	0.0	0.0	0.0	0.0	0.0	0.0	0.0	0.0	0.0	0.0	0.0	0.0	0.0	0.0	0.0	0.0	0.0	-0.00580053451591599	0.015904989804385837	0.030297470799941516	0.007799096854599247	-0.006878434557259439	0.013208799374199078	0.022005411749589483	-0.019004200796897658	0.012309534469326443	-0.008291868969024573	-0.0060880638271809525	0.0014527815274530172	0.007893416341546299	-0.0034692079313520365	-0.0019952550599100895	-0.000685752060717549	0.00630812997760687	-0.0033276588744658078	-0.002343583505918838	-0.0005234472836299008	bear
2018-10-31	-0.002946659986754014	-0.007631832548307063	-0.00328040208468434	0.005819366132368749	0.00626466948548206	-0.018419497762348233	-0.02575621197714167	-0.012356494462902436	0.015888092471675115	-0.030655254236616986	0.0061217448325644975	-0.01714168281673152	-0.0029274069895442126	-0.027428874616659243	-0.003934512151032972	-0.02435773402821134	0.018017575109253336	-0.020535445178187544	0.009519980956872036	0.01102402823963371	0.015285886240246363	-0.010682725179923474	0.02172621988880765	0.003224784399664677	-0.01240903308458291	0.004709257745000396	-0.009949213683527035	0.0006640000257147089	-0.008301711102765145	0.009677319839499694	-0.03178551685686314	-0.021997762346142525	0.008113767041083197	0.02305426382769488	-0.013699859573102345	0.011488833294636949	-0.022924319791623557	0.011835284965529207	-5.774066531738844e-05	-0.012748912150147394	-0.0002876246040095521	-0.02320867225235384	-0.003167352663274358	-0.003693373911686055	-0.01360735192752159	-0.007327857537957848	-0.0007646523433323394	0.007949761232671965	-0.009092155996518967	0.017532776244452885	0.011523672868440454	0.006573058430417256	0.013262186637475925	0.018145195335512315	-0.01454023712631315	-0.008302048523543017	-0.01832206958552904	-0.004612836334987975	-0.005623313081311687	0.014280298652199805	0.007103324811915187	-0.012664218096174525	0.01077231405952148	-0.0013388991821181668	-0.0022819630955707043	0.008400294710501393	0.0050313554556755775	-0.0035254211649314083	-0.01599769433349061	0.005405822437224804	-0.015164069494007225	0.013341728963698852	0.01345659793906484	-0.001986253921060602	0.007963509435302656	-0.002696403109416222	0.017712248249790116	0.004329676039426528	0.019058432286723135	0.010999351206846919	0.0025	0.0018035714285714287	0.0011071428571428573	0.0004107142857142855	-0.00028571428571428584	-0.0009821428571428572	-0.0016785714285714292	-0.002375	0.0	0.0	0.0	0.0	0.0	0.0	0.0	0.0	0.0	0.0	0.0	0.0	0.0	0.0	0.0	0.0	0.0	0.0	0.0	0.0	0.0	0.0	0.0	0.0	0.0	0.0	0.0	0.0	0.0	0.0	0.0	0.0	0.0	0.0	0.0	0.0	0.0	0.0	0.0	0.0	0.0	0.0	0.0	0.0	0.0	0.0	0.0	0.0	0.0	0.0	0.0	0.0	0.0	0.0	0.0	0.0	0.0	0.0	0.0	0.0	0.0	0.0	0.0	0.0	0.0	0.0	0.0	0.0	0.0	0.0	0.0	0.0	0.002636838972874255	-0.007187198841034883	0.008959258290267915	-0.01165047783260505	0.0014093000667229744	0.004328489902255267	0.0028991265016489348	-0.005510812120964304	-0.006377935715720918	-0.0037422338188183094	-0.012519861251295207	0.00040349955698856083	-0.0015169553326039417	0.004603364181100834	-0.004541070609349263	0.0034098438035520986	-0.0014588195533513626	0.006999959509000923	-0.0035171656075543914	0.00481053907543693	bear
2018-11-30	-8.491489727622007e-05	0.014333314822742966	0.004248727898915344	-0.005551116375565478	0.007656695611073642	0.027065613879596565	0.0028952902340265716	0.001279295431334293	0.0218640051227046	0.003363611195841214	0.0012090037207294194	-0.006791536771407326	0.003115019156759919	0.003072675768799468	0.010649465013852383	0.007956006964701536	0.014532791451427622	-0.01317500115286025	0.009796870151441326	-0.021929416227127158	-0.03560818521325336	-0.013016503985468542	-0.00727043904080025	0.011263442810559457	-0.032260088704945934	-0.015353166914009153	-0.006626596735450617	-0.008713978247475497	-0.011021840850232964	0.00016974967241236504	0.004874123709125501	-0.02269824578279136	0.023282522157020057	-0.004132754362817593	-0.01941692360910745	0.006159848104333715	-0.02332493185251759	0.021579213702254525	-0.026198041107567526	-0.008883016277647168	-0.0007351296392489581	0.007933781012952067	-0.01183474036426317	0.005679608441816397	-0.0006630312921195882	-0.007725316164118	-0.004597787382773828	0.009339176859529565	-0.013558019433726054	-0.014661846813613747	-0.0101375913347399	-1.0218624611695763e-05	0.00137821922511134	-0.008307446835327893	-0.005264217622392302	0.0004702331766227579	-0.019888164157608423	-0.0023228390130931075	0.01360615364475861	-0.008863725629478637	-0.004673041636433028	-0.010548049721917148	-0.002930559334970891	0.024959236462940855	0.014999149552455925	-0.007209490582214332	0.026182995947767747	0.01799450860419647	0.007869727574411406	-0.005255352264977666	0.0029217709532726698	-0.0019254710146039467	-0.008432100197905155	-0.01648901578997984	0.0029389230625051794	-0.006108244370780058	0.002147052729873222	-0.006904434388538682	0.009456353201380474	-0.014520218309493562	0.0025	0.0018035714285714287	0.0011071428571428573	0.0004107142857142855	-0.00028571428571428584	-0.0009821428571428572	-0.0016785714285714292	-0.002375	0.0	0.0	0.0	0.0	0.0	0.0	0.0	0.0	0.0	0.0	0.0	0.0	0.0	0.0	0.0	0.0	0.0	0.0	0.0	0.0	0.0	0.0	0.0	0.0	0.0	0.0	0.0	0.0	0.0	0.0	0.0	0.0	0.0	0.0	0.0	0.0	0.0	0.0	0.0	0.0	0.0	0.0	0.0	0.0	0.0	0.0	0.0	0.0	0.0	0.0	0.0	0.0	0.0	0.0	0.0	0.0	0.0	0.0	0.0	0.0	0.0	0.0	0.0	0.0	0.0	0.0	0.0	0.0	0.0	0.0	0.0	0.0	0.0008241310317331008	0.015172308957398788	-0.0004663313149290407	0.007757342600944824	0.00019888934415273398	0.0064617798278553806	0.0007581362709892808	0.0030380120476978835	-0.01080557825039662	-0.002922265325663086	-0.0010684154669816299	0.009550567689293094	0.0011477313307303174	-0.0014878280747654695	-0.0055943877611253695	-0.003953685979456282	0.008473890438751698	0.0005032841480966822	0.003240409863440977	0.0034603764886636723	bear
2018-12-31	-0.013157695735776685	0.005676616412893612	-0.009784363730870764	-0.011459619684129608	-0.007944713050172608	-0.007803597983986062	-0.009426886724656672	0.0049478387318121295	0.003025485143472938	0.006524020305522782	0.0058765429545758145	-0.008378619844358151	0.019701952937259605	0.0062536720113819284	0.007484553241710928	0.005181412765460992	-0.01124875907757878	0.00895043953265604	0.019299254975885503	0.009909808886196978	0.011527021018864896	-0.0028027523999810573	-0.013812736625525584	0.002427055021875649	0.02590183843526605	0.012132595363104471	0.00236181966310022	-0.0025288342601476337	0.00900397893183966	-0.0007148924409008027	0.003142651355150521	-0.0073476095283161146	0.01127691526369256	0.020470431937695748	-0.032589649660612396	-0.0014059938948771955	-0.02172879011770332	0.00900620359482111	0.007024038876024183	0.012441362300345123	0.011759046778651626	-0.001047749048363151	-0.021228749840547713	0.007926183533265602	0.003674100162706145	-0.006454965915249173	-0.0002785769299504997	0.016583119451365896	0.018197924673639326	0.006895873231347113	-0.004774076447589543	-0.008880792700843465	-0.010844113007632829	0.003167793372940722	-0.025975579168176943	0.01838979357740807	0.009679665556645138	-0.002911936055843831	0.012566417452201637	0.014782758604913994	0.005330200930708962	-0.025556280701900698	0.00628116640881631	-0.001912133887844723	0.010215258957810915	0.006374286956917159	-0.012413263659080138	0.007355541778009988	-0.010842298325601801	0.018489508184845762	0.0024578680937365127	0.0006385422754412346	-0.011379236585328752	-0.013586479723265732	-0.013320731288220797	0.001994872596314693	0.005814648456843797	-0.0009731897316759149	0.010273667161694313	-0.009059085403073184	0.0025	0.0018035714285714287	0.0011071428571428573	0.0004107142857142855	-0.00028571428571428584	-0.0009821428571428572	-0.0016785714285714292	-0.002375	0.0	0.0	0.0	0.0	0.0	0.0	0.0	0.0	0.0	0.0	0.0	0.0	0.0	0.0	0.0	0.0	0.0	0.0	0.0	0.0	0.0	0.0	0.0	0.0	0.0	0.0	0.0	0.0	0.0	0.0	0.0	0.0	0.0	0.0	0.0	0.0	0.0	0.0	0.0	0.0	0.0	0.0	0.0	0.0	0.0	0.0	0.0	0.0	0.0	0.0	0.0	0.0	0.0	0.0	0.0	0.0	0.0	0.0	0.0	0.0	0.0	0.0	0.0	0.0	0.0	0.0	0.0	0.0	0.0	0.0	0.0	0.0	-0.008995105872881127	0.003576058365748671	-0.0050463156716858484	-0.006271232358573723	-0.00048480539020454775	0.007486712436077596	0.00487072098072724	-0.00557362784944722	-0.009166691816313445	0.0051073228998533785	0.0047684326475082505	-0.007830205110862902	0.014586096562037177	-0.006871915649253833	-0.0031957687544201616	-0.003653647812694687	0.004924224967050106	0.003937327939137463	-0.006026704652512807	0.00911648329588009	bear
2019-01-31	0.006253765285554129	0.017555320906465544	0.015365956611266844	0.020641380202658426	-0.003448471590641855	-0.008445911162436434	0.002279859804603198	0.01285667197012583	-0.0017105261878974857	-0.0003927617562800761	-0.0032238671582132746	-0.011040214384123703	0.0015026126096293092	-0.0112001715579554	-0.01462634160194327	0.008414302486135842	-0.005254985374535022	-0.0037039451943563107	0.006727889499291255	0.00627531259096024	-0.011910682022039655	-0.0017707674863623546	-0.006935082772132656	0.008013796984383197	0.022703468045578237	-0.012252544715115929	-0.0066753849370297415	-0.016635925461784763	0.009117324288644337	0.0008274783068353568	0.003009953985026536	0.0004958131828254309	0.005754611633287436	0.002610500901073675	-0.011798659323517532	-0.016492513454699688	-0.00031268253081411716	0.0007784064676899773	0.009660854214909526	-0.018345902403119816	-0.0071725887324848156	0.016786000479134044	-0.007652247478361131	0.0025893954840169537	-0.021778632390662536	-0.0028603413948006975	0.022332268905531208	-0.0016902141805164512	-0.008661554326219952	-0.004311118462515556	0.0029690019483589727	-0.00596918138115228	-0.01609178855819662	0.00498491754504877	-0.012317801053555556	-0.012714320899935612	0.0019447408083559975	0.0044161277388223875	-0.0201996805767517	0.005708585061455759	0.02509172029070208	-0.009947114341995276	0.0018475231020044776	-0.026632540075600758	0.0024922788545803216	-0.00727823628738011	-0.006237434380940856	-0.01415114084408573	-0.015459730681650189	-0.002762599307336752	0.0006513992896780883	0.034090021385506514	-0.009712366784425802	-0.00887101809077872	-0.0059160054265005365	0.0017057780496407785	0.006307541120504659	0.003766828402868548	-0.009167064220238363	-0.010462638987271906	0.0025	0.0018035714285714287	0.0011071428571428573	0.0004107142857142855	-0.00028571428571428584	-0.0009821428571428572	-0.0016785714285714292	-0.002375	0.0	0.0	0.0	0.0	0.0	0.0	0.0	0.0	0.0	0.0	0.0	0.0	0.0	0.0	0.0	0.0	0.0	0.0	0.0	0.0	0.0	0.0	0.0	0.0	0.0	0.0	0.0	0.0	0.0	0.0	0.0	0.0	0.0	0.0	0.0	0.0	0.0	0.0	0.0	0.0	0.0	0.0	0.0	0.0	0.0	0.0	0.0	0.0	0.0	0.0	0.0	0.0	0.0	0.0	0.0	0.0	0.0	0.0	0.0	0.0	0.0	0.0	0.0	0.0	0.0	0.0	0.0	0.0	0.0	0.0	0.0	0.0	-0.007388757143188205	0.004953603539294362	-0.012079722337942342	0.004788901491040965	0.0022297471083441134	0.01814783609633299	0.005916502562447542	0.006497845949382736	0.00940894669657623	0.008285588746712253	-0.0009237180708152528	0.005260150939921545	1.0580710918658628e-07	-0.005207939248727325	0.0038010599603521943	0.0013289636259667388	-0.0015061077761745318	-0.0056380138251785035	-0.0012946755345360813	0.0036766221328221166	bear
2019-02-28	0.015197312602890256	0.004775383422629986	-0.00942489934808618	-0.0036827710092542545	-0.006395540394050936	0.025756357285912964	0.0026251058070629	0.00963202526514837	-0.019258607407915858	-0.014661152924234502	-0.0067512562253620925	-0.014447199948824877	-0.023676892602850278	0.023041672339373556	-0.002022757697322611	-0.022411929231879336	0.026463811755544846	0.026931825336833623	0.010554498346577377	-0.0215050170547762	0.0181342031732072	0.0005389888526800258	0.0062039029519832985	-0.022049576697258846	0.007959776912892338	-0.006913814673825088	-0.004848914996586766	-0.00042613093145928767	-0.0004405638577581442	-0.002588817757032614	-0.003124328093771485	-0.005814616649433082	0.007788837015834931	0.012887414358876656	-0.016093979022794212	-0.004429129152307466	0.019607732571762466	0.009845639594466597	0.004515373697111394	0.0038498282119108444	0.02425179802765038	-0.007002067839291252	0.00119586593837015	-0.009592232145746355	0.00919867220171667	-0.0001653782954135209	0.0003967974842001445	-0.0015238238135988286	0.01949478506559314	-0.012119190133181723	-0.002275218518117421	0.009469969950631131	-0.006587053530263869	-0.005214798923022555	-0.02396979789962979	0.013673841898964723	-0.018170102520473956	0.0015538163886046074	0.005630007665066129	-0.004933495716408314	-0.004690752978152285	0.0002492803437977591	0.004760917066136953	-0.012519594481826244	0.0004754654192254197	-0.002405820012587975	-0.008610048770829852	-0.00947244027388041	0.033182949580746975	-0.016936463318579786	0.008923008986888565	0.0073025331894985305	-0.0008139911733452937	0.009134863358574366	0.014039513778773566	-0.012921422525880447	-0.02236563001828901	0.028110546383760742	-0.02306177411538731	0.00897055639791432	0.0025	0.0018035714285714287	0.0011071428571428573	0.0004107142857142855	-0.00028571428571428584	-0.0009821428571428572	-0.0016785714285714292	-0.002375	0.0	0.0	0.0	0.0	0.0	0.0	0.0	0.0	0.0	0.0	0.0	0.0	0.0	0.0	0.0	0.0	0.0	0.0	0.0	0.0	0.0	0.0	0.0	0.0	0.0	0.0	0.0	0.0	0.0	0.0	0.0	0.0	0.0	0.0	0.0	0.0	0.0	0.0	0.0	0.0	0.0	0.0	0.0	0.0	0.0	0.0	0.0	0.0	0.0	0.0	0.0	0.0	0.0	0.0	0.0	0.0	0.0	0.0	0.0	0.0	0.0	0.0	0.0	0.0	0.0	0.0	0.0	0.0	0.0	0.0	0.0	0.0	0.0024513079192610915	0.005718797329026129	-0.010306952460195837	-0.008184567155126837	-0.0023040164960125443	0.004658768761385033	0.01059446767012994	-0.0015462377079375317	-0.0036990024379549027	-0.0055603713485301	0.0070162705109553915	0.0057379391634426085	0.0005799647015540281	-0.005698324422251673	0.010856058815085739	-0.007170882949562538	-0.004319184774948638	-0.0033933598178143955	-0.009279204610656205	0.003947485538866564	bear
2019-03-31	-0.0008425106210041512	0.00028359762433049856	-0.0040415066174182505	-0.01608267412714195	0.006485553640734666	0.0003998832615749121	-0.01212862938249794	-0.004866761184995857	0.017912768032920176	0.012203495155911591	-0.00011783231860469496	0.01092085681870317	0.014041592034203729	0.005203223890359764	-0.0021993331119626765	-0.009215078441519902	0.008287356934706407	0.013710072351674216	-0.007911734187507615	0.021758087172430548	0.006600453630099182	-0.003693190279042011	0.018645057854641437	-0.004752427897999546	-0.0011026849064211097	0.011810206282210326	0.006560212107105496	0.005123208529877734	-0.012029364340123269	-0.010808012328290912	-0.020392665366907602	-0.0043520020840064995	0.018695209192036707	0.023704086746084683	0.0006676321328793764	0.004532396886440464	-0.02333872889201078	0.009628676225685848	-0.0016332806226457403	0.0015267858241159325	0.003814913198161412	-0.003925064370555863	0.002520987867869088	-0.0015820808942084597	0.0051318928553941165	-0.016719686442371033	0.021225979036301232	-0.0003810270266420089	0.006786837802499658	-1.0409878046957038e-05	-0.01115122762563567	-0.005703777079790345	0.009422320838277504	0.012761033332117581	0.0023674018497452437	-0.014110995766519627	0.018155478588498624	0.015451467326392387	0.01342557055969271	0.0015974407340549695	-0.007650841305193413	0.004274388402623725	-0.012257604857465207	0.02239409675575453	0.015896149336711848	0.008809726405559304	0.012995090481507498	0.011989824200683086	-0.015862166804323386	-0.0021268092655786657	0.009327536206215717	-0.024296418260038925	0.0032845496572147122	0.010244047018401509	-0.012723961388878388	-0.008498046771620457	0.007895941809315047	-0.012770623282827454	-0.0049477462367880165	-0.020978581369231093	0.0025	0.0018035714285714287	0.0011071428571428573	0.0004107142857142855	-0.00028571428571428584	-0.0009821428571428572	-0.0016785714285714292	-0.002375	0.0	0.0	0.0	0.0	0.0	0.0	0.0	0.0	0.0	0.0	0.0	0.0	0.0	0.0	0.0	0.0	0.0	0.0	0.0	0.0	0.0	0.0	0.0	0.0	0.0	0.0	0.0	0.0	0.0	0.0	0.0	0.0	0.0	0.0	0.0	0.0	0.0	0.0	0.0	0.0	0.0	0.0	0.0	0.0	0.0	0.0	0.0	0.0	0.0	0.0	0.0	0.0	0.0	0.0	0.0	0.0	0.0	0.0	0.0	0.0	0.0	0.0	0.0	0.0	0.0	0.0	0.0	0.0	0.0	0.0	0.0	0.0	-0.009846504636665344	0.00031043397641939926	0.004773416763003909	0.010033983888918616	-0.0026897089698752572	0.01802861103947193	0.0009372449839576509	-0.006379376666664441	-0.003954371359076389	0.005767812628947451	0.013187331838037577	-0.013787536529560758	-0.0042082676964118396	0.005076962783104782	-0.003128084852470876	0.008059245705432993	-0.001352465248181526	0.0011528613443491402	0.010457499584927438	-0.0025980653866160604	bear
2019-04-30	0.010213375006189237	0.006382520692122797	-0.005380828128109373	-0.006197508769477625	0.024517094128917255	-0.020200692754201187	-0.02051320546529116	-0.0032437321087833777	-0.011972573011028866	6.207618282476625e-05	-0.008786322153667892	0.012055342432787266	-0.0007983030876717711	-0.0020125062293854063	0.015249692957603691	-0.001552190322439918	0.0016472482686992224	0.0008257837024920039	-0.016932342191775192	0.00860325796318574	0.009998275703440003	0.009153596652522827	-0.007658056428832111	0.005734044435985308	0.015043367743833861	0.005876693199312638	-0.012072533145066382	0.0075541442833271764	-0.008131748466409688	0.012322118120293277	0.010815387095626395	0.0160934890670408	-0.012721697466444777	-0.008444129850487068	0.01844073660945923	0.019547293148226494	-0.010593202687732428	0.0030132001286340268	-0.00685886437566316	0.007429678535829718	0.004307438839663918	-0.002207766863655829	0.008886120682526404	-0.006683496289007082	-0.006052905585207783	-0.006139435790365555	-0.016670512590099253	-0.007047505388377215	0.012280318961897626	-0.0008012320586867349	-0.009465700293674911	0.003296584520894626	0.011302963058147122	-0.005700042438392872	0.025844073557532925	-0.011660734948988533	0.007006338454990141	-0.00040468251300879724	-0.004757034441711518	0.005194687835969713	-0.005458918815282577	0.006966259181589408	-0.005705972363552163	0.02667361451972156	-0.011507557460912636	-0.0071117234384515575	-0.021750866005173067	0.011122974486282291	-0.012103385278757636	-0.019334858763849893	0.016345556295426746	0.004057348648965084	-0.010619722678830667	0.0014412368406398017	-0.010149754423647508	0.0025670793848678163	-0.014756697316592302	-0.016658247138835767	-0.0010973705349979297	0.02077293295053314	0.0025	0.0018035714285714287	0.0011071428571428573	0.0004107142857142855	-0.00028571428571428584	-0.0009821428571428572	-0.0016785714285714292	-0.002375	0.0	0.0	0.0	0.0	0.0	0.0	0.0	0.0	0.0	0.0	0.0	0.0	0.0	0.0	0.0	0.0	0.0	0.0	0.0	0.0	0.0	0.0	0.0	0.0	0.0	0.0	0.0	0.0	0.0	0.0	0.0	0.0	0.0	0.0	0.0	0.0	0.0	0.0	0.0	0.0	0.0	0.0	0.0	0.0	0.0	0.0	0.0	0.0	0.0	0.0	0.0	0.0	0.0	0.0	0.0	0.0	0.0	0.0	0.0	0.0	0.0	0.0	0.0	0.0	0.0	0.0	0.0	0.0	0.0	0.0	0.0	0.0	-0.007911665629212028	-0.006795940404009912	0.009941789418633459	-0.0009553713718845793	-0.0022589508756190157	0.007594511246349633	-0.0007272868305722481	0.004216271803433416	-0.001850721422127683	0.014664569718657976	0.012264779433938167	-0.008545352642062728	0.004860952662680891	0.0069457335500226645	-0.005179505602230458	-0.006267055520228458	-0.0010533441658038066	-0.002345658324917747	-0.00248355210832038	0.002340647157226963	bear
2019-05-31	0.01819764670168943	-0.017888760061679547	0.012171816960847206	-0.008082616232362009	-0.0030282475575447716	-0.005319374584383044	0.005512682367453408	-0.001085706970973445	0.0026439297242034617	0.001486520392201426	0.0010097980282576444	-0.0012718315988000863	-0.003982041093521622	-0.0016649665698746856	-0.012658071655965155	0.0016297880433081818	-0.00806154462883291	-0.008618292162805685	0.0015132474341871737	-0.003328334886797581	0.004537892885629244	-0.012134524460069122	0.0021708085890946847	0.005997006176286248	-0.013537788806961621	0.00618519533015505	0.02673586802513711	-0.0011177164505323134	-0.011765790112854594	0.0017917707573853372	0.005924857466745731	-0.0022811441817776443	-0.0016488125490140082	0.0023038113636039783	0.010962210088030814	-0.006040023539046035	-0.0029538547981024814	0.014564738115550981	0.0002465149895252526	0.010282396818841234	-0.004595912493681952	-0.015791158515419398	0.002042239513363795	0.02161073275884283	-0.015216462563359057	-0.0009987980825785275	0.00020079469259297542	-0.0015003623151994764	0.001244595096982623	-0.0031291686883196685	0.0010374771444981864	-0.008676493745376308	-0.013526366756704785	0.006526094079077473	0.012523908604466406	-0.009665830494764487	-0.012263367012777826	0.00011601493420163252	0.007497212870525233	-0.00904047363108258	0.005079261427285899	0.014588178224791528	0.01710852205329986	-0.025609331575719946	-0.00020106888626843992	-0.01943642558602449	0.004513633079005057	-0.019455741359743362	0.012601024507641785	0.007844274457015167	0.005038887627728147	-0.0006487915799298462	0.00014967416621493296	-0.004084660977983834	-0.002012016952642493	0.003756585890474737	0.020807469852563713	-0.004053754298727969	-0.00031971843793046845	-0.01373042170865015	0.0025	0.0018035714285714287	0.0011071428571428573	0.0004107142857142855	-0.00028571428571428584	-0.0009821428571428572	-0.0016785714285714292	-0.002375	0.0	0.0	0.0	0.0	0.0	0.0	0.0	0.0	0.0	0.0	0.0	0.0	0.0	0.0	0.0	0.0	0.0	0.0	0.0	0.0	0.0	0.0	0.0	0.0	0.0	0.0	0.0	0.0	0.0	0.0	0.0	0.0	0.0	0.0	0.0	0.0	0.0	0.0	0.0	0.0	0.0	0.0	0.0	0.0	0.0	0.0	0.0	0.0	0.0	0.0	0.0	0.0	0.0	0.0	0.0	0.0	0.0	0.0	0.0	0.0	0.0	0.0	0.0	0.0	0.0	0.0	0.0	0.0	0.0	0.0	0.0	0.0	-0.007148193153257282	0.0028536570432688454	0.00800876421636	-0.0016148387876939723	0.011948274603723514	0.0033146057058322685	-0.011469677068041664	-0.00916099632914975	-0.005485451529067234	0.0064212166922392455	0.007175545824859487	-0.003126828669772295	0.002096791937959364	-8.874977197362082e-05	-7.150522102024868e-05	-0.0003470532534265139	0.0026357431400794436	-0.004621250237560362	0.006143358919221322	0.004795381340268108	bear
2019-06-30	-0.003389661559306858	-0.015543817762311767	0.007907797873240363	0.029338991403800963	-0.0023900553626463616	-0.026399106192726163	0.008279405765750404	-0.0130356876906968	-0.014089340789259767	0.004378154459536164	0.012416194934868239	0.006426344292260661	0.007874953068594998	0.008409497842098561	0.007945468860333028	-0.0022692659296065635	0.00946279772862641	0.014015246638781773	-0.026345068616711452	0.002095317254040419	0.007362867645508987	-0.013681285064196632	-0.03164936078852395	0.0021115467582369656	-0.004264439275944812	-0.021012133987865347	-0.008844824234316203	-0.012801785338736918	0.010387935008638398	0.0002521148470708613	-0.0017887622869321156	0.011408460126124292	0.007510932910795719	-0.008418042946462737	-0.0010087905043201825	0.003405720775875598	0.0031011003305499323	0.004558127595000946	-0.006921243639703785	0.01375561813003286	-0.004007606128724452	0.003810829148509986	-0.014423407390032563	-0.000995924108926312	-0.004816622856476589	0.00012149958705547243	0.015302416602161946	-0.005715833742066186	-0.0024419988253553846	-0.0027813883778767317	0.008859982558157727	0.009075870242535838	0.004705427847630347	-0.008908939581123244	0.008105702283680839	-0.021540800368101482	0.003343697473128374	-0.00912147202293585	-0.01005477175495576	0.016596378170601292	-0.0037632585285669175	-0.010917069828089852	-0.0031961893371336824	0.011878088069129811	0.0013667056354258597	0.00845076370073663	0.024918940485875327	-0.007706672216875934	-0.007223765271420946	-0.019841595695259357	-0.0073134134196818626	-0.02529803416405584	0.0025163377599365685	-0.006297903512825591	0.009419772955996504	-0.009446614756312522	0.015807725702500032	-0.01093790192420901	0.014211447146027054	-0.004316019771363271	0.0055	0.004482142857142857	0.0034642857142857145	0.002446428571428571	0.0014285714285714284	0.00041071428571428563	-0.0006071428571428575	-0.0016250000000000001	0.0	0.0	0.0	0.0	0.0	0.0	0.0	0.0	0.0	0.0	0.0	0.0	0.0	0.0	0.0	0.0	0.0	0.0	0.0	0.0	0.0	0.0	0.0	0.0	0.0	0.0	0.0	0.0	0.0	0.0	0.0	0.0	0.0	0.0	0.0	0.0	0.0	0.0	0.0	0.0	0.0	0.0	0.0	0.0	0.0	0.0	0.0	0.0	0.0	0.0	0.0	0.0	0.0	0.0	0.0	0.0	0.0	0.0	0.0	0.0	0.0	0.0	0.0	0.0	0.0	0.0	0.0	0.0	0.0	0.0	0.0	0.0	-0.005105663347097488	0.0035065457382338137	-0.0040544467732125476	-0.002825093660875142	0.0033069089944817486	0.009859068452602836	-0.00246176407348051	0.013927988229404966	0.0034931246169731165	-0.0010880526850725533	-0.0012123411121615496	-0.007642228218616163	0.008801153003457829	-0.00945012917923774	0.0032035529260770195	0.003455570037486357	0.010829516673587046	-0.01091991225966939	0.010528659591568843	0.003980152384193757	bull
2019-07-31	0.0037336530557222037	-0.0031761150451836296	-0.002150650769079702	0.00392671447884619	-0.005860891981550126	0.008247424224650324	0.008582277140655896	-0.009748889181135067	-0.011807784835651028	-0.011534135916229019	-0.012519515474808406	-0.005755635822423485	0.019810397924197077	-0.014035980704122472	0.007047235828683802	-0.009686021721427546	0.016065846103919656	-0.012804623993155437	-0.008125307850615474	0.009099419105160595	-0.003544417024851153	-0.0028717005800314496	-0.024812200552322666	-0.01451236936378151	0.006791167038391737	0.012273149158502153	0.00826612302713384	-0.015142116202860306	0.0013164172479745806	-0.002660194211771556	0.015264502486065383	-0.01253454630502733	0.012099525630892507	-0.002682324909763596	-0.02207202652575398	-0.0025558760226087004	-0.008650065363613377	0.002303929460659568	0.0005538382061393462	0.003082239701134646	-0.0051247680407789575	-0.011527699102247772	-0.013609749393435757	0.019504621078344123	0.010658772545773118	-0.0015876486174417539	-0.006835861995210158	0.0050809734715528115	0.01240508103266235	-0.013650970332902081	0.00017037071806864373	-0.003502713106058111	0.0044662667908461785	0.0040408533364631885	0.01103175621727793	-0.0076821396572942	-0.014418942331114298	0.003113340690280594	-0.014031323568306995	0.009613726258249054	-0.009395657846339417	-0.0019431078557082923	-0.008773709510685106	-0.018398292324513822	-0.008943885829493544	0.02635159682941887	-0.003215925495711776	-0.008252308752437458	0.004640891025668655	-0.004714404875711569	0.00910844098336169	0.017852643297645517	-0.011501836948749013	0.00925691954931072	-0.003529656442667456	-0.000756518681664262	-0.01746647334051152	-0.0025914174337715486	-0.009819937301335326	0.002498774414003716	0.0055	0.004482142857142857	0.0034642857142857145	0.002446428571428571	0.0014285714285714284	0.00041071428571428563	-0.0006071428571428575	-0.0016250000000000001	0.0	0.0	0.0	0.0	0.0	0.0	0.0	0.0	0.0	0.0	0.0	0.0	0.0	0.0	0.0	0.0	0.0	0.0	0.0	0.0	0.0	0.0	0.0	0.0	0.0	0.0	0.0	0.0	0.0	0.0	0.0	0.0	0.0	0.0	0.0	0.0	0.0	0.0	0.0	0.0	0.0	0.0	0.0	0.0	0.0	0.0	0.0	0.0	0.0	0.0	0.0	0.0	0.0	0.0	0.0	0.0	0.0	0.0	0.0	0.0	0.0	0.0	0.0	0.0	0.0	0.0	0.0	0.0	0.0	0.0	0.0	0.0	0.004648782746042716	-0.015422086383046641	0.008135090916811414	-0.0020622459545729015	0.0031698421637682416	0.01248326550311803	-0.0014743594238185503	-0.0022976981831073495	-0.0002451922648488167	-0.012832950864791979	-0.0022040510575811814	-0.009472733312382374	0.01437409506852501	-0.002754484619500187	-0.005481722455723949	0.011505994962121902	-0.005421272371122707	-0.001435564352159855	0.00392116371910568	0.007396751966782718	bull
2019-08-31	-0.013156193495556507	0.015945071922087505	-0.004550034594067113	0.004793876162964606	0.00784589094086409	0.016276677502991974	-0.023955970760029404	0.003180669799903674	-0.005241521820275141	-0.010239085387544028	-0.0007062801221332311	0.005770100411931917	0.0033440684562766713	-0.022680411860754254	0.019092040174482076	0.017406813185334043	-0.013974516133343377	-0.004678751812086754	0.0009619159657917416	-0.0023912071385912225	0.012611872027720133	0.020328802876521123	-0.029120899992000387	-0.005773043768505503	-0.003310054172750328	-0.015710257592961695	-0.00886825223598406	-0.00574201768701062	0.0026003004189654264	0.01097075236370908	0.0061057451344862165	0.009960067452005396	-0.004140638963921804	0.018640591820953567	0.00753945444013136	-0.007402065984623002	-0.012787182455121976	0.008080644278442002	0.020439852894904922	0.0009957766510533626	0.0020619953177459568	0.0031425244995590892	-0.0030706034400476657	-0.001909211031221754	-0.023557764307303528	0.020383446201927807	-0.015282897015195952	0.006842533074750915	-0.0020598785592838387	-0.010656518005501743	0.01974818116543833	-0.00818670447649315	-0.004656308413665164	-0.00015845271813198227	-0.011219355685185532	0.00021938938020528887	0.026755669781331485	0.0016254340478308532	0.012950441373800114	-0.008240875248664513	-0.00010940565276746645	-0.004601386508385516	0.005454589395665075	-0.012036508436198155	0.003926005903992848	0.00015466561942230198	0.010662940299001682	-0.00864015495100756	-0.023507676487901037	-0.004526665636400399	0.007434478702619865	-0.028597088889893523	0.0028338217131715373	-0.006329334567685436	0.0003234528616806217	-0.0007797192592972744	0.008985799577163221	-0.027466213709255775	0.012133783707284152	-0.002683953682924913	0.0055	0.004482142857142857	0.0034642857142857145	0.002446428571428571	0.0014285714285714284	0.00041071428571428563	-0.0006071428571428575	-0.0016250000000000001	0.0	0.0	0.0	0.0	0.0	0.0	0.0	0.0	0.0	0.0	0.0	0.0	0.0	0.0	0.0	0.0	0.0	0.0	0.0	0.0	0.0	0.0	0.0	0.0	0.0	0.0	0.0	0.0	0.0	0.0	0.0	0.0	0.0	0.0	0.0	0.0	0.0	0.0	0.0	0.0	0.0	0.0	0.0	0.0	0.0	0.0	0.0	0.0	0.0	0.0	0.0	0.0	0.0	0.0	0.0	0.0	0.0	0.0	0.0	0.0	0.0	0.0	0.0	0.0	0.0	0.0	0.0	0.0	0.0	0.0	0.0	0.0	0.0011668435261139982	-0.004016160433568118	0.00407770682263584	-0.0016878356841755126	-0.006667526095787532	0.00012620596704882286	-0.003939490341787112	0.00531816265068738	-0.0033132997111281967	0.000900587881446333	0.0016063167827387763	-0.0021255199881420788	0.0006542497809475076	0.006203672657314906	-0.004893930326071138	0.009736555001591955	-0.0038359737812175545	0.009028448677119355	-0.0003928976850775921	0.007604450620520009	bull
2019-09-30	0.011018452863733352	0.01371722750334373	-0.004298934033153746	-0.008290756650267041	-0.00532447282869362	0.0036233780021505757	-0.0002042177584990797	0.001984080812139445	0.0007542057536154906	-0.015182753222273996	0.02263496518554189	0.012971877948943	0.012265836896860614	-0.025389885090057553	-0.0068642402326496675	-0.0188129488397208	-0.0046216808950347585	0.0026249619063425165	-0.018499264230697608	-0.013346090782595386	-0.0071966760131172425	0.00234182401756057	-0.005553946419435537	0.01673744005686163	-0.014245527647297692	-0.016170327371918668	0.014689570322724142	6.231865624725715e-05	-0.011643456101887134	0.022624760227231908	0.00026904974631511045	0.0040048469697931445	0.000551069665089291	-0.0024669186672620987	-0.011905833980834023	-0.019847931473516732	-0.013858712151205639	0.009758379513874633	-0.011890726223130248	0.016888762935702108	0.01902808608022488	0.014940606249360501	-0.010665267820101628	0.01263095397768396	-0.006519063370430563	-0.001960901721269673	0.022650388491295984	-0.006109772953070101	0.025239173831542765	-0.010407406816944593	-0.003146775895907071	-0.011143436710705189	-0.012860173339562448	-0.0010311692103953413	-0.009701249115868971	-0.011545146855375601	-0.007472518990049699	0.007875811102484264	-0.02092565255683997	-0.004600210932772024	-0.005898626753144513	-0.0036987863856588234	0.0049682199708521516	-0.009204474609618327	0.009238845643917208	-0.00099190373539218	-0.009006309246083586	0.010657963255095819	-0.0016441980491351765	-0.006628759019225668	0.01490242205161841	0.017358889596777935	0.011642829507926524	-0.02068733864725602	0.009040860150191546	-0.008886995014715952	0.008602386829610259	0.015569385736123395	0.0020896386604635437	-0.005062457558768449	0.0055	0.004482142857142857	0.0034642857142857145	0.002446428571428571	0.0014285714285714284	0.00041071428571428563	-0.0006071428571428575	-0.0016250000000000001	0.0	0.0	0.0	0.0	0.0	0.0	0.0	0.0	0.0	0.0	0.0	0.0	0.0	0.0	0.0	0.0	0.0	0.0	0.0	0.0	0.0	0.0	0.0	0.0	0.0	0.0	0.0	0.0	0.0	0.0	0.0	0.0	0.0	0.0	0.0	0.0	0.0	0.0	0.0	0.0	0.0	0.0	0.0	0.0	0.0	0.0	0.0	0.0	0.0	0.0	0.0	0.0	0.0	0.0	0.0	0.0	0.0	0.0	0.0	0.0	0.0	0.0	0.0	0.0	0.0	0.0	0.0	0.0	0.0	0.0	0.0	0.0	0.005297555980011289	0.002306144557280443	-0.0038643136252819437	-0.0027493747077329345	0.00915873052765342	0.008412153022945094	0.011871726620238506	0.01016491217785448	0.0060834494763787016	-0.006978555558690683	-0.0017456272259071556	0.0024573157497071105	-0.0035139456392670127	0.010762595902733459	0.0006504572530109283	-0.001471885332859902	0.0010229784921307748	0.004061542078815814	0.0038432735969988305	0.007451295106501294	bull
2019-10-31	0.011193541959356275	-0.00716822384738407	0.0023355920992070454	-0.004334200524543265	0.0075326665972037694	-0.012863083630971613	-0.005477881351896441	0.02051807969695716	0.012453881917862408	-0.008830951823741693	-0.014231453725937114	0.012151572004866988	0.031379591145126895	0.015774656814770454	0.013604042044692947	0.012653393639851703	0.009301321885813039	0.010277938356122708	-0.002351932955900886	-0.0036609114252522776	0.007417738409921979	0.01250866273922608	-0.021262369022694298	-0.015734588256061735	-0.020329675510064208	-0.013422758887485448	0.01759360560642883	-0.009230818717615394	-0.002807072308446359	-0.012592587194836647	-0.01203689157226195	-0.008160136921008228	-0.01623622901776915	0.004451511090044711	-0.002005120670821664	0.0007072964028967762	-0.013895434180972437	0.005700709118091629	-0.016009932662911737	0.008550899587232881	-0.008085491291703958	0.0020838861532089994	-0.006376168554282157	0.013695190175569022	-0.0021512309183297196	0.0023096775205417664	0.0021857841303868967	-0.008360288881119496	0.010965360597781427	0.024398218736259695	-0.014144809691150673	0.011270483494527967	0.015945593378746282	-0.01625365953959394	0.009243342170737986	0.017115543642281756	-0.009545425660879781	-0.006448041539830726	-0.017447805043078416	0.005115467268214364	-0.003223724394375718	0.011367822479690808	0.016052156444797336	-0.012900392652608084	-0.0028774123361799283	0.01568878860742086	0.0059556615181311405	-0.018203569187110625	0.006754292420843041	-0.005627571493702457	-0.005733991550134007	-0.00011872513556172318	-0.015457091524471915	0.002614028683128673	0.026319279835175853	0.006897704822393003	0.013927854155346924	-0.010468385609543603	-0.007341143501471887	0.007581107916441759	0.0055	0.004482142857142857	0.0034642857142857145	0.002446428571428571	0.0014285714285714284	0.00041071428571428563	-0.0006071428571428575	-0.0016250000000000001	0.0	0.0	0.0	0.0	0.0	0.0	0.0	0.0	0.0	0.0	0.0	0.0	0.0	0.0	0.0	0.0	0.0	0.0	0.0	0.0	0.0	0.0	0.0	0.0	0.0	0.0	0.0	0.0	0.0	0.0	0.0	0.0	0.0	0.0	0.0	0.0	0.0	0.0	0.0	0.0	0.0	0.0	0.0	0.0	0.0	0.0	0.0	0.0	0.0	0.0	0.0	0.0	0.0	0.0	0.0	0.0	0.0	0.0	0.0	0.0	0.0	0.0	0.0	0.0	0.0	0.0	0.0	0.0	0.0	0.0	0.0	0.0	0.012188558217477215	0.009177169818542863	-0.0008253373172450837	-0.013599323529965552	0.009727124422152164	0.01007861787443428	0.00994728783430138	0.0023007615747497666	-0.013183704427354037	-0.005326028632866981	-0.0033571697063472217	0.002261917591935862	0.004035643575301846	0.001651993560837325	-0.0033477167067928024	0.0007242009252492205	-0.002322939319253064	0.00465012756508833	-0.00869870045534298	0.004324045125051874	bull
2019-11-30	0.0044603087017173445	0.011376219477990687	-0.009355754079087676	-0.0026052760689455885	0.010309756266529307	-0.004198023127377983	0.016192748374515443	0.005584467801762253	0.004253114618613275	0.006315469566553673	0.010325400475672548	-0.023931397698390644	0.008673971717886681	0.0037558228800640588	0.0029899228615676695	0.0037166314869020753	0.0042050336017993946	0.014869151874178454	-0.005911416613053716	0.0005426790063085258	0.000923020166133567	0.002700602365860407	-0.006777545825625986	-0.028382270201122686	-0.024220371454174272	-0.012524817903348343	-0.009606324575732237	0.012000604863863588	-0.004934534242183707	-0.005964016157419414	-0.004186781479809733	0.01657122781095646	0.0014827174218299704	0.018940708330934874	0.0009916704885769756	-0.008387442494425046	0.005039632937600799	0.01005282231063263	-0.010188902096388829	0.004883011177807853	-0.007874218492882105	-0.006691671942377028	0.014295827994949965	-0.010684696865441079	-0.0017028747001380606	0.030907629196498625	-0.009222231814683346	0.013184439980923396	-0.008588649796871135	-0.02221349912963131	0.014281328788040936	-0.011801788685595532	0.030764990828300715	-0.0005839991391656464	-0.003236564310280062	-0.01021430426501761	-0.011830653468890338	0.00016363402208808523	0.015346703388896812	0.011199256179786617	-0.0011766681817313612	0.029420644400719825	-0.02361601467312884	-0.005545957488422093	0.002368701373450259	0.01148089716695253	-0.0011164549834549952	0.007614482308781635	0.004870929284798911	-0.0088170884835325	-0.011506108129852784	0.005983058044390554	0.008571778421800357	0.0011875946786640533	-0.0032272005795274416	0.005458839624195312	-0.02325586128860648	0.010935377536536839	0.022485028622247556	0.024086998864681824	0.0055	0.004482142857142857	0.0034642857142857145	0.002446428571428571	0.0014285714285714284	0.00041071428571428563	-0.0006071428571428575	-0.0016250000000000001	0.0	0.0	0.0	0.0	0.0	0.0	0.0	0.0	0.0	0.0	0.0	0.0	0.0	0.0	0.0	0.0	0.0	0.0	0.0	0.0	0.0	0.0	0.0	0.0	0.0	0.0	0.0	0.0	0.0	0.0	0.0	0.0	0.0	0.0	0.0	0.0	0.0	0.0	0.0	0.0	0.0	0.0	0.0	0.0	0.0	0.0	0.0	0.0	0.0	0.0	0.0	0.0	0.0	0.0	0.0	0.0	0.0	0.0	0.0	0.0	0.0	0.0	0.0	0.0	0.0	0.0	0.0	0.0	0.0	0.0	0.0	0.0	0.006893556233328569	0.0017452341107295833	-0.0038377312195759256	-0.01643724144471618	-0.014953120625841065	-0.005903371118200386	0.002156703419297295	-0.004405708440750292	-0.006170968268195804	-0.004481009016119389	-0.002262915143720552	0.0007891332081119882	-0.004511088599204771	0.002829313037886903	-0.0034188529217597237	-0.007708359855382028	0.005521464966230958	-0.009322383557626959	-0.0038407017395457738	0.004229515829934836	bull
2019-12-31	0.026951268980955005	0.002733808286555476	0.017249692831594422	-0.000278438452205796	0.022180515659590505	0.021578227345674054	-0.01398593678109922	0.006076124081551953	0.0011796826407567485	0.019841093639250337	0.012172713747216972	0.010610055422015378	0.006760366916053811	0.010242415197059694	0.02366516246211037	0.009337246211568137	-0.0015531292356407258	-0.008616026207516194	0.0031432214174717823	-0.001600940493836683	-0.025675440953635106	-0.01541801958519439	0.011921405414876457	0.007179752141866125	-0.018015091800101468	0.0140502923904173	-0.0034116288061819752	0.0018731252563762497	-0.011542009820802685	0.0010079867522291377	-0.009520696656194986	-0.011641658050196999	-0.013704402937467108	-0.009494349787772591	-0.0055434156529390955	0.02650941620651591	-0.010245388284444334	-0.0014582931277191563	0.011272445084489366	-0.010235981208874806	0.003056080421458972	-0.017468517709276685	0.0008514955792258299	-0.005219477388833419	0.013481061965585952	0.007999346097539977	0.02453078426194543	0.00578333223364826	-0.020134127115185953	0.008813415933719827	-0.007270222311911704	-0.010838264441339148	0.010455672084595607	0.015871916930239396	-0.00101945049730168	-0.002376352303342048	-0.007508641639573159	-0.0028176550829293687	0.008592247781608069	-0.007529182529817117	-0.013573490309311029	-0.006536530503099259	0.021234030617218725	-0.01183075932938255	0.018541001486746516	-0.0029373650059896957	-0.011907474726070866	-0.011249618361077176	0.011750029211240173	0.0001748928453734441	-0.009929466217640352	0.010417247113599508	-0.0011531945302302082	0.008125554256019487	-0.005776943404214983	-0.004194143340533973	-0.008651364475205052	0.010092903515818074	0.007973812783942156	-0.005287464325107781	0.0055	0.004482142857142857	0.0034642857142857145	0.002446428571428571	0.0014285714285714284	0.00041071428571428563	-0.0006071428571428575	-0.0016250000000000001	0.0	0.0	0.0	0.0	0.0	0.0	0.0	0.0	0.0	0.0	0.0	0.0	0.0	0.0	0.0	0.0	0.0	0.0	0.0	0.0	0.0	0.0	0.0	0.0	0.0	0.0	0.0	0.0	0.0	0.0	0.0	0.0	0.0	0.0	0.0	0.0	0.0	0.0	0.0	0.0	0.0	0.0	0.0	0.0	0.0	0.0	0.0	0.0	0.0	0.0	0.0	0.0	0.0	0.0	0.0	0.0	0.0	0.0	0.0	0.0	0.0	0.0	0.0	0.0	0.0	0.0	0.0	0.0	0.0	0.0	0.0	0.0	0.0046943584978939665	0.006423542687135502	0.0002612358964906781	-0.008200159774620191	-0.009871965624426715	0.0006636779005567109	-0.006403803735588676	-0.0014947696383150323	-0.004147966329952321	0.00470805607136877	0.007369576217214166	0.00260756471389007	-0.00898366875000451	0.006856408926229664	-0.0011393062704238926	-0.00660451523561293	-0.0003850181507954805	0.002548973435529677	-0.005590914028484796	-0.004384846235216471	bull
2020-01-31	-0.0032452216343057476	0.004908507677552513	0.02453740795279946	0.01185492466956114	0.011797006660306378	-0.0066827105910386465	0.0034973831164915635	-0.012551978074991876	0.02093427435011147	0.009778541327683847	0.010480131599221159	-0.02028527164999192	-0.009809550293696664	0.017902637637448756	0.012249458923096328	0.026688760307012963	-0.011232170080436157	-0.014892008737861274	0.00801226084222606	-0.004436052206898457	-0.008442375013175716	0.008531781325915326	0.002372916053583577	0.0036065582939668397	0.023436588210974905	0.015476129381006088	0.019698868692822093	-0.013580637368908657	0.010211959030154634	-0.010683251627811249	0.003551333151825993	-0.003266774574512392	0.012995771551177133	0.010600005336961857	-0.012881524991510372	-0.007077291834298259	-0.007131256084330683	0.010838726291203426	-0.009399484944930463	0.009452687452570564	-0.0022076634700986426	-0.005843225821794506	-0.0062923827372975815	-0.008550742358756545	0.009072065443192978	0.005197683482746515	-0.0003567954138252844	-0.01615549853152282	0.0007097704016780014	-0.013556339779718577	0.006893654045641762	0.013126005748869268	-0.018163789516229347	-0.0006260989189933281	-0.014775490539965214	0.03945398566003156	-0.003798005592774029	0.006809495276860624	-0.0005516645265579831	-0.0026806767706971076	0.008709368493046118	-0.016727107249143183	-0.0007592571487778452	0.005047823748857685	-0.010058414540697289	-0.004210182462521164	-0.0061735120705950315	-0.00829691750708159	0.0020762195838395104	-0.01104292571722581	-0.0003853164158104362	-0.02186061607375049	-0.0015537312723751093	-0.0019492541743736443	-0.0010278181916087443	-0.02852082083575892	-0.003364946124028146	0.003796568440814873	-0.012498996733891148	-0.014430548667146251	0.0025	0.0018035714285714287	0.0011071428571428573	0.0004107142857142855	-0.00028571428571428584	-0.0009821428571428572	-0.0016785714285714292	-0.002375	0.0	0.0	0.0	0.0	0.0	0.0	0.0	0.0	0.0	0.0	0.0	0.0	0.0	0.0	0.0	0.0	0.0	0.0	0.0	0.0	0.0	0.0	0.0	0.0	0.0	0.0	0.0	0.0	0.0	0.0	0.0	0.0	0.0	0.0	0.0	0.0	0.0	0.0	0.0	0.0	0.0	0.0	0.0	0.0	0.0	0.0	0.0	0.0	0.0	0.0	0.0	0.0	0.0	0.0	0.0	0.0	0.0	0.0	0.0	0.0	0.0	0.0	0.0	0.0	0.0	0.0	0.0	0.0	0.0	0.0	0.0	0.0	-0.005363288194056521	-0.00984832575604879	0.01268558841012519	9.757135550884206e-05	0.006684420895604294	0.008095812344527433	-0.009096210797993115	-0.010391743302194043	-0.0004772744140931587	0.011130876388718706	-0.0024459744093095447	0.0003615517434523264	0.001786454396362346	0.004244282476038907	0.0022367177764345612	0.0019261600886892856	-0.004316870298803348	0.0007143812534641093	0.004760516208842895	0.003111752287791502	bear
2020-02-29	0.001370054933248812	0.0019574670700048965	-0.008935108365393896	0.0025030226292638157	-0.02087727966954539	-0.006441023312927107	-0.006335927419079608	0.0011826299681644298	0.01141568608385812	-0.008595896822878655	-0.038800923316255315	0.0002205202738305413	-0.00944313372865869	-0.0033507760355255493	0.007056171419354888	0.014641358427510905	0.003974133909469509	0.01763133764029892	0.0005397186632144927	-0.015402168433639616	0.010811024859940304	-0.0021292017866179924	0.015348776613255607	0.006060671499603211	0.0040847677317076	-0.021362359702836148	-0.004807510685603824	-0.00888078806107087	0.00542579505429241	0.00019329046461781694	-0.013509381289184092	0.0026542899041035115	0.010418758360056415	0.007686732727069505	0.011859481710673622	0.008688300672263888	-0.003981459978942097	-0.0061239733617669215	-0.027701069671717905	-0.01114945848851281	-0.004193537148149939	0.001172389415872411	-0.0021453171889034184	-0.002599506603066816	0.0059144353919274	-0.019521936069729143	-0.005062644483346886	-0.006508696766289336	-0.002199351717801233	-0.01235699929567485	0.0016077959473188752	0.005133777365075575	-0.013130723464104812	0.009639072123918357	0.016694234163990077	-0.00544600447736904	-0.004864410072844369	-0.01759334224861191	0.0066278031328291164	0.006891725312698827	0.002434721225930963	-0.008712434660157326	0.002617839405136008	-0.007110992513920176	-0.016922883937938893	0.021174451195732656	0.0002626907863722671	0.018587249253043975	-0.014507193700720624	-0.007948548906637118	-0.010779876078232541	0.013536119596660736	-0.0066360885772480315	0.02385590562577131	0.00789514554987798	0.02779421494434261	0.003020241003543324	-0.0012420864237150712	-0.014196644786591781	-0.005592243012550922	0.0025	0.0018035714285714287	0.0011071428571428573	0.0004107142857142855	-0.00028571428571428584	-0.0009821428571428572	-0.0016785714285714292	-0.002375	0.0	0.0	0.0	0.0	0.0	0.0	0.0	0.0	0.0	0.0	0.0	0.0	0.0	0.0	0.0	0.0	0.0	0.0	0.0	0.0	0.0	0.0	0.0	0.0	0.0	0.0	0.0	0.0	0.0	0.0	0.0	0.0	0.0	0.0	0.0	0.0	0.0	0.0	0.0	0.0	0.0	0.0	0.0	0.0	0.0	0.0	0.0	0.0	0.0	0.0	0.0	0.0	0.0	0.0	0.0	0.0	0.0	0.0	0.0	0.0	0.0	0.0	0.0	0.0	0.0	0.0	0.0	0.0	0.0	0.0	0.0	0.0	-0.002670541332068996	-0.006472531833249516	0.0034519428717388542	0.0068086505011651114	-0.00429179423492693	0.0142224677790951	0.0033500385133486015	0.008236335284036597	0.00044445929547559757	-0.010505507877426469	-0.002149611620889477	0.010730229869723655	0.004170672202029171	0.001885868097378404	0.015483395515629538	0.006385427052779271	0.0010503015044276936	0.0053775283191666206	0.002955280804714338	0.002276371458307484	bear
2020-03-31	0.01006877436227782	0.009075630268757306	-0.008695974324428576	0.012381942673127047	-0.014505167333499294	0.001940802450466521	-0.0054141083923276165	0.0020428927425380724	0.0060067280154562416	0.015645431843876307	0.008144899821691944	0.009653134206962882	-0.013467132540501107	0.003717948062720732	0.010075376477864823	-0.0011061405041164006	0.002694591896232759	0.012984709289444089	-0.0004720949327838334	0.0008679026494292025	-0.013880644416603838	0.011533931620034311	0.013041391710677967	-0.01801180187797983	0.0015186101147820297	-0.017185287320057818	-0.005397897521342332	0.004124317084797249	-0.010188872301674421	0.01519962918482105	0.0012613472287751574	-0.003585691759362896	0.023423641267054658	-0.013244119340709634	0.01621474590142663	0.012503368395941097	-0.00884378343520836	-0.011674879895701502	0.01295970950952721	0.002482810621082742	-0.009685750553249642	0.006753335987952697	0.0018952249672626582	-0.022612706656783645	-0.010931035109917511	-0.01856498161796429	0.007761707325129395	-0.02373228851942023	0.008865188433779328	-0.003006374554611212	-0.012141409310690594	-0.012792817828491185	-0.007947185545754144	0.004973783991474466	-0.0033373605474244197	-0.02290932555394989	-0.004005884201875792	0.0023255044370044725	0.007083055118087573	-0.007791920064006232	-0.024251126887207604	-0.007648704082347642	0.03694270931839184	0.0034675975497606803	0.009373014112246326	0.007154244179116884	0.0018684611643127777	-0.010065984401059639	0.0062588645708472794	0.021533237993524617	0.002747136731570775	-0.024940841062593307	-0.009819706344440885	0.0024847473536371966	0.00652824537238404	0.00490469510160225	0.013223370280915988	-0.011542712735639301	0.01674441438140741	0.0019772601936862673	0.0025	0.0018035714285714287	0.0011071428571428573	0.0004107142857142855	-0.00028571428571428584	-0.0009821428571428572	-0.0016785714285714292	-0.002375	0.0	0.0	0.0	0.0	0.0	0.0	0.0	0.0	0.0	0.0	0.0	0.0	0.0	0.0	0.0	0.0	0.0	0.0	0.0	0.0	0.0	0.0	0.0	0.0	0.0	0.0	0.0	0.0	0.0	0.0	0.0	0.0	0.0	0.0	0.0	0.0	0.0	0.0	0.0	0.0	0.0	0.0	0.0	0.0	0.0	0.0	0.0	0.0	0.0	0.0	0.0	0.0	0.0	0.0	0.0	0.0	0.0	0.0	0.0	0.0	0.0	0.0	0.0	0.0	0.0	0.0	0.0	0.0	0.0	0.0	0.0	0.0	-0.006925071351583107	0.00024634051588271096	0.0020079782247367788	0.000357820007097965	-0.004127272153253462	0.007389915422143204	0.0030036726558397547	0.009129675602239148	0.005262147385208265	-0.0010940864809550156	0.003548223818876343	-0.003822778513152192	-0.003770150656319616	-0.0046968739785517135	0.005205328967654382	0.009247544296849229	0.0032517570262536066	0.0004826328935860812	0.0016121471915403348	-0.006843495294665311	bear
2020-04-30	-0.010169009771513148	-0.01667823990254505	-0.011424030023762875	0.02342484530718971	0.014342515351827258	0.010800660186265547	0.010351489766229125	0.020543941747361603	0.010122646794046342	0.00968465883647747	0.005691592587057806	-0.0022179113812355045	0.0058959659458090044	-0.0065811638752927394	0.014693811806974223	-0.007745873065376808	0.00794570800519595	-0.004760407040059745	0.01881720878126544	0.009045111463100124	0.007910401408464546	0.0013098888705420824	0.007912531446538699	0.005949588328323493	-0.0094513472822779	0.015932449946772686	0.00392198618383713	0.009318175571978487	-0.014667040907670252	-0.013265799347148036	-0.005721914122300375	0.005127119613517493	-0.017703229849620247	0.007000681176760291	-0.0031312449769466213	-0.007427892286632597	0.003326922395646438	-0.015886238287167155	-0.00953317294205727	-0.003837793178931634	-0.003140616959286632	0.0069765295320451705	-0.007756787797236102	0.022340143450741142	-0.0012826566081286354	0.0070388583423335975	-0.02024192696377674	-0.006683192717787937	0.0003160585348772691	-0.006186325131936441	0.017770405531906407	0.010164308782610309	-0.007913966502927878	-0.0006383770733089724	0.0030735101984810356	7.880696426463523e-06	-0.016240545284299156	-0.009185787321058302	0.006400488631898309	0.0020455870475974006	-0.01912042208568458	-0.01895993224639694	-0.017346191965534677	-0.0021303134076491115	0.0057984140419529255	0.001977238843155102	0.011122732811655267	-0.008307821036899999	0.016816918140792902	-0.012153375655839639	0.0071925756257943665	-0.0019131035688815994	-0.028907633216575662	0.006504730278127763	-0.01523994872240134	0.00784450889585053	-0.007949015692004607	0.009050183326656878	0.016108099055189264	-0.0012582846513635307	0.0025	0.0018035714285714287	0.0011071428571428573	0.0004107142857142855	-0.00028571428571428584	-0.0009821428571428572	-0.0016785714285714292	-0.002375	0.0	0.0	0.0	0.0	0.0	0.0	0.0	0.0	0.0	0.0	0.0	0.0	0.0	0.0	0.0	0.0	0.0	0.0	0.0	0.0	0.0	0.0	0.0	0.0	0.0	0.0	0.0	0.0	0.0	0.0	0.0	0.0	0.0	0.0	0.0	0.0	0.0	0.0	0.0	0.0	0.0	0.0	0.0	0.0	0.0	0.0	0.0	0.0	0.0	0.0	0.0	0.0	0.0	0.0	0.0	0.0	0.0	0.0	0.0	0.0	0.0	0.0	0.0	0.0	0.0	0.0	0.0	0.0	0.0	0.0	0.0	0.0	-0.010811477795803846	-0.0028468986721767366	-0.01281066254575754	-0.011624999394290219	-0.009400392115289629	0.0036537971259110874	0.003613898636613965	-0.0022575281088987728	0.006867700801350303	-0.0040011315539478474	-0.005542561055947503	0.0010233702215058597	-0.002892195732612432	-0.0014820823085575723	-0.0011749083555853978	0.00048276144853179976	-0.0028361245547585774	0.0036837517398705956	0.009566654670974537	0.00010573203668055647	bear
2020-05-31	0.010898079924744683	-0.011258948075316902	0.014538948688394374	0.011248443635272585	-0.02001881694948883	-0.00396474852385564	-0.021472988380000706	-0.02753065820853431	-0.004718670880331952	0.00023968485151827594	-0.011011501289940785	-0.0013986036549458627	-0.017284456634778247	-0.012375618775003266	-0.007055519323542055	-0.013476441326537015	-0.021401081525692162	0.0038902218923621943	0.009360811376774187	-0.013795262903481228	-0.012566044141984147	0.017495758664598588	-0.0012272605606239331	0.0009656143259787804	0.01629163771231584	-0.008949015401201521	0.002244811930651772	0.012228344515341692	0.013803626723444307	-0.0005524286598659614	-0.0048086819064021465	-0.005544294538053089	-0.008484167661454106	-0.010130844685638114	-0.0309005521143557	-0.0018084051194596769	-0.016214850854147672	-0.01683207230366983	0.005157841117142435	-0.013095621252100908	-0.009997234302198623	0.007346887431773161	0.008206005710475762	-0.010784739725390121	0.005730188362543149	-0.014053864668715443	-0.008320386422457868	0.008715484546356176	0.01625735760973663	-0.0028707315983299677	0.007296266722662266	-0.007727616848945083	0.005101280645256052	0.0100398420608556	0.011082813997227166	0.018779559093322427	0.005183862140706064	0.003252963465786105	-0.012633086015472217	3.902530722000271e-05	-0.017029181646454884	-0.004277755524700299	-0.004889618552375911	0.007683294791735551	-0.01593000397800186	0.02642540342517095	-0.0008694014722014581	-0.0018617114794765382	-0.00850121551751653	-0.011864955705771658	-0.007754187824935683	0.0055000838618264455	-0.01422673932817251	0.008389529854052554	0.003592564281936825	-0.006416830569537345	0.010213920439446416	0.0024580598929064244	0.000650607950863741	0.016778242147488638	0.0025	0.0018035714285714287	0.0011071428571428573	0.0004107142857142855	-0.00028571428571428584	-0.0009821428571428572	-0.0016785714285714292	-0.002375	0.0	0.0	0.0	0.0	0.0	0.0	0.0	0.0	0.0	0.0	0.0	0.0	0.0	0.0	0.0	0.0	0.0	0.0	0.0	0.0	0.0	0.0	0.0	0.0	0.0	0.0	0.0	0.0	0.0	0.0	0.0	0.0	0.0	0.0	0.0	0.0	0.0	0.0	0.0	0.0	0.0	0.0	0.0	0.0	0.0	0.0	0.0	0.0	0.0	0.0	0.0	0.0	0.0	0.0	0.0	0.0	0.0	0.0	0.0	0.0	0.0	0.0	0.0	0.0	0.0	0.0	0.0	0.0	0.0	0.0	0.0	0.0	0.0013555179064491992	0.00047460809093078965	-0.012225618990964984	-0.008052539981092486	-0.006047780819901937	0.004185155312784312	-0.00037334390145004584	-0.005968043623774452	-0.006156107890239744	-0.0044579999904304935	0.002365706004735891	-0.004943882945688428	0.009610324645220714	-0.0037478775701327892	0.0020747325886178733	-0.013724796633541236	-0.0051210131437330955	-0.0026035756364350196	0.002277292852053918	0.013810869855709895	bear
2020-06-30	0.009091236382415649	-0.010508603353057309	0.009552912714921848	0.029853167622724917	-0.017066229152603273	0.008631530243572355	0.014055496781179042	-0.007166821852374831	-0.014162103246317281	0.020379657931597794	0.006051688310832706	-0.004789014423041778	-0.001096410701616245	-0.01967133969939036	-0.016701798329433533	0.010324398865432753	0.011592761092042367	0.002587714304570465	-0.0023324301684588765	-0.006785214413652477	-0.006065037039358586	-0.01526001724891623	-0.014245795211699436	-0.01020652301767146	-0.006952370238533588	0.011857216824157215	0.0010521812625603802	-0.0032686379331998317	0.0011090372604033356	-0.01430913395857651	0.021410892070280765	-0.011740947470074972	-0.006082875294364514	-0.008206389234765202	-0.008562610418099201	-0.008183363930740765	-0.007223978346213677	-0.022733779250146233	0.013609103361677644	0.008548369765090673	-0.01181069822158023	-0.0035654540858157777	0.025658025648664325	-0.0011065086705964154	-0.01367277636507484	0.012676222555977923	0.022071782957727857	0.011472553466325894	-0.011457635824502592	0.023035506400112715	0.003997310652935015	0.0015186523441420368	0.004305746837179336	-0.012749388012722733	-0.008918333954622994	-0.020223579346672706	0.00154501567952515	0.008447532368412326	-0.004337777985942174	0.00983240657011989	0.004448774392311797	-0.0002902281800609759	0.002017871185019427	0.009112173777976044	0.009870808046425044	0.016981647051108283	0.012481234300207493	-0.015236933582453772	-0.0009244906857762542	0.002647595129167843	-0.021928124563038734	-0.00990895122895947	0.01350172551432576	0.01485210893663001	0.012158141323154077	-0.014336655237792362	-0.004710806937709258	0.019810467543480353	-0.009110629862160909	0.00021138531387914769	0.0025	0.0018035714285714287	0.0011071428571428573	0.0004107142857142855	-0.00028571428571428584	-0.0009821428571428572	-0.0016785714285714292	-0.002375	0.0	0.0	0.0	0.0	0.0	0.0	0.0	0.0	0.0	0.0	0.0	0.0	0.0	0.0	0.0	0.0	0.0	0.0	0.0	0.0	0.0	0.0	0.0	0.0	0.0	0.0	0.0	0.0	0.0	0.0	0.0	0.0	0.0	0.0	0.0	0.0	0.0	0.0	0.0	0.0	0.0	0.0	0.0	0.0	0.0	0.0	0.0	0.0	0.0	0.0	0.0	0.0	0.0	0.0	0.0	0.0	0.0	0.0	0.0	0.0	0.0	0.0	0.0	0.0	0.0	0.0	0.0	0.0	0.0	0.0	0.0	0.0	0.009049840224534863	-0.0025946988302740894	-0.0032667911565072353	-0.008487330924566522	0.0036858727382266076	0.002015018519327127	0.008549947061551835	0.009081411984532583	-0.009938244530868601	0.005295624357551121	0.005234522281816858	0.00517580217503207	-0.005077244019308083	0.0013605087540506766	-0.0065342058661107694	0.007325894195217541	-0.0032348196005256274	-0.016349808603331878	-0.0014757063257533655	0.007110762719812208	bear
2020-07-31	0.005541092233505354	0.01733895053129001	-0.011036411628707707	-0.022770343368768844	-0.0035571946863728263	0.006113764971512968	0.0008944083195109515	0.020249048185686194	-0.00807717309323832	-0.025302726352324872	-0.004057964597790563	0.007304264170637687	0.020813457797109032	-0.001114674711317738	-0.01078561807491015	-0.0034628690310983838	0.006956270912074402	0.007602194720272996	0.0062770236014008645	-0.00371472608211221	0.0030802481696449967	0.00938684501170011	0.009048555822147263	-0.007029942968249893	0.0010407634146005226	-0.008961735246151995	0.01338499943642215	0.005979065724583445	-0.013433592775685354	-0.0032954963227336607	-0.002364099530640667	0.018324270754602665	0.004433816030632934	0.009964745291359177	0.014983581392881255	0.0003901706791567468	0.006040581450589749	0.009754651892360897	-0.0035600834966307503	0.023008039265510045	0.003178263030126173	-0.004885653796189651	-0.010731270363535534	-0.016753407955393332	-0.00489791152442649	0.0007257422974995687	-0.008844596646242915	-0.029859639518246404	0.006004332479244778	0.0072536141355000645	-0.013989056039446548	-0.005495250414554698	-0.01912703429172847	0.0007952792026318702	0.0027469821261880637	0.01807684131344368	0.005345407239225225	0.01381792823210797	-0.030345179917591673	-0.005837030582823206	0.01934551067505134	0.019874644767089368	0.0006803335987814435	0.007310548633426629	-0.00714351861132077	0.0058147591638851755	0.0049211715737264095	-0.00010394693677536738	0.014351318509389558	0.0006937207340960461	-0.007705850685878761	0.008601078768435435	-0.003534724521417836	0.007836637515918907	-0.00038120942720058234	-0.004256558690936118	-0.0019769990598769924	0.010299451771643858	-0.0057846616385432885	0.00018016090041043952	0.0025	0.0018035714285714287	0.0011071428571428573	0.0004107142857142855	-0.00028571428571428584	-0.0009821428571428572	-0.0016785714285714292	-0.002375	0.0	0.0	0.0	0.0	0.0	0.0	0.0	0.0	0.0	0.0	0.0	0.0	0.0	0.0	0.0	0.0	0.0	0.0	0.0	0.0	0.0	0.0	0.0	0.0	0.0	0.0	0.0	0.0	0.0	0.0	0.0	0.0	0.0	0.0	0.0	0.0	0.0	0.0	0.0	0.0	0.0	0.0	0.0	0.0	0.0	0.0	0.0	0.0	0.0	0.0	0.0	0.0	0.0	0.0	0.0	0.0	0.0	0.0	0.0	0.0	0.0	0.0	0.0	0.0	0.0	0.0	0.0	0.0	0.0	0.0	0.0	0.0	0.010123641558343527	-0.0022232419655936727	-0.0013661202721294515	-0.0022498245817430262	-0.0024747118140648065	-0.00390415967389899	0.011185769356923694	-0.006247509612690963	0.0018642471361775955	-0.0013943418988879817	0.0014560406257794944	-0.010742529782783854	0.003170168862202472	0.0074988899557718765	0.004745042016414951	0.0017352445414413559	-0.009657689662852322	0.007616502005879397	-0.004611012819556911	0.0001092639537484401	bear
2020-08-31	-0.00648840749980148	0.01863555290846256	0.009757907261521141	-0.016195817805876634	-0.001237149755348851	0.012553360994854212	-0.005093795401402791	0.01052300089336063	-0.001117269758648631	-0.006201325800172451	0.011411559745192609	-0.01963733884812127	-0.011792680120557026	0.012175228409394492	0.0035231851153781878	-0.005979362885035618	-0.010425972769023038	-0.0025136113343623453	0.001267863521986416	-0.010053133470495345	0.027271904544560695	-0.011338010682012276	0.004622767790944232	-0.00853947873493721	0.005188662040608367	-0.013853465285292143	-0.02624842471228454	-0.0039037358159988173	0.00925353102281045	-0.009113929216019683	0.015518892093919491	-0.012583619278058579	-0.006846093469264935	0.003468401873182449	-0.024471957731150025	0.0059706045529435	0.0017199640521121293	-0.012635550873590598	-0.025265870100882982	-0.010401830536623254	0.013178022698267384	0.005275548720620971	0.00809156045593708	-0.015784467722405778	0.0012550219227081545	0.009484402217690912	0.016561778495373852	-0.022434254330314426	-0.020105243614073513	0.0011177223494799465	0.0022404657983232106	-0.01090328217104512	0.00860009989432229	-0.0077941918921919226	0.005444987224149373	0.0009570849265590506	-0.015126906640016563	0.0032596616345676697	-0.004948305566082199	0.006273013926700788	-0.005339665341481721	0.0004599342831077358	-0.021442975069891738	0.009128695392882486	-0.0042041393583240995	-0.0036060310345388405	0.0006811831318816687	0.005489291014565385	0.011896850652368644	-0.011193651721935233	-0.004018378147018117	0.012424011981580002	-0.007393166110129286	-0.004880217089853353	0.0062844866534369345	-0.01124525492191793	0.004159791193166869	0.006137805331726075	0.005696254444635754	0.0008582282810872305	0.0025	0.0018035714285714287	0.0011071428571428573	0.0004107142857142855	-0.00028571428571428584	-0.0009821428571428572	-0.0016785714285714292	-0.002375	0.0	0.0	0.0	0.0	0.0	0.0	0.0	0.0	0.0	0.0	0.0	0.0	0.0	0.0	0.0	0.0	0.0	0.0	0.0	0.0	0.0	0.0	0.0	0.0	0.0	0.0	0.0	0.0	0.0	0.0	0.0	0.0	0.0	0.0	0.0	0.0	0.0	0.0	0.0	0.0	0.0	0.0	0.0	0.0	0.0	0.0	0.0	0.0	0.0	0.0	0.0	0.0	0.0	0.0	0.0	0.0	0.0	0.0	0.0	0.0	0.0	0.0	0.0	0.0	0.0	0.0	0.0	0.0	0.0	0.0	0.0	0.0	0.0018299525028097892	0.007919694127207721	0.007855369437863502	-0.0016023552549943622	0.0024314583888111747	0.0037412812430119655	-0.006098883664260911	0.007804169189737531	0.010980177143813677	-0.015488664823582358	0.002243795469726006	-0.0020060147790943172	0.0018495882853349723	-0.00043878155177964917	0.003139307396760835	0.002778635549626556	0.0063692559721705965	-0.00290040127336994	0.0016011732467511378	-0.0041369843975534	bear
2020-09-30	-0.0027034283036217054	-0.0014046463044065003	0.011581345822222602	0.004584928235296328	-0.007763290582551297	0.007033534037218219	0.01424074681417253	-0.015438244743821787	-0.006094405567887623	0.007079880451241974	-0.015549564473696802	0.0021685891790099777	0.0021590332157375124	-0.019181004949493853	-0.01652462755145917	-0.013616916670778212	0.004723266510727779	-0.008875334939704643	0.01737725631528272	-0.02393522316850734	0.010659207735106787	-0.0369929786776632	0.01542010543580273	0.022607435366639193	0.009287864716106712	-0.016190526017984718	0.01304430031466352	-0.011359779036742389	-0.014373984935086417	-0.0006321790725719931	-0.0012389011725401312	0.021194620922452157	-0.005202090937531621	-0.006288933790294735	-0.009935965327064634	0.012818007885908148	-0.01592369588348704	0.0010314131007647454	0.004031178546214118	0.0009465683349882543	-0.0018564736722979946	0.003454356162643248	-0.003825558100462387	-0.00552434754876788	0.0040705932992856474	0.020140489973919345	-0.015002392728496135	-0.006744309861548594	0.009854416320850353	-0.008590301524195005	-0.014108967797007745	-0.019476097901593173	0.04349827795749265	-0.007818245669115787	0.004138796063176782	-0.012311581238589263	-0.004354053992141696	-0.009936496275097559	0.009194825277755888	0.011950564398480933	-0.008224471243202984	0.0034399343353548996	0.004057464914051326	0.0034159414598522795	-0.004694122949862423	-0.004200470638926642	0.003911000764313334	-0.00031375936930086754	-0.003128098560550407	0.0006891532802308854	-0.018422837314613666	-0.007780524144446789	0.006564337050927093	-0.0037645574768639866	-0.014756291426741659	0.004463689642823002	-0.0003396424798905809	0.007140645910203135	-0.020779878589178704	0.01293146825195104	0.0025	0.0018035714285714287	0.0011071428571428573	0.0004107142857142855	-0.00028571428571428584	-0.0009821428571428572	-0.0016785714285714292	-0.002375	0.0	0.0	0.0	0.0	0.0	0.0	0.0	0.0	0.0	0.0	0.0	0.0	0.0	0.0	0.0	0.0	0.0	0.0	0.0	0.0	0.0	0.0	0.0	0.0	0.0	0.0	0.0	0.0	0.0	0.0	0.0	0.0	0.0	0.0	0.0	0.0	0.0	0.0	0.0	0.0	0.0	0.0	0.0	0.0	0.0	0.0	0.0	0.0	0.0	0.0	0.0	0.0	0.0	0.0	0.0	0.0	0.0	0.0	0.0	0.0	0.0	0.0	0.0	0.0	0.0	0.0	0.0	0.0	0.0	0.0	0.0	0.0	0.011712292476253876	-0.000714919450869194	-0.011434016597149604	0.0021086570945082596	0.0156873021680675	0.018750303492761845	0.0067973100096918905	-0.0018432893694120371	0.0002434460105138524	-0.0075536027649518835	0.0007686689615929645	-0.00036393010725482215	0.009214165666687334	0.0030191955672511416	0.007523933555174683	0.0007344316244101178	0.0011486019519170625	-0.0025768119251778133	-0.0028915435825669546	-0.0008318737959881249	bear
2020-10-31	0.01986399001788515	0.005972891197445083	-0.001539893491172673	-0.00149999580032793	0.0021765484269185846	-0.0026624714247878494	0.0022483468036421884	0.010889470039620026	0.004025375979927369	-0.004271585500767969	-0.001378312926512914	0.014352879199673723	0.011155983635067594	-0.011136356961948044	-0.009905758821314947	0.0028194873130253447	0.012176900277498499	-0.010154152464350717	-0.016772879730414258	0.008187009615936613	0.013070522708007171	-0.01010114266781509	-0.01180338125751097	0.007298301129518617	-0.008460107431514916	0.005397909601586665	0.022109785930963702	0.020836344428618987	0.009051733528635853	-0.012369824985160155	-0.0008300265527462588	0.02408750842085554	0.020683217036379802	0.0023672903852462435	0.008138494370940373	-0.008779184881364597	0.013347856396057572	-0.007019369643660159	-0.008531068840264128	0.02293676976086856	-0.002821627058491327	-0.000962227061154176	0.012265466000901146	0.00891590427424207	0.01659785608086607	-0.008855729892504665	-0.005702970140880958	-0.002524546984744381	0.009025890312871383	0.004628862913668037	0.03447190852069832	0.017547361193791466	-0.015016406764131962	-0.008471787567658439	-0.007148282539891795	0.018447623558894656	0.00908410246260661	-0.005541768355068074	0.003503722077559451	0.015245783286318315	0.013586445885893342	-0.0008312797919940788	-0.029846494339599478	-0.009342713952969945	0.011386476209686284	0.008423948514076681	-0.01251995519855756	0.012950653200441229	0.003132978400604348	0.006368483807822307	0.010254850602460805	0.004975842079507125	-0.024958181619997622	0.002574005457046064	-0.006713889488075593	0.006065367982464329	-0.01582699267070415	-0.019079199992576	-0.00039313351461882584	0.0003042704789469923	0.0025	0.0018035714285714287	0.0011071428571428573	0.0004107142857142855	-0.00028571428571428584	-0.0009821428571428572	-0.0016785714285714292	-0.002375	0.0	0.0	0.0	0.0	0.0	0.0	0.0	0.0	0.0	0.0	0.0	0.0	0.0	0.0	0.0	0.0	0.0	0.0	0.0	0.0	0.0	0.0	0.0	0.0	0.0	0.0	0.0	0.0	0.0	0.0	0.0	0.0	0.0	0.0	0.0	0.0	0.0	0.0	0.0	0.0	0.0	0.0	0.0	0.0	0.0	0.0	0.0	0.0	0.0	0.0	0.0	0.0	0.0	0.0	0.0	0.0	0.0	0.0	0.0	0.0	0.0	0.0	0.0	0.0	0.0	0.0	0.0	0.0	0.0	0.0	0.0	0.0	-0.0008468887837206579	0.009402518701872928	-0.011253273144429178	0.006280936682261845	0.00047557367009763273	0.0043816390513342325	-0.014249782113979897	0.008281241229556136	2.3480483117088204e-05	7.793289765807001e-05	-0.000286246682904713	0.010938748494660222	0.002087279348950329	-0.008167709623608705	-0.0069748194112537526	-0.0003428443768689267	-0.0070129625198877155	0.006905629500793242	-0.004256646493864407	-0.0002880583337464851	bear
2020-11-30	0.014623999354079929	-0.0035069129908810023	0.007764219057153354	0.003302107533757549	-0.0007108448758191236	0.016723890913118707	-0.0018837367888294668	-0.0007101495055972054	-0.019563253751883444	-0.003000852723126743	-0.0004650801770666667	0.010258732895815744	-0.008766197327037182	-0.037473172294270454	0.0060906298014929885	0.009669222185291218	-0.004684872279390989	0.005948316097826261	0.0013952859219076095	0.03600049429739084	-0.008607443794988793	0.015570771796824165	-0.005608591816174187	-0.003459977932595946	0.0013068756811359609	0.0023042186049158217	0.0017705301040136527	-0.001828270079827669	-0.015066559539570784	0.017635271149835832	-0.01228323728065947	0.01334145515074505	0.007357467060454764	-0.013389563528422023	0.018919524827508333	-0.004993241386813593	0.019568936385266005	-0.005734258273461922	-0.014067712773173542	0.01107571062356786	-0.007657938705876452	0.008481581710085211	-0.00958487213452613	-0.027717871518331383	-0.015317962571593085	0.004444215723872739	-0.0011829598884974073	-0.003974176878942336	-0.02079898818794908	0.01953531417246273	0.008859129279176139	0.010652264184630061	-0.0029030581600703624	0.005360119691033816	-0.0032237720884131468	0.02334213463024165	-0.01210524505681931	0.007644832810813345	0.01821784979324858	-0.0005743789840887293	-0.009067233138509495	0.01891324097214671	-0.0029132870143956753	0.0011383379761637804	-0.006294742967324018	0.02630610995674316	0.0019176542136242329	-0.004484842468314464	0.008695976007932687	-0.00238015047228087	0.0037105225158711105	0.004031144624741811	-0.009826476518758636	-0.013794358409463086	0.01615981714919383	0.003673216776614758	0.002651089056120251	0.011126393313403538	-0.0013083964691957238	0.02743808384055893	0.0025	0.0018035714285714287	0.0011071428571428573	0.0004107142857142855	-0.00028571428571428584	-0.0009821428571428572	-0.0016785714285714292	-0.002375	0.0	0.0	0.0	0.0	0.0	0.0	0.0	0.0	0.0	0.0	0.0	0.0	0.0	0.0	0.0	0.0	0.0	0.0	0.0	0.0	0.0	0.0	0.0	0.0	0.0	0.0	0.0	0.0	0.0	0.0	0.0	0.0	0.0	0.0	0.0	0.0	0.0	0.0	0.0	0.0	0.0	0.0	0.0	0.0	0.0	0.0	0.0	0.0	0.0	0.0	0.0	0.0	0.0	0.0	0.0	0.0	0.0	0.0	0.0	0.0	0.0	0.0	0.0	0.0	0.0	0.0	0.0	0.0	0.0	0.0	0.0	0.0	-0.0009853738670835205	0.00921781762565742	-0.002256575078278777	-0.005914954112736188	-0.010858129220933006	0.010024642269615741	-0.0012819609374301758	-0.002989759091872062	0.005501336581790667	-0.0022293008480094197	-0.00761571366590608	-8.12953937213189e-05	-0.008937087192406986	-0.009425957204773357	-0.010583822509305445	0.005288978769252679	-0.0024614075853841766	-0.004757171599593146	0.0033717842933979328	0.008264384380823298	bear
2020-12-31	0.011851697534949895	-0.006193634800373923	-0.0014570556994117777	0.009108804238059036	0.003530488154180617	-0.005046235844395702	-0.010415836752830808	0.003978107488381389	-0.003473953169422356	0.010200007486415604	-0.0007949200944929633	0.00013695302564695316	-0.011179570580970863	-0.016748021962210865	0.018022378770914765	0.015140532286221094	-0.006131775089027328	0.00018470295314701617	-0.002366567065560617	0.0030306990435566127	-0.014036143464397043	0.010846252375914673	-0.023849124394361057	-6.856653354021691e-05	-0.017187762969762446	0.00754464487557473	-0.0024498910664018598	-0.01438884075567383	-0.002599287481860488	1.653425009228307e-05	-0.002863754721827969	-0.023598282511575096	-0.006381785573312823	-0.001583519564682803	-0.004911210573820919	0.001883485202635599	-0.014909656151120094	0.0033661576013569667	0.007941848594950845	-0.019659060054074265	0.008476038253894215	-0.010028611456768054	-0.013734189235603484	-0.006583458197260841	-0.006251774888151093	0.002084261897227926	0.0053397185480493214	0.008095002664222486	-0.008524273163055887	0.007721224527191875	0.016364267144621397	-0.01667329338070393	-0.013198270424632832	0.0031983356416926925	-0.0011374249845450515	-0.006998528830827175	0.013556693304677465	-0.007748084932782309	0.0006638920978222444	0.01098256722709693	-0.003050053248252726	-0.013409758289680102	0.02955710278092386	-0.006992196485889498	0.001747243502381668	-0.0020544337478597026	-0.003582270246626587	0.02541404627230436	-0.003553428104331172	-0.028740706267090296	0.002883848034290117	0.012714097762402937	-0.021988915019222385	0.00917470226869139	-0.007930657532807457	-0.016494380645323846	-0.010950103576925998	0.0047165949643241745	0.006271078859983747	-0.008329288306048973	0.0025	0.0018035714285714287	0.0011071428571428573	0.0004107142857142855	-0.00028571428571428584	-0.0009821428571428572	-0.0016785714285714292	-0.002375	0.0	0.0	0.0	0.0	0.0	0.0	0.0	0.0	0.0	0.0	0.0	0.0	0.0	0.0	0.0	0.0	0.0	0.0	0.0	0.0	0.0	0.0	0.0	0.0	0.0	0.0	0.0	0.0	0.0	0.0	0.0	0.0	0.0	0.0	0.0	0.0	0.0	0.0	0.0	0.0	0.0	0.0	0.0	0.0	0.0	0.0	0.0	0.0	0.0	0.0	0.0	0.0	0.0	0.0	0.0	0.0	0.0	0.0	0.0	0.0	0.0	0.0	0.0	0.0	0.0	0.0	0.0	0.0	0.0	0.0	0.0	0.0	0.0031210331008575676	0.008796761880071063	-0.01252240736412982	-0.004160897234731512	0.0010920723603853044	-0.0011456342366878676	-0.0008365922625380379	0.007101912665232227	0.0033039802754127223	-0.004612600551503383	0.007085238524733313	-0.0045743862316303	-0.0004063670743764203	0.006618764788710101	-0.0009432741142144255	0.0008809039653934398	0.007357026825705387	-0.00529760514862511	0.0032552651233738175	-0.0009811481061891177	bear
2021-01-31	0.01399108261602503	0.004649473403089126	0.0006211774836895221	0.009135795411843185	0.003237607406443378	0.0008604423087377486	-0.001054239962615472	0.003299492820091687	-0.026681719974287383	0.018778463959984445	-0.007908620254515181	0.009802073227344645	-0.0009531765033117914	-0.014279982727307588	-0.0005070901952367997	-0.002321050489800981	-0.013424505293913687	-0.018737742200040146	0.006197471222084031	0.00933008046909394	-0.011049884073664399	0.010902088934674776	-0.007763685879006109	0.010969453903330963	-0.009966809503093657	0.020742532750720497	0.004011602365188563	0.009538747196807498	0.005022424948112451	0.01879163692440867	0.008659210407689145	-0.01803795770696072	-0.015239383900593496	0.004223310331093268	0.005394229439365838	0.005149499052311432	-0.0027084445807010766	0.002163765625768647	0.00975255308942196	0.02450611479879119	0.006636113962979451	0.017972025839472546	-0.01177535844044285	3.8909766530657256e-05	0.00831482674885177	-0.0034272880006503918	-0.013860907163718931	0.0046579894073972465	-0.003497048170953025	0.0037006300488039772	-0.016117981570047527	0.005412494627573408	-0.008926718813227642	0.005036163870961433	0.004461025492123465	-0.01801558820561365	0.005134563548024227	-0.01668204140603411	-0.03743883266879289	-0.008739755904152801	0.008962652767394023	-0.013735687525753963	0.014547253750722237	-0.008514051455968735	-0.008938633211080274	-0.003863877541183296	-0.007222013870869612	-0.013417891980861124	-0.006237901958335811	0.01701940485625802	-0.004980226776823476	-0.011355847709452357	-0.009831991683370584	0.02147284826533263	0.007731121041364011	-0.013013952698076859	0.005937010232468753	-0.0032440580556473	-0.006994401005797605	-0.014982765683810968	0.0055	0.004482142857142857	0.0034642857142857145	0.002446428571428571	0.0014285714285714284	0.00041071428571428563	-0.0006071428571428575	-0.0016250000000000001	0.0	0.0	0.0	0.0	0.0	0.0	0.0	0.0	0.0	0.0	0.0	0.0	0.0	0.0	0.0	0.0	0.0	0.0	0.0	0.0	0.0	0.0	0.0	0.0	0.0	0.0	0.0	0.0	0.0	0.0	0.0	0.0	0.0	0.0	0.0	0.0	0.0	0.0	0.0	0.0	0.0	0.0	0.0	0.0	0.0	0.0	0.0	0.0	0.0	0.0	0.0	0.0	0.0	0.0	0.0	0.0	0.0	0.0	0.0	0.0	0.0	0.0	0.0	0.0	0.0	0.0	0.0	0.0	0.0	0.0	0.0	0.0	0.002365464101402129	0.0032534512594829907	-0.013646688922834365	-0.0016382478066817724	-0.007563543873671418	-0.003450995484800342	0.00036411477642747355	0.012845880281699557	-0.0050420557976952884	0.006163494241580315	0.006228435225040534	0.0014057772891038624	-0.0042548035976269685	0.003849132041819918	-0.006044995662038023	0.006288624922069947	-0.004301968907160725	-0.011426961281816663	0.0011342267613881107	0.0005717965554853511	bull
2021-02-28	0.019942475149378504	0.0011739143327653126	-0.005212393247335086	0.008073010743497382	-0.014803397742490919	-0.004724486617509589	-0.026388498078777873	-0.0025810797605906603	-0.019139438577520883	0.010857986614824698	0.003697161684920607	0.013828149035638213	0.002045094842508118	0.0007551352803330254	0.008318486979969125	-0.00907461284223797	-0.022905577713966993	-0.011197145423147656	-0.01743469324274337	0.014390183659115496	-0.009430823316397085	-0.01613001831682238	-0.006016713846283827	0.004536590179263249	0.009687021500108774	-0.007753601660271538	0.011022317927205759	-0.009202381489128275	0.011439859042659395	0.0015565912187091664	0.008700897920362953	0.004681831012399409	0.02483609311823442	0.009683842123793944	7.671589928880801e-05	-0.004253178784885224	0.011861299336716742	-0.004238602289104399	-0.013256008603688026	0.014080963169701095	-0.025871680319776845	0.023231815934646002	0.0006482131772288089	0.005617761484060005	0.03283886849741947	0.008753183664671624	-0.013221874615990259	0.0056694684037534	-0.01291757489987041	-0.00026567323605458713	0.014132869902699593	0.0072499877643417785	0.015439363708756306	-0.004953080819298046	0.0020738582645723164	-0.004846456371494813	-0.00592139825657139	0.01707322348063763	-2.1740531805053918e-05	0.00768626185002575	-0.02000093037662041	-0.004210822424430769	0.023481232542167524	1.9707837234115274e-05	0.0030540287497219294	-0.02300913732845852	0.02172142545332232	0.01508543249175157	0.0017873035183079303	0.0025120999274869057	0.005049340720177798	-0.01950922001482945	0.013996613961276955	-0.004443957985401802	-0.012241902911454165	-0.009330170886379264	0.005195287102915841	-0.0184325888155833	-0.003079392517658864	-0.024578954802373213	0.0055	0.004482142857142857	0.0034642857142857145	0.002446428571428571	0.0014285714285714284	0.00041071428571428563	-0.0006071428571428575	-0.0016250000000000001	0.0	0.0	0.0	0.0	0.0	0.0	0.0	0.0	0.0	0.0	0.0	0.0	0.0	0.0	0.0	0.0	0.0	0.0	0.0	0.0	0.0	0.0	0.0	0.0	0.0	0.0	0.0	0.0	0.0	0.0	0.0	0.0	0.0	0.0	0.0	0.0	0.0	0.0	0.0	0.0	0.0	0.0	0.0	0.0	0.0	0.0	0.0	0.0	0.0	0.0	0.0	0.0	0.0	0.0	0.0	0.0	0.0	0.0	0.0	0.0	0.0	0.0	0.0	0.0	0.0	0.0	0.0	0.0	0.0	0.0	0.0	0.0	0.009462613008133046	0.007324556271967594	-0.006123078896055156	0.002359071878079798	0.0024393052371035197	-0.0007062122762021166	0.008625513012482024	0.009042743747865777	0.0011942181682232924	-0.00468653256530896	-0.004185425828733351	0.0014902152099935872	0.0070870554099464415	-0.005744235072878629	-0.0012600300507564213	0.008909739506779445	-0.012286255599497142	0.003868971485176142	0.012740230797653929	-0.0012587673046857793	bull
2021-03-31	-0.011073557634746987	-0.0034980694953162294	0.026199178304638922	-0.020048337024312936	0.03735902086649029	0.015100321963418347	-0.018375415022055013	0.0070444285699586585	-0.004791346435710008	0.0043522860103246035	0.026902084208586485	0.01016439952661964	0.007118098945308107	0.013981139839777631	-0.0014415632449919324	-0.007712343475742372	0.0032944868046967117	0.013027284447657793	-0.017885254655696445	-0.009453968109669865	-0.0115610122659436	0.006637921961875879	-0.013209356341565353	-0.007805067918997246	-0.006203598395568492	0.004059602244658379	0.017585667574133018	-0.021688360017074332	0.0012057856106970453	0.0043433755066181485	0.0023504429962295766	0.0019499719144892194	0.00043609390709023206	-0.012061777009092438	-0.004122401597333934	0.009711098940113731	-0.0034380723383224407	0.0077076323670883864	-0.013918398354484428	-0.010354690083063046	-0.007229353010114075	0.008555884199844998	0.015258721975737482	-0.020523816593622343	-0.02334764916668564	0.014880907513366508	-0.004286069670003201	-0.0134776632225923	-0.01844531488427983	-0.01761808653071979	0.009808963027093979	-0.0004883098497501824	0.004921149723959914	0.0036207839633372726	0.008854115512757707	0.02217976595897226	-0.012961420630190134	0.003803508135401705	-0.013584117138454364	-0.004746361893821537	0.012537979961518701	0.016954449332385015	-0.007728580476491709	0.014078327865395694	0.016441750865887412	-0.014870704325182706	0.003935218809953793	0.008081096259556815	-0.024745866379886978	0.0012970072964400966	0.009188311794361496	0.0027894942776464067	0.0044106307795742355	0.003788433971711346	-0.013983001956374414	0.008285024757839519	0.01168368288187418	-0.01037667186321634	-0.00696884004417857	0.024565129580060803	0.0055	0.004482142857142857	0.0034642857142857145	0.002446428571428571	0.0014285714285714284	0.00041071428571428563	-0.0006071428571428575	-0.0016250000000000001	0.0	0.0	0.0	0.0	0.0	0.0	0.0	0.0	0.0	0.0	0.0	0.0	0.0	0.0	0.0	0.0	0.0	0.0	0.0	0.0	0.0	0.0	0.0	0.0	0.0	0.0	0.0	0.0	0.0	0.0	0.0	0.0	0.0	0.0	0.0	0.0	0.0	0.0	0.0	0.0	0.0	0.0	0.0	0.0	0.0	0.0	0.0	0.0	0.0	0.0	0.0	0.0	0.0	0.0	0.0	0.0	0.0	0.0	0.0	0.0	0.0	0.0	0.0	0.0	0.0	0.0	0.0	0.0	0.0	0.0	0.0	0.0	-0.011367914215916548	0.004868456055233386	0.012679899116659926	-0.003193755067190758	-0.0024888252273248986	0.008435818432436383	-0.010686421863003111	0.00470822978212044	0.018114508964502146	0.0007187398445047887	0.00020672487796905155	-0.006952514094780369	-0.0033546786774907834	0.0019019518490776526	-0.0013427549595539693	-0.0024369528308781398	-0.0056786019952940825	-0.003013557443721915	0.003585834873077929	0.005701164128371188	bull
2021-04-30	-0.011785491682878109	-0.009694316538492176	0.01938349311654381	0.015740229244680097	0.006457388036796286	0.0020059509878620355	-0.020334801922628726	-0.010781104989200095	-0.001632937695294476	0.0010427463153473752	-0.015421248434110926	-0.0034904676650651697	0.008483535530477326	0.007697425470410401	0.010967019772891518	-0.02509763728728151	0.004595802123558628	-0.01536716356070845	0.010550954335829869	0.006008216526215422	-0.007187806010559959	-0.004430268893769572	-0.0022395568467397688	-0.009057978246975778	-0.015804676310251346	-0.00716016657228145	0.01440274585833584	-0.004533343943132481	0.02433175588488844	0.015545847482200755	0.020657471070932066	0.025891094751946724	0.017254659148934946	0.00334042137071067	-0.009189216345942238	-0.006169678841871602	-0.0019077597123915518	-0.01649577561359795	-0.017353058063025645	0.0035771493728338033	-0.0029371014384059523	0.0024440465924662797	0.017632433000517908	-0.013466484713089928	-0.015313805589492906	-0.01603456734307578	0.007274769299704715	0.01247056046386892	0.024742074770063648	-0.005436222302969955	-0.0082442444468619	-0.0002699418072141993	0.017407602829082765	-0.003556130772161207	-0.019051678074612822	-0.008241142201144407	-0.004632801370356714	0.004481442594767447	-0.011803305332685119	-0.011346773049175158	-0.0009557040745240192	0.009547950543593147	0.003213126135907113	-0.01211475548470537	0.00042468293790513676	-0.017950313247289056	-0.011847896576407526	-0.006735251828902625	-0.005301432305944959	0.027698525652828387	0.03968772896943982	0.004384841049284554	-0.003374992848175884	0.004157581110687707	0.02447064539809622	-0.014619567802639875	-0.012912206158937104	-0.016344733930049357	0.008301174865433766	-0.018511339796014575	0.0055	0.004482142857142857	0.0034642857142857145	0.002446428571428571	0.0014285714285714284	0.00041071428571428563	-0.0006071428571428575	-0.0016250000000000001	0.0	0.0	0.0	0.0	0.0	0.0	0.0	0.0	0.0	0.0	0.0	0.0	0.0	0.0	0.0	0.0	0.0	0.0	0.0	0.0	0.0	0.0	0.0	0.0	0.0	0.0	0.0	0.0	0.0	0.0	0.0	0.0	0.0	0.0	0.0	0.0	0.0	0.0	0.0	0.0	0.0	0.0	0.0	0.0	0.0	0.0	0.0	0.0	0.0	0.0	0.0	0.0	0.0	0.0	0.0	0.0	0.0	0.0	0.0	0.0	0.0	0.0	0.0	0.0	0.0	0.0	0.0	0.0	0.0	0.0	0.0	0.0	-0.020363303666481737	-0.0028730390774863827	-0.008726874510311877	-0.013972322292507089	-0.00022108528982276603	0.004982958727591456	0.0008024152900787786	0.0015154203882356923	0.013264999360189867	-0.009133284408223056	0.004842080444212907	-0.007187272166200147	-0.0014879714440540325	-0.0030160562023665498	-0.006056592865369107	0.0040934687208606544	-0.01743119465505647	-3.498771861640542e-05	-0.006350856136979658	-0.003147386487791509	bull
2021-05-31	-0.013268133691237244	0.018081953784432978	0.0012172818859934086	0.009588805474111697	0.0026120365185583498	0.006732802808269657	0.015787894569342372	0.020508552852487594	0.009215787773851286	0.0004716433637120094	-0.009049055091719726	-0.007652254848278568	0.0011025327147960345	-0.006149820946580922	0.003962545723961943	0.015687040100607338	-0.006459623524914354	-0.018849011904705514	-0.017988374128404063	0.01476813169375025	-0.014512690237766397	-0.011948948116533685	0.0026881988911176408	0.014210468393175234	0.002538139145098423	0.002273402378129743	0.011111502120884506	-0.0015767359583247983	0.003940642189182613	0.0016403761362635927	-0.0018546615494005102	0.022765023264302256	0.00386506004338953	-0.02035723066095881	0.0035113324991603214	-0.010794751304046661	-0.013502482347672535	0.0033806087284141374	-0.0022771831996560186	0.015594936724079148	0.016100319942940363	-0.0008735658847000792	-0.003401124970640355	-0.007029144252313606	-0.005192363840536721	0.012430890778427179	0.0208921337201012	-0.017575631377312027	0.004380285315874123	0.0017528696112852112	-0.005890769155754503	0.00903464711322668	-0.005524380088915347	0.03575543881006055	0.005636387258486782	0.00860189057041821	-0.011158862122828394	-0.006736088663915815	-0.01787811417679516	0.007198941919501984	0.016376124538309163	-0.003346718091118799	0.01050611147211568	-0.004275517760342056	-0.0207318905000386	0.011191843634782116	-0.022020955046857207	0.0017342925462939755	0.007598708744180798	-0.0010238338208135652	-0.015677707291417674	0.012032529245573981	-0.014040793482453864	0.004391795231368299	-0.010560149626293092	0.012564948531908504	-0.002185225783602403	-0.0054460228368751334	-0.0018659025217283062	0.005085700564823542	0.0025	0.0018035714285714287	0.0011071428571428573	0.0004107142857142855	-0.00028571428571428584	-0.0009821428571428572	-0.0016785714285714292	-0.002375	0.0	0.0	0.0	0.0	0.0	0.0	0.0	0.0	0.0	0.0	0.0	0.0	0.0	0.0	0.0	0.0	0.0	0.0	0.0	0.0	0.0	0.0	0.0	0.0	0.0	0.0	0.0	0.0	0.0	0.0	0.0	0.0	0.0	0.0	0.0	0.0	0.0	0.0	0.0	0.0	0.0	0.0	0.0	0.0	0.0	0.0	0.0	0.0	0.0	0.0	0.0	0.0	0.0	0.0	0.0	0.0	0.0	0.0	0.0	0.0	0.0	0.0	0.0	0.0	0.0	0.0	0.0	0.0	0.0	0.0	0.0	0.0	-0.0019578827417555717	-0.005634579638002627	-0.005275749572087359	-0.004365662512753161	-0.0056004882637744864	0.009645529234908736	-0.00010185369476159255	0.004611751262324519	0.0028860614770237036	-0.010918936424941707	-0.004642796717813192	-0.0013951368178514263	0.0021498814342787932	0.008816764665256	0.010394902091520693	-0.005686333470953105	-0.00019002895585121986	0.005123397747104353	-0.0010149286906254089	-0.0007155296250991553	bear
2021-06-30	-0.01212031100354503	-0.016233334126736814	0.00369512061215176	0.00438383872975239	-0.01785092843890304	0.009488260464423127	-0.0043235862799967965	0.0048259955880200905	-0.005027921070626284	-0.006413551390432389	0.014632932509997936	0.005415751060222243	-0.00023745641771726495	0.0021534711218058364	-0.0026125124894115	0.020213167458269635	-0.007132748280229398	-0.01676235999432861	-0.012464037412518126	-0.029316634145088803	0.015610843109887898	0.009472141665472753	-0.014025007871563137	0.016396289379142073	0.007192941277416473	-0.0008228330909015623	0.003267436316239321	-0.010253784022482976	0.022245840678781614	0.023173004696832145	0.01899812257330379	0.0013440361511779723	0.020833047349639797	0.02857810353391041	0.008425377169205488	-0.0011280572365597527	-0.016056522932569036	0.0026293607542122698	0.01544060345606193	-0.0038000870086421323	-0.005633065181558809	0.009906879278574254	-0.007345333163293431	0.008073546263661925	-0.014669230086387876	-0.014729556032613054	0.0006951758088268566	-0.024134170063229977	0.008710408370245611	-0.00256830225862865	-0.011256695777346847	0.01708133934149704	0.007206255390284603	-0.012376472538539043	0.006752794956785306	0.017521026937895298	-0.014540932440528632	-0.011718179617934298	0.01309388335595871	-0.018222696038510736	-0.005029627137776011	0.00848283237637898	0.02130210808375663	0.015673437189531892	-0.02063458149972967	-0.021692440148421265	-0.007361328314047772	-0.01451165988502415	-0.020220420057303002	-0.016690643178661663	0.0033515702100682747	0.0030637483411213784	0.005456408735327461	7.989509464973698e-05	-0.001506831081443028	-0.006388755245565203	0.011171173590091338	-0.009622977877162837	0.001189679360283222	-0.008942926152320256	0.0025	0.0018035714285714287	0.0011071428571428573	0.0004107142857142855	-0.00028571428571428584	-0.0009821428571428572	-0.0016785714285714292	-0.002375	0.0	0.0	0.0	0.0	0.0	0.0	0.0	0.0	0.0	0.0	0.0	0.0	0.0	0.0	0.0	0.0	0.0	0.0	0.0	0.0	0.0	0.0	0.0	0.0	0.0	0.0	0.0	0.0	0.0	0.0	0.0	0.0	0.0	0.0	0.0	0.0	0.0	0.0	0.0	0.0	0.0	0.0	0.0	0.0	0.0	0.0	0.0	0.0	0.0	0.0	0.0	0.0	0.0	0.0	0.0	0.0	0.0	0.0	0.0	0.0	0.0	0.0	0.0	0.0	0.0	0.0	0.0	0.0	0.0	0.0	0.0	0.0	0.003914511176559328	0.0018719259297730242	-0.004628281765024762	-0.013693569478891908	-0.0015028542321931463	0.009837816597379067	0.0025324323262570334	-0.0018430900585318403	0.00013332249558029182	0.004041721566801465	-0.014092695824231428	-0.006789667614286163	0.010470608640784296	0.005012629272318268	-0.0011192142128638384	0.005789451147116785	0.005762088394880235	-0.005770281756549724	-0.0012317419983216636	0.0028807416612547706	bear
2021-07-31	-0.004344483714511516	0.004075940360569823	-0.005241693375621435	-0.01864587437303073	-0.007360149506675799	0.010057012973288282	-0.014019503859038968	0.0013664241819268687	0.004755869934388069	0.013801745678291667	-0.012957943320433258	0.012684700449351305	0.015350758695616808	0.00856049395838395	-0.01328712395340613	-0.01060831007402764	0.0006367223451659942	-0.01440622222532186	0.024391845647801117	-0.005607564003183299	-0.002590922306930614	0.008601972177656389	0.006497558566177727	0.013341272798722697	-0.012941904955825702	0.020691759040777538	-0.024857503971817803	-0.021368944378531603	0.011042517983869878	0.017349749498300975	0.004894588044094602	-0.010060582816901146	0.0003381810955391529	-0.0014623119126112858	0.002980129589170431	0.003928529680960977	0.00011823396407422791	-0.009214809546221695	0.0021788368137747277	0.017983696302443744	-0.006240018441847668	-0.005350154181906166	0.034018606979472225	-0.003233053095445372	-0.00210431780857269	0.002894917328219469	-0.0030029743340793907	-0.0024466852575669206	0.04111615522642744	-0.014550294141760756	-0.006914533435775056	-0.013605484681423991	-0.02013922396727805	0.00794977198756685	0.009713670371564122	0.003310404512306221	-0.018922247923013287	-0.009737842408072775	0.006264236130945748	-0.0008540004789432213	-0.014573511473293492	-0.011191249116450919	0.010272481717654075	-0.00906885153614084	0.00014919396471309524	-0.00358669776964174	0.03268311377774611	-0.01127859728942111	0.00926714026593154	0.02332540261599508	-7.753095638221689e-06	0.0014125819365865787	0.0005238923634467046	-0.0038491123763358965	0.003588357049579106	0.019006778471515516	-0.005725657077596557	-0.0014067330389243436	0.02095200578231903	-0.008000289517821706	0.0025	0.0018035714285714287	0.0011071428571428573	0.0004107142857142855	-0.00028571428571428584	-0.0009821428571428572	-0.0016785714285714292	-0.002375	0.0	0.0	0.0	0.0	0.0	0.0	0.0	0.0	0.0	0.0	0.0	0.0	0.0	0.0	0.0	0.0	0.0	0.0	0.0	0.0	0.0	0.0	0.0	0.0	0.0	0.0	0.0	0.0	0.0	0.0	0.0	0.0	0.0	0.0	0.0	0.0	0.0	0.0	0.0	0.0	0.0	0.0	0.0	0.0	0.0	0.0	0.0	0.0	0.0	0.0	0.0	0.0	0.0	0.0	0.0	0.0	0.0	0.0	0.0	0.0	0.0	0.0	0.0	0.0	0.0	0.0	0.0	0.0	0.0	0.0	0.0	0.0	0.016399298916816848	-0.0011459867067886197	0.010121143193924887	0.004363569377013449	-0.005096355651714429	-0.0044145223006781704	0.003532997563944619	-0.009361023948780835	0.014282803791152125	0.0016448077105385706	-0.007439083058565999	0.0034274653198957694	0.004164593883046715	0.00423321221505708	0.0008791846489033749	-0.0015645457621413753	-0.0010863446066911226	-0.0025294508931484245	0.0014521988184383332	-0.004794944338327464	bear
2021-08-31	0.021261334722369827	-0.016913966089146058	0.027372386132948064	-0.006310331667657078	-0.004868336053091581	0.00423034253456224	0.004781776621674835	0.008787772793847673	0.0005347860367534613	-0.005819495048063661	0.023666966621700817	0.019435790705714027	-0.004040649347051576	-0.0013893193483520867	-0.00027409719366865517	0.010077212351116067	0.012959833789051672	0.03593545912476068	0.002967224932306397	-0.007547378306355725	0.014595943227800884	0.0049828936296606305	-0.004580043197993723	0.0012964517688193536	0.016474213624672458	0.0018976224154774065	-0.010483708808167106	0.004436793517764105	0.006029855074416983	0.005224816953410807	0.0027832339865514026	0.004362051426413038	-0.0015577776382747091	0.002387126775576434	-0.013020261608620758	0.012319251144749454	0.00854486839910949	-0.0012122936211417749	0.001979515885703619	-0.010894526386028752	0.013852716477087083	0.022064222094619206	-0.001993480362625151	-0.00925851331474902	-0.007645249711895673	0.011632069289697962	0.0018862992212477531	-0.018705876099806205	0.029755961332075198	0.005137984203683148	0.006851082508324035	0.0079808862043221	-0.01428834404900272	0.004298492313019349	-0.009641840643474323	-0.00038800663821575556	-0.006488029155693464	0.008661603028983963	-0.006405646058349676	-0.006473307906663418	0.0016247000970963752	0.012302943410777444	-0.01099293866189137	0.0012349603271565326	0.002381860132360243	0.007482108175404466	-0.0106741212780017	-0.0003878768888626898	-0.01374982199694981	0.010505500318471913	0.0022896452948226354	0.003269312682283032	0.01969993177120582	-0.0024054369447136775	-0.0011500614117599865	0.004441541534961743	0.00904421045304294	0.019718561592168435	-0.0024655427070794282	-0.0007388981382064758	0.0025	0.0018035714285714287	0.0011071428571428573	0.0004107142857142855	-0.00028571428571428584	-0.0009821428571428572	-0.0016785714285714292	-0.002375	0.0	0.0	0.0	0.0	0.0	0.0	0.0	0.0	0.0	0.0	0.0	0.0	0.0	0.0	0.0	0.0	0.0	0.0	0.0	0.0	0.0	0.0	0.0	0.0	0.0	0.0	0.0	0.0	0.0	0.0	0.0	0.0	0.0	0.0	0.0	0.0	0.0	0.0	0.0	0.0	0.0	0.0	0.0	0.0	0.0	0.0	0.0	0.0	0.0	0.0	0.0	0.0	0.0	0.0	0.0	0.0	0.0	0.0	0.0	0.0	0.0	0.0	0.0	0.0	0.0	0.0	0.0	0.0	0.0	0.0	0.0	0.0	0.011194430852286451	-0.011042343701849722	8.69826332088367e-05	-0.006436167331198227	-0.008738624637144962	-0.008155040699052906	0.008855471770131969	0.006333903091096187	0.004532308690086653	-0.004277405454137331	0.007661288716659214	0.002796473705027569	-0.0015066560814678601	0.0035667561717800797	-0.006333702888006214	-0.003624429735589004	-0.0028403649459999066	-0.00016976927859850744	0.004305830089449466	-0.0019664960027246745	bear
2021-09-30	-0.00025725432807375496	-0.007104647449124479	0.030860983116657432	-0.012638782219308302	-0.014776895329449143	0.0026046413885036125	0.00940984949021753	-0.003524641468039347	0.010229829872294764	-0.0224551505950149	-0.010467161243752281	-0.03753890302048307	0.01771264970638677	-0.00396778166461868	0.0023730048022885634	-0.014238586347593203	-0.019287936328411883	0.009419087313269334	0.008466315956171316	-0.012234370244644329	-0.0035585472998774727	-0.011425354716086801	-0.004311112561047299	-0.0019609940002990175	0.006163381103603723	-0.027262020286626918	-0.017427975704380455	0.0008947861501404946	0.02132408440269684	-0.014542212711844226	-0.0015949139482934556	-0.015854498940441816	-0.01457288425646008	-7.642175512231654e-05	-0.0019308167325793016	0.007404683554191106	-0.0008201903480097404	0.0010260598767611625	0.0011057729707211273	-0.007557240470432813	-0.023362415327932276	0.005351874742637601	0.005774861923273068	0.029211033126438416	-0.01869195255570785	0.0063928320616798385	0.008695547994570852	0.0017600681861882827	0.010635458381841784	-0.002550256885261588	0.0042249254664700475	0.005372419705457372	-0.019423897448188156	-0.00506707110627878	-0.020569581734258404	0.010044294370019514	0.0008144381033984353	0.015160896364311503	-0.014367731978040478	0.015771188722049637	-0.008691182585742557	0.00048686789731851727	0.023327431083283823	0.007618852861049848	-0.0026049804143744317	-0.0014963983318750647	-0.0089470917676454	-0.012841716851899637	0.0038853082292371753	0.02685895870404015	-0.006924114964177377	-0.01226466361184628	-0.01800101534348845	-0.016393669915491696	-0.015680032941861842	0.000329409034909852	-0.014793196914445868	0.009129799358377386	-0.007304326138729682	-0.008172859578993958	0.0025	0.0018035714285714287	0.0011071428571428573	0.0004107142857142855	-0.00028571428571428584	-0.0009821428571428572	-0.0016785714285714292	-0.002375	0.0	0.0	0.0	0.0	0.0	0.0	0.0	0.0	0.0	0.0	0.0	0.0	0.0	0.0	0.0	0.0	0.0	0.0	0.0	0.0	0.0	0.0	0.0	0.0	0.0	0.0	0.0	0.0	0.0	0.0	0.0	0.0	0.0	0.0	0.0	0.0	0.0	0.0	0.0	0.0	0.0	0.0	0.0	0.0	0.0	0.0	0.0	0.0	0.0	0.0	0.0	0.0	0.0	0.0	0.0	0.0	0.0	0.0	0.0	0.0	0.0	0.0	0.0	0.0	0.0	0.0	0.0	0.0	0.0	0.0	0.0	0.0	0.019192381033245835	-0.00723813699796819	0.01192975144424159	0.000324783154999102	0.0011588383300728277	0.008709495014143382	0.0046150733044481446	-0.001863147910436673	0.008963969032512842	-0.00048821718078079224	0.014843697400476131	0.0005289035432239279	0.004911251597803382	-0.0030482791475836464	-0.009771961096473339	0.0014145207589180793	0.0018719812404506147	-0.0038859355412926596	0.006214290311440254	0.0016690686290136846	bear
2021-10-31	0.011050275366181828	0.0025885497545791196	0.002406670493833779	-0.01181203922124251	-0.00798790826650523	-0.016886441339394983	-0.012154822776425076	0.0018458185728455153	0.00521122684563688	0.009230676274152886	-0.001046189343222515	0.012779449670862078	0.021536997755439973	-0.025193221706992053	-0.010468531013907621	0.006635395819439741	-0.011739197239110172	0.003706789892266853	0.013996408288422977	0.0016684675909387436	0.018539252405291626	0.020439807399880012	-0.001625615430172408	-0.010143929551813542	0.005959329038975687	0.0019201749971204725	-0.00514936964045831	0.010289084524821142	-0.02369496434555993	0.012549048048516701	0.007974292009278837	0.0062277431979718845	0.009042423852982616	-0.01011671789823254	0.005241394109800875	-0.0022483115787128773	-0.012343032120406973	0.00686957972150914	0.021815470641753536	-0.00812085744457326	0.015963996552772256	0.0041161733243897216	0.00870226038129946	-0.00957224437294031	0.009471800174602958	-0.0054443730498838815	0.012814281127449574	0.0015559243451677557	-0.008351578478953972	0.013311013461036948	-0.0017362100644158814	-0.01558565876729988	0.014392534001023628	0.008616286779727048	0.017347823965406274	-0.00526307383278092	-0.01050425081939846	-0.00956949964096405	-0.002797876349155835	0.0008130734833563736	0.01430712337262898	-0.000791905061028981	0.00032958778603170815	0.00039421027497389026	0.015399855318052278	-0.011235785303731049	0.020298356828044064	0.014721552341938204	-0.007323215077561467	-0.0059565731259064204	0.0006023797482986374	0.015699519820341765	0.0027656376486876705	0.022199981272650385	0.014833128308780724	-0.01113810413348946	-0.0026741893977166894	0.009129700942816761	0.01134954440014932	0.006750200324652593	0.0025	0.0018035714285714287	0.0011071428571428573	0.0004107142857142855	-0.00028571428571428584	-0.0009821428571428572	-0.0016785714285714292	-0.002375	0.0	0.0	0.0	0.0	0.0	0.0	0.0	0.0	0.0	0.0	0.0	0.0	0.0	0.0	0.0	0.0	0.0	0.0	0.0	0.0	0.0	0.0	0.0	0.0	0.0	0.0	0.0	0.0	0.0	0.0	0.0	0.0	0.0	0.0	0.0	0.0	0.0	0.0	0.0	0.0	0.0	0.0	0.0	0.0	0.0	0.0	0.0	0.0	0.0	0.0	0.0	0.0	0.0	0.0	0.0	0.0	0.0	0.0	0.0	0.0	0.0	0.0	0.0	0.0	0.0	0.0	0.0	0.0	0.0	0.0	0.0	0.0	0.004881885630343985	0.005417100015088509	0.006192709036537896	-0.0015333269063391314	-0.00385299475815315	-0.00122313330223893	-0.0068017862237779916	0.005592117471660107	0.007078968645378068	0.004491209862680789	0.00865259447790152	-0.005240497678011279	-0.0007262894549430692	0.00025778857394057834	-0.009968981186786526	-0.0003836449032652432	-0.005294105052023463	-0.0012133409787482407	0.006883286073401171	0.008231065164481086	bear
2021-11-30	0.004257997701736433	-0.010722024193934445	-0.00982650625731283	0.004737264468904327	0.0063161814821685236	-0.019090289354584053	-0.012121374148017372	0.02382354514638482	0.010918231622348968	-0.0008598042779851165	0.006850569611289088	-0.0032733083618978367	0.006580392511476492	-0.016348453493816317	0.00027199500348839455	0.003831882116301291	0.007420078497648465	0.00135730110571094	-0.0005802462418176802	0.008622528205741137	0.010102519428152185	0.018223363969152022	0.003929303464266124	0.0032603729570483894	0.009593181043721163	-0.005336939495291962	-0.0029677149344833212	0.02634750024341194	-0.021558736934563286	-0.0005792081373914059	0.006843622645671523	0.005083504016771204	-0.005243055026038023	0.0027565949363751474	-0.00480518464507742	0.002214970980014316	-0.014586800125338775	0.00019178173958853516	0.01135469656116317	0.005615138566180677	-0.025925189113293237	0.013607884311674959	-0.0025128939139266323	0.008104588870346194	-0.015769816350106776	-0.013395022360411013	0.023097023106089718	-0.016823891599571688	0.024840092864633796	-0.009738244358650682	0.011563241594207603	-0.0005078209482719591	0.015789005740414502	0.0102485700289692	-0.014885367718847655	0.007463732315795946	-0.0010310209954691322	-0.0063687171808524635	-0.01218618625145643	-0.003027882937990985	-0.014263641873999757	0.009749941919788507	-0.003039131922275557	0.002850265803832295	-0.007788948970103892	0.006182908842540598	-0.0043423521997738145	-0.01620593689002783	-0.0035470239968901965	0.004854720115612626	-0.011694753197418263	0.0004078937838483035	-0.009871165805251615	-0.0214311935424007	-0.00812009742656034	-0.00946820555808511	-0.012409574144825722	0.010102765709645464	0.015163400214288848	-0.005031821900860905	0.0055	0.004482142857142857	0.0034642857142857145	0.002446428571428571	0.0014285714285714284	0.00041071428571428563	-0.0006071428571428575	-0.0016250000000000001	0.0	0.0	0.0	0.0	0.0	0.0	0.0	0.0	0.0	0.0	0.0	0.0	0.0	0.0	0.0	0.0	0.0	0.0	0.0	0.0	0.0	0.0	0.0	0.0	0.0	0.0	0.0	0.0	0.0	0.0	0.0	0.0	0.0	0.0	0.0	0.0	0.0	0.0	0.0	0.0	0.0	0.0	0.0	0.0	0.0	0.0	0.0	0.0	0.0	0.0	0.0	0.0	0.0	0.0	0.0	0.0	0.0	0.0	0.0	0.0	0.0	0.0	0.0	0.0	0.0	0.0	0.0	0.0	0.0	0.0	0.0	0.0	-0.004425196902652409	-0.003458735306430938	-0.008294297105052204	-0.006122895880885227	-0.005658122222293205	-0.00789463210713978	-0.005113722788037121	0.010705429606433586	0.005417769682755216	0.004733163687136104	-0.0020575194114013378	0.006696407302720674	-0.0002761601524474247	0.0015171689211825555	-0.006410670866429659	0.010896875697382747	0.008367152268754879	0.008506870995728485	-0.0014702430245456027	-0.00651977758528831	bull
2021-12-31	-0.017096465864548306	-0.0008603753184378811	-0.014180556988186103	0.0015670875836235232	0.01102284636025884	0.009854174999789543	0.034152952553588606	-0.01743445799426962	-0.0006741105437231239	-0.0018606139538979304	-0.011816271095880427	-0.000986453240320163	-0.009417909664306216	-0.02440426737671992	-0.0015203970353486987	-0.00035740840018870713	-0.01639389567710251	0.002334238933922343	0.024513633305903514	-0.004208003191681792	-0.021272595730000288	0.00865450459016981	-0.004540620919040115	-0.0017817767014543591	-0.00546325820293827	0.011122551130811533	-0.004459819870965163	0.0028432155581188693	0.020026060578299816	-0.007569669151202856	0.011587482612322382	0.01620691641612862	0.023348630719223384	-0.007475636811438796	-0.01226053228357988	0.00843454912075503	0.005561754899083596	-0.004016650525870193	0.008314350266728228	0.016660824422954763	-0.028817290099135053	0.004027038513939167	-0.013320700742428639	-0.012817548849889523	0.02354912920662489	-0.011998279390422561	-0.0072203877126971626	0.030205781275062533	-0.004018068663103383	0.00757464186135484	0.004278779346046175	0.014856921683615128	-0.0026764399117690813	-0.016108715013546968	0.0040023155850608646	-0.012873524462102359	-0.01530455307133326	-0.002250953176292839	0.0021158659626207047	0.007609172320808621	0.01639692833905726	0.0007464222863298198	-0.004324174598749992	0.0013440869447021078	0.01102129854824922	-0.0032074853920286486	0.020742942555071652	-0.009586389127185423	-0.0002577273298269452	0.0010444754524238263	-0.015271069810130376	-0.004840939698983379	0.0025439930206457005	0.0034272157929041216	0.006015865485106828	-0.007195559203037227	-0.021793428489463678	-0.0057075242201589165	-0.015307120869136926	0.010575369338893647	0.0055	0.004482142857142857	0.0034642857142857145	0.002446428571428571	0.0014285714285714284	0.00041071428571428563	-0.0006071428571428575	-0.0016250000000000001	0.0	0.0	0.0	0.0	0.0	0.0	0.0	0.0	0.0	0.0	0.0	0.0	0.0	0.0	0.0	0.0	0.0	0.0	0.0	0.0	0.0	0.0	0.0	0.0	0.0	0.0	0.0	0.0	0.0	0.0	0.0	0.0	0.0	0.0	0.0	0.0	0.0	0.0	0.0	0.0	0.0	0.0	0.0	0.0	0.0	0.0	0.0	0.0	0.0	0.0	0.0	0.0	0.0	0.0	0.0	0.0	0.0	0.0	0.0	0.0	0.0	0.0	0.0	0.0	0.0	0.0	0.0	0.0	0.0	0.0	0.0	0.0	0.008756835668839924	-0.006079842262524712	0.005956827276256207	0.004810586631835526	-0.00012112920705973935	0.010600990731603201	-0.0014846359080465032	0.00945483017113421	-0.002775717773692365	-0.0033473875792288904	-0.0005624026370922677	-0.004667293738790975	0.008184584412829123	0.0025668420875109704	-0.00021603035307356277	-0.00022593836471745694	-0.005621345798602446	0.0030079769058666103	0.003513904165479499	-0.001883951752626365	bull
2022-01-31	0.008683275143442973	-0.00832048000364189	0.0045536822986720436	-0.007031477069538761	0.0168749437221287	-0.011108818334928739	0.003919375076902968	0.007927054782331673	-0.004353572343705397	0.0010205010972514836	-0.016356538123002175	0.010658905401160431	0.0019311134096968812	0.00433656534962489	0.03480637354593127	0.011596758194473726	0.024328336753843285	0.011589892396429977	0.0068372718729548644	-0.00995574682741268	-0.00833232059650431	-0.005750886688683445	-0.0033670001303134542	-0.008263398894929245	-0.009570063603248314	-0.008438330615695341	0.0037548401068409117	0.003941975684442464	-0.007609947466842341	-0.007905525354539882	-0.008574107076076993	0.006143072573360504	0.011221822202872447	-0.019060085822462196	-0.010167067697655732	0.017083609815891656	-0.004447556919944003	0.011933736197341184	0.011862487854491701	0.005305274005756101	-0.0017775759830489712	0.021802801265035764	-0.005308637279087038	-0.014014205256073652	-0.0007009955352621667	0.004843630337544327	0.00011792025774504293	-0.00011355675850237604	0.007645325016152528	0.009830516681059274	0.002479259984364354	-0.0033206185110018086	-0.005499794389615965	0.009348457003642823	-0.0013682787604485565	-0.0004953668400849887	0.005890999946162414	-0.006908730662933115	-0.008914778800951416	0.019300370099834277	-0.02346629847316135	-0.003524511461464749	-0.017417585585041216	-0.006129444349649913	0.007527371263898562	0.0012320881419724994	0.012851647395080889	5.213735193494233e-05	-0.0006063605717530495	-0.0072278820570464905	-0.00115770293160219	-0.013502072405258058	-0.004099898477728991	-0.010671101201973624	-0.007003947129241906	-0.01527749672059139	-0.007897301294985394	-0.0038903940476419344	0.012983193730836031	0.0030474673245145766	0.0055	0.004482142857142857	0.0034642857142857145	0.002446428571428571	0.0014285714285714284	0.00041071428571428563	-0.0006071428571428575	-0.0016250000000000001	0.0	0.0	0.0	0.0	0.0	0.0	0.0	0.0	0.0	0.0	0.0	0.0	0.0	0.0	0.0	0.0	0.0	0.0	0.0	0.0	0.0	0.0	0.0	0.0	0.0	0.0	0.0	0.0	0.0	0.0	0.0	0.0	0.0	0.0	0.0	0.0	0.0	0.0	0.0	0.0	0.0	0.0	0.0	0.0	0.0	0.0	0.0	0.0	0.0	0.0	0.0	0.0	0.0	0.0	0.0	0.0	0.0	0.0	0.0	0.0	0.0	0.0	0.0	0.0	0.0	0.0	0.0	0.0	0.0	0.0	0.0	0.0	-0.00011260167145196297	-0.012724436279533189	-0.0008639679729384236	0.0006691703887467276	0.005237556956020143	0.007244998376988853	-0.004097983756541632	0.00856224295761748	0.0036567851062241194	-0.009166313697401878	0.004006704055131817	0.005068744790151401	0.002863787332965764	-0.005557063538522713	0.004437111963443267	0.0012860530749130759	-0.006973774103050853	0.00444877042525721	0.009015264863015815	-0.000484400626497711	bull
2022-02-28	0.02265888476873945	0.005394492964593504	0.011258291528806648	-0.0016823725274573028	-0.01146371337710765	-0.010127219658378834	-0.002949812882859549	0.012372234092351296	-0.014027804232639534	0.004424751537739887	0.007284522541967672	0.007123087008764745	-0.013241617994055536	-0.0085563008778374	0.0035200738670388295	0.004695167005417649	0.0015708123912668032	-0.0016648631564252843	-0.01696850065616139	-0.02683150778602122	-0.007245685241360565	-0.016550661114626948	0.0027057425520410484	0.015085991689513864	0.01821670222661068	-0.0006976034889560061	-0.0027737270687665026	0.027701487021325178	-0.003433811889207777	-0.0026423254283243288	-0.009350068413855245	0.02759795893851674	-0.010995219810772124	-0.0009799359829042152	0.007280038743775091	0.0055282274822632555	-0.008907337316072817	0.0180965924734369	0.0018913362916181343	-0.003272513036331254	0.004093431566744838	0.007176583840062915	-0.005307240578818347	0.00102000150611478	-0.011353035688834284	-0.016803500655919748	0.008224543506389185	-0.013115739249684637	-0.00053115282137447	-0.005161327080570059	0.012418257354945634	0.006430871785668136	-0.005964674072895544	0.005148748926443593	-0.020355640824526337	0.01107247070065253	-0.012590709169027013	-0.007350859750511209	0.008316496121355831	0.013211490374465422	0.007831314457599933	-0.011909168292186259	0.013167315580164665	0.014254403145575191	0.0010498765048465005	-0.03365785078126307	0.020774624533097353	0.0061574243642648855	-0.006330960935969775	0.012481638482368338	-0.010152709217315712	-0.005128041053988612	-0.0013893775360586825	0.009362391311661628	0.012799901672670415	0.012565561761073315	-0.017732128946647677	-0.0112545366096186	-0.02116484997060628	0.016361388436299005	0.0055	0.004482142857142857	0.0034642857142857145	0.002446428571428571	0.0014285714285714284	0.00041071428571428563	-0.0006071428571428575	-0.0016250000000000001	0.0	0.0	0.0	0.0	0.0	0.0	0.0	0.0	0.0	0.0	0.0	0.0	0.0	0.0	0.0	0.0	0.0	0.0	0.0	0.0	0.0	0.0	0.0	0.0	0.0	0.0	0.0	0.0	0.0	0.0	0.0	0.0	0.0	0.0	0.0	0.0	0.0	0.0	0.0	0.0	0.0	0.0	0.0	0.0	0.0	0.0	0.0	0.0	0.0	0.0	0.0	0.0	0.0	0.0	0.0	0.0	0.0	0.0	0.0	0.0	0.0	0.0	0.0	0.0	0.0	0.0	0.0	0.0	0.0	0.0	0.0	0.0	0.019333144239460722	0.00024856929538898034	0.005803608325008864	-0.0068324623955863355	-0.011366376828595058	-0.0017839923862477108	-0.012856282845714193	0.005641398264056675	-0.0007220801902581195	0.007397841367978091	-0.005374463011126176	0.009306958462358718	-0.0029036692490935828	-0.010643443882791261	0.0023587473791412588	-0.006306969471929672	0.009462585600500588	-0.009534157159649281	-0.0072229767680223505	-0.007836019402400288	bull
2022-03-31	0.004985312308350923	0.01399484519679265	-0.005520055162132723	0.01063059606186976	0.0020406934193843967	0.00836296663561051	0.010400656944758476	-0.019615499176790504	0.0065904800730444794	0.019280965167294134	-0.007530409899179085	0.005874584220289536	-0.0024630388526119223	0.025700793607084927	0.008678327835059861	-0.015552935321076438	0.012340596766419009	0.00697160021668732	-0.008458335933092604	0.00452302403512596	-0.009005747505881179	-0.024206635445663146	0.015521118431690292	0.008785807874862911	-0.01505777982248892	0.0022634381424117478	0.012247979851410214	0.019616932560646266	-0.004040352424253193	-0.02152899568762454	-0.010724054380428276	-0.005088501608174551	0.01372971530988785	0.002476609254747824	-0.003090053831520729	-0.008654130307374575	-0.01066152486556912	-0.004617505059137082	0.0007676340018574784	0.008096044731739267	-0.003682469699181236	-0.00021389321576480996	0.022854859204369235	0.008933521605190852	0.003845020229604918	-0.014037389230997885	0.0013690576597860202	-0.014160213121931291	0.005238566969377313	-0.003219837249318117	-0.015600972694487836	0.012494167116734884	-0.011024384814555088	0.021978590450518275	0.02945615292202068	-0.010112947783828902	-0.013807005948973201	-0.00122866084934789	-0.0003606188544930675	0.0034231420246993737	0.008602923766977204	0.001283577371075617	-0.0004611133198309529	0.005575907047871065	0.02264448673899847	-0.005103871589093646	-0.016163118618358133	0.0061351344585195465	0.013759496214427715	-0.00488910963137021	-0.005180701863717296	-0.003042180984012329	-0.0037320686774982366	0.00204931264897914	0.007305859093204559	0.0022741999984639094	0.027354767311035644	0.000613358055198068	-0.013047282868660285	0.004765147594809229	0.0055	0.004482142857142857	0.0034642857142857145	0.002446428571428571	0.0014285714285714284	0.00041071428571428563	-0.0006071428571428575	-0.0016250000000000001	0.0	0.0	0.0	0.0	0.0	0.0	0.0	0.0	0.0	0.0	0.0	0.0	0.0	0.0	0.0	0.0	0.0	0.0	0.0	0.0	0.0	0.0	0.0	0.0	0.0	0.0	0.0	0.0	0.0	0.0	0.0	0.0	0.0	0.0	0.0	0.0	0.0	0.0	0.0	0.0	0.0	0.0	0.0	0.0	0.0	0.0	0.0	0.0	0.0	0.0	0.0	0.0	0.0	0.0	0.0	0.0	0.0	0.0	0.0	0.0	0.0	0.0	0.0	0.0	0.0	0.0	0.0	0.0	0.0	0.0	0.0	0.0	0.0049008593591325315	0.0015960560707690048	0.0007672559792494065	-0.005072184218514007	-0.001285154791324024	0.006277111033034338	0.005201804541948172	-0.014363788639289601	0.0031025884585570685	0.0017069046494496134	-0.0060913791184663505	0.002868931159196167	0.006158030520344234	-0.006011697523481881	0.004979937718074897	0.00375666668058415	-0.0015849727140037771	-0.003268624553758047	-0.0015946209019488127	0.010245534450409804	bull
2022-04-30	0.01425135761394273	-0.006095138658067468	0.0405677222515967	-0.007454754295313686	-0.006267568500109489	-0.004624748279596415	-0.007132497431710726	0.024540014406754792	-0.01054688964906028	0.0023798420295151035	-0.001973524760496037	0.004011829592554529	0.010839876831599718	0.016436988588364572	-0.013136880953846634	0.008923880357439701	-0.01003959009581469	0.0027697677047740657	0.027259087313514768	0.027573078106531625	0.003330470551993647	0.002647874750658856	0.02083201238712408	0.0005518660710123436	0.020679292325112147	-0.012952129355958956	0.007004827411153394	-0.01175446188121401	0.004294805130569308	0.011890726533176485	0.003241031915044909	0.0011709874924850398	0.002806693347860664	-0.02797947464165272	-0.004919569853495583	0.028561807174888945	0.005366517026388485	0.008588769933213065	0.002999345305069948	0.008693827234926033	-0.013643430598872125	-0.00028255813880048703	-0.002136468678793571	-0.002993365558791377	0.005056872178965363	0.006325722204487775	0.015415771921486372	-0.0074320045181709505	-0.00911311546388529	-0.007823122176184711	0.0006808247438979261	0.008485988073896986	0.012239826406892935	-0.0135244481505769	0.001565797387064574	-0.018096872364863313	0.006401408166830403	0.0007152188675263625	0.005039880914621257	0.0104433476419408	0.015391748025115138	0.01445440616542505	-0.026205509298450693	-0.01808913306514561	-0.024623125773428872	0.002728772371354537	0.007362956512043635	0.009453095683525734	-0.013811057779066514	0.0028317561164810973	0.022328327149190502	-0.0021166420155355045	0.008256026068062573	0.00929312179064973	-0.00375398288601806	-0.004737302232532872	-0.001336282647839	0.0029123009851239182	-0.010479515079761753	-0.005576431190318018	0.0055	0.004482142857142857	0.0034642857142857145	0.002446428571428571	0.0014285714285714284	0.00041071428571428563	-0.0006071428571428575	-0.0016250000000000001	0.0	0.0	0.0	0.0	0.0	0.0	0.0	0.0	0.0	0.0	0.0	0.0	0.0	0.0	0.0	0.0	0.0	0.0	0.0	0.0	0.0	0.0	0.0	0.0	0.0	0.0	0.0	0.0	0.0	0.0	0.0	0.0	0.0	0.0	0.0	0.0	0.0	0.0	0.0	0.0	0.0	0.0	0.0	0.0	0.0	0.0	0.0	0.0	0.0	0.0	0.0	0.0	0.0	0.0	0.0	0.0	0.0	0.0	0.0	0.0	0.0	0.0	0.0	0.0	0.0	0.0	0.0	0.0	0.0	0.0	0.0	0.0	-0.00428090483841401	0.008878985171873873	0.005568912491332177	-0.0047723056336162655	-0.0012300405160230253	0.0032823269607721653	-0.0019957065919892383	-0.00438282039433659	0.008870257660083106	-0.009845261157798895	-0.0009004056326492563	-0.0007250033155348213	0.0035882122176421893	-0.006001348269961791	0.013036513694949781	0.0037126510169914135	0.009046126951273345	-0.005112992574054632	0.0008218707982426838	0.013542167649598091	bull
2022-05-31	0.004352106096113586	0.0015230682597518847	-0.010146368446916859	-0.025584812216071878	-0.026024012422756117	0.011808632057369383	-0.0060898122548782236	0.004433471343825617	0.005163264022248608	0.012792189574744836	0.004711482815849875	-0.0008612250298697444	-0.014348033976473001	-0.0026611147212057366	0.0017886937585652918	0.015128617228836367	-0.008215157428143653	-0.009833579114670166	0.00881559793499522	0.011440030504776955	0.01305264285818037	-0.004141911418029756	0.006310863968357225	-0.008841347598094726	0.031926329659695094	0.005195117915479472	-0.0001953389198130596	-0.007541488554189388	0.017162336261435835	-0.0002661759096671171	-0.00495757185792621	-0.019944994080326517	0.0013001234117328369	0.004122764225960151	-0.033954642870404735	0.004463981942204329	0.011414893945646619	0.012938366859743073	-0.009944728511274299	-0.015622981970112079	0.006479775988176004	0.004937826413022279	0.016625425048858077	0.005087164943739441	0.003931188679573007	-0.009939862820038853	0.008153975676188786	-0.006849194526120381	-0.018302558161354406	0.019917795037525866	0.0069292558021540485	-0.024432046366273153	0.0032383797537816105	-0.016762674087153085	0.02209433728942181	0.0003749231139996384	-0.006002848746919869	-0.008186486886650792	0.023882157314424602	0.001842517190817072	0.02462657607701742	-0.019150270138317566	-0.007043800044618479	0.005609426771769991	-0.008478154741705003	0.0003489168309070285	-0.0234763140351931	0.0004906912286092096	-0.004467119549443694	-0.0064923796001003274	0.022738942639247254	-0.010654943369250658	-0.02619802312457148	-0.003091959928415895	0.0004597662394960645	-0.0008520155621444787	0.006050675103692612	0.00319222066966815	-0.01616618385636096	-0.012753647082561402	0.0055	0.004482142857142857	0.0034642857142857145	0.002446428571428571	0.0014285714285714284	0.00041071428571428563	-0.0006071428571428575	-0.0016250000000000001	0.0	0.0	0.0	0.0	0.0	0.0	0.0	0.0	0.0	0.0	0.0	0.0	0.0	0.0	0.0	0.0	0.0	0.0	0.0	0.0	0.0	0.0	0.0	0.0	0.0	0.0	0.0	0.0	0.0	0.0	0.0	0.0	0.0	0.0	0.0	0.0	0.0	0.0	0.0	0.0	0.0	0.0	0.0	0.0	0.0	0.0	0.0	0.0	0.0	0.0	0.0	0.0	0.0	0.0	0.0	0.0	0.0	0.0	0.0	0.0	0.0	0.0	0.0	0.0	0.0	0.0	0.0	0.0	0.0	0.0	0.0	0.0	-0.015625743694145933	0.01979732936641787	0.011509255879568865	-0.007148081122202161	0.00894815495776198	0.0007459789248632468	-0.010174017611878127	-0.009182768909102893	-0.00395749661916577	-0.0088494169706859	-0.012919155193552604	0.006041262402255136	0.011214468845018115	-0.004361377427614158	0.003289699543474451	-0.00037246467393156385	-0.0004758121348726373	-0.002809103674865375	0.002856702475283293	0.00870980542175016	bull
2022-06-30	0.008010874669880852	0.017215670520894275	0.013742269033804797	-0.0035358375886627943	-0.007510320138984186	-0.010821592377676291	-0.004763657778628218	0.00010636630526235	-0.013715438225449279	-0.007455520072099194	0.005919828989939356	-0.0027592180587580244	0.007932131932140896	0.013342030980268626	0.012860092297490654	-0.014744269548029964	0.0030981522567290146	-0.007418177537489744	0.00676203690481394	-0.004790278718091728	0.017050693346282102	0.013905759647378977	0.006625339823691707	-0.006940323749901585	0.02562602631717549	0.016310810328494157	0.0010719145275152287	-0.0020113882202363272	-0.010542583170982415	-0.010845033106806385	0.01027768491333631	0.015958590673248056	-0.005214088920449347	-0.0035638658633196717	0.0035179118415976586	-0.00863624545340727	-0.0030476909231647747	-0.02913485455651619	0.011378450026658753	-0.01242213985189841	0.0026499620973255617	-0.010247690176287252	0.0060516541128214285	-0.01377598460892748	-0.015096107453759664	0.0005557418831149234	-0.021004358586802874	0.004130309617289697	-0.010636831166459736	-0.008034675019725275	0.02741874830971239	0.005442694171384671	-0.011403986927415762	-0.00957508978391534	-0.0006286533782669772	-0.004166034136088499	0.005827894459989431	-0.004142709350665776	-0.008977785647464062	0.008912921310859188	0.0033322791686861714	-0.0027509139663231667	-0.011156117518126086	-0.008978875059611351	-0.0024996488333455837	-0.0034389669901720666	0.013120349570392507	-0.007159985172097184	-0.0043235837948894665	0.0009500923715183013	-0.006114313158250998	-0.000862577792069478	0.008878336915885366	0.02309585338448817	-0.007381033194877433	0.0011118539439892857	0.0037698509008097683	0.028574610209772925	0.013174335552635127	0.007038549948868986	0.0055	0.004482142857142857	0.0034642857142857145	0.002446428571428571	0.0014285714285714284	0.00041071428571428563	-0.0006071428571428575	-0.0016250000000000001	0.0	0.0	0.0	0.0	0.0	0.0	0.0	0.0	0.0	0.0	0.0	0.0	0.0	0.0	0.0	0.0	0.0	0.0	0.0	0.0	0.0	0.0	0.0	0.0	0.0	0.0	0.0	0.0	0.0	0.0	0.0	0.0	0.0	0.0	0.0	0.0	0.0	0.0	0.0	0.0	0.0	0.0	0.0	0.0	0.0	0.0	0.0	0.0	0.0	0.0	0.0	0.0	0.0	0.0	0.0	0.0	0.0	0.0	0.0	0.0	0.0	0.0	0.0	0.0	0.0	0.0	0.0	0.0	0.0	0.0	0.0	0.0	-0.002410500049480151	0.006716140749482241	-0.0036119031224970035	0.0177806706575235	0.01111743885567581	0.00018931551394337658	-0.006312075682649304	0.007780879919068374	-0.007654361281511129	-0.007657463589668267	-0.004236994854547819	-1.062381341578782e-05	-0.001211310450468307	-0.012568085318668869	0.0063559788305783405	-0.003483210828366845	-0.0037675208206939103	-0.002257024403329974	0.004710066853341226	0.006888411145349782	bull
2022-07-31	0.005322038632691506	0.005870622081542365	0.0017440248846670146	0.016505988612704428	-0.013693192278429937	-0.0037203584639849178	0.007468077484676368	-0.016284451337080567	-0.0023698266734412643	-0.009340772111526532	0.00018898717502320296	-0.018758168361104253	-0.00028461509251587376	0.021247964778369866	0.004028254786183098	0.018760620108097432	0.012325551416184303	-0.0190588730743179	-0.01668961331091034	0.012645367148146104	-0.01908080658255394	-0.019891141991487296	0.0024144849098693137	0.009833420548604286	-0.0010621278702985168	0.01739444193239023	0.009350580198883409	-0.004604318989086901	0.00845468105865504	0.0031836896775591	-0.012582666901509427	0.0009791556135667874	0.005880427834137594	0.0051583331179415656	0.010152116441518757	0.010971904489337145	-0.013845399394154717	0.0039569414823186246	0.008220653619438932	-0.025228057599367748	-0.007959772713184272	-0.011880993285976887	0.0223242171043485	0.01589582684820261	0.018356359311780444	-0.0016561902923469523	0.010425604506732158	-0.008845508943193688	0.01739127930835295	0.0048291246961404645	-0.00728001364229742	0.005237064724177447	-0.013516734731670815	-0.0011343028482431504	-0.010335386143833995	-0.008581450148793829	0.013656230317287492	0.0018066252521404332	-0.02083555488560819	0.005495581511115114	-0.00027857697569263687	-0.008893991521457005	0.01095638271460871	-0.002551103551426315	-0.0055993551144082766	0.002767787169412315	-0.0067135450839066035	0.008792380403302933	-0.011518376196315284	-0.0056873829969086645	-0.0035381925399426894	-0.009388964968149246	-0.007863395376375613	-0.0022029422163912875	-0.02093155327303887	-0.022880775791143775	-0.007761001158997263	0.0013638350320728954	-0.005935336174281286	-0.0075469914809357126	0.0055	0.004482142857142857	0.0034642857142857145	0.002446428571428571	0.0014285714285714284	0.00041071428571428563	-0.0006071428571428575	-0.0016250000000000001	0.0	0.0	0.0	0.0	0.0	0.0	0.0	0.0	0.0	0.0	0.0	0.0	0.0	0.0	0.0	0.0	0.0	0.0	0.0	0.0	0.0	0.0	0.0	0.0	0.0	0.0	0.0	0.0	0.0	0.0	0.0	0.0	0.0	0.0	0.0	0.0	0.0	0.0	0.0	0.0	0.0	0.0	0.0	0.0	0.0	0.0	0.0	0.0	0.0	0.0	0.0	0.0	0.0	0.0	0.0	0.0	0.0	0.0	0.0	0.0	0.0	0.0	0.0	0.0	0.0	0.0	0.0	0.0	0.0	0.0	0.0	0.0	0.00228400700677555	-0.004545330248735261	0.009010549711580338	0.00022359216379838967	0.011946237760603797	-0.008798051666360943	-0.00023658453492351886	0.018618203107996098	0.0038996696839413646	0.017212958670346907	-0.002409048364514569	0.0023587727478313735	-0.005487913827346792	-0.0014351232189959468	-0.00015538156188452568	0.004569051018787085	0.0027850947121170165	-0.0023790598493256526	0.003985370862413633	0.0018276637128717432	bull
2022-08-31	0.01380931473239893	0.0036943380006783815	-0.005483910451304452	0.003226137745406957	-0.019267092718936844	-0.0028447074687811148	0.013348341502874894	-0.030615588076769115	0.004060780447601184	-0.01913816490147377	-0.015683577734330035	-0.014965457296664403	0.001664982330164351	0.016803346731699392	-0.011502915521199633	-6.838187141260868e-07	0.012232527028592217	0.014978608742568799	0.00023854635641643122	-0.006460364018377853	-0.02823846548377258	-0.004899491864382103	0.0018981645060254214	-0.012626803363474902	-0.0005881787425178625	-0.011787724219209355	-0.0277165042851996	-0.014321980666432792	-0.007152168939000519	0.013488038419054566	-0.006556955010257209	-0.011853182530271865	0.0007748891835924644	0.018864061115075017	0.00024390635055205159	0.007968474950155591	0.0009158949252452867	0.00882376222256908	0.0037590085736954413	0.0009571367387595945	-0.013189159116054035	-0.023576452793712115	0.02617197701006484	-0.008949594354511335	0.01096864947693603	0.008330382584197715	0.015404940863163873	-0.014472589645498192	-0.015627712982241897	-0.007994332576771419	0.00786738390068881	0.004220844460252478	-0.007134312403566951	-0.0044830618122094976	-0.007324672950950132	0.012158356128979649	-0.007632250011356212	-0.007086728195074546	-0.007206210699914844	-0.009960749650531156	0.0072732682799216495	0.01720854635741027	-0.022046438254890673	0.00822052058831275	-0.014651511291942131	-0.0002662313331975651	-0.0009253153102189095	-0.0046802120577993786	-0.01778348800300168	-0.006411501475961517	-0.006561483864466358	-0.014724507690113646	0.004886535685687312	-0.011650287330355518	-0.004648979927544443	0.02505693841201908	-0.02241001357019303	0.027623421307448343	0.012717079295888178	0.008841270851258461	0.0055	0.004482142857142857	0.0034642857142857145	0.002446428571428571	0.0014285714285714284	0.00041071428571428563	-0.0006071428571428575	-0.0016250000000000001	0.0	0.0	0.0	0.0	0.0	0.0	0.0	0.0	0.0	0.0	0.0	0.0	0.0	0.0	0.0	0.0	0.0	0.0	0.0	0.0	0.0	0.0	0.0	0.0	0.0	0.0	0.0	0.0	0.0	0.0	0.0	0.0	0.0	0.0	0.0	0.0	0.0	0.0	0.0	0.0	0.0	0.0	0.0	0.0	0.0	0.0	0.0	0.0	0.0	0.0	0.0	0.0	0.0	0.0	0.0	0.0	0.0	0.0	0.0	0.0	0.0	0.0	0.0	0.0	0.0	0.0	0.0	0.0	0.0	0.0	0.0	0.0	0.00015628654478633828	0.0052976796401938645	-0.0026750087430917916	0.003428973197015941	0.00017123235803655733	-0.0009479190419184378	-0.00022657503018089713	0.016582818251531024	0.0011179398757321921	-0.007928921118320635	-0.0008287224534346411	0.008186307354986962	0.008799368390196991	-0.0037928430051070786	0.00677008769512652	0.00623668845461956	0.00013740831409878062	0.007461750921430857	0.003780129211306598	-0.004351712166862509	bull
2022-09-30	0.017440656553426893	0.015741248625014453	0.017443650180871156	0.0012346282801071647	-0.001053429778573384	0.009737228240297132	0.00024982265365890936	-0.0010060064957397611	0.011228348793572191	0.0040040087923863925	-0.0064789212357312465	0.020099976076979952	-0.008224567723785	-0.004697711905441198	0.011298059105975604	0.005523149449955034	0.012364764540643197	-0.0063804478746264	0.012598924544371108	0.000998682647840276	0.01049145923731148	0.01186277138512317	0.0022420492948487707	0.018625453504387525	-0.008781138630722655	-0.01558599979423019	-0.013624937107949802	-0.01021639941452142	-0.0009750343312373667	0.007339538223157859	-0.0007166765513242638	-0.0027714550728254977	0.008937084523778956	0.001230960097544386	0.023581151391188698	0.021999007630086286	0.00217318591488816	-0.019749043326531754	0.01477717469163756	-0.0037224687144545455	0.013239697139662401	-0.01247745428943105	0.03207580460148764	0.007479827940996577	0.012493846777303728	-0.0003164433013373196	-0.002797519865138535	-0.014201340017190821	0.014172518671467224	0.002581838045179811	0.0043665394325336036	-0.0050122541294767885	-0.006713407775518359	0.016681418776516455	-0.0040689297626296155	-0.004243718940825617	0.004418338377747121	0.009919559981852523	0.008882632985641212	-0.005682957258230949	0.004099818057085874	0.007067758843809811	-0.005666445016244491	0.0003760197883535541	0.0054727950670457794	-0.015931085954740323	0.009519412152529067	0.0045029984472847884	-0.005931268213313912	-0.034986293850057956	0.02834921019869333	0.00281040385383096	-0.006045521250588964	0.011782170780738566	-0.004381395126062903	0.007640400751324826	0.00604341715354695	-0.016126175893864964	-0.005674369336441199	-0.001517678978813082	0.0055	0.004482142857142857	0.0034642857142857145	0.002446428571428571	0.0014285714285714284	0.00041071428571428563	-0.0006071428571428575	-0.0016250000000000001	0.0	0.0	0.0	0.0	0.0	0.0	0.0	0.0	0.0	0.0	0.0	0.0	0.0	0.0	0.0	0.0	0.0	0.0	0.0	0.0	0.0	0.0	0.0	0.0	0.0	0.0	0.0	0.0	0.0	0.0	0.0	0.0	0.0	0.0	0.0	0.0	0.0	0.0	0.0	0.0	0.0	0.0	0.0	0.0	0.0	0.0	0.0	0.0	0.0	0.0	0.0	0.0	0.0	0.0	0.0	0.0	0.0	0.0	0.0	0.0	0.0	0.0	0.0	0.0	0.0	0.0	0.0	0.0	0.0	0.0	0.0	0.0	0.01030230956441851	-0.002963253930310325	-0.006146355112229274	0.002035055082041489	0.0003258670776508185	-0.008770581102077527	-0.0010288157803392513	0.013997976524224078	0.00199533656580795	-0.009268605076267512	0.007016105234285848	-0.0017154652571834475	0.019849471535201786	-0.006009079628991495	-0.009552184418976118	0.006585111606600246	-0.0021537206815904013	0.0007879991596232497	-0.003911299330144571	0.009563310420050103	bull
2022-10-31	0.001120331830121939	0.0049223435788955505	0.0033570469654879607	-0.017158072868047783	-0.009815821744851554	0.011090969740671695	0.02063461056151303	-0.007754106031460047	0.0053507316407270245	0.006363325288060957	0.01994472447304766	0.010207397008235588	-0.010606428000324774	0.013385699379809449	0.0159600814661202	0.001910556410942592	0.003943366160679623	-0.0007559281996809575	-0.017869525887842224	0.00786509310327272	0.018907470997777162	0.029765907538445702	-0.012768120022398117	0.00864205421610357	-0.006474196902162012	0.009353890142807167	0.02497767547308562	-0.027461582461920722	0.0023979096459948697	-0.0026406278934351145	-0.011804744611420687	0.004621685662054541	0.003931934197131736	-0.030691280038954494	0.02587831238095032	0.002910229402587397	-0.007318504602332279	-0.003174032393048065	0.01015823067335152	-0.012849569290041666	0.005149419173896675	0.0036344849350222596	-0.004150264121254107	0.0005782014276321233	0.006433499315923675	0.0002956473015693457	0.010873863232463572	-0.0011252244893361295	0.016413438369028976	-0.0024164354325166833	0.012775119737679242	-0.0065670314826288744	-0.016163446876351163	-0.011371641148651383	-0.022459673718845587	-0.0067342704639569	-0.007485936441922371	-0.014022805209624152	-0.017477498710512726	0.0018614308535868504	0.015484897586626745	-0.013978818057800308	0.006062488052265893	0.02803736380360015	0.007079768048127488	0.008250795289739786	0.014242524851951816	0.007298694324677932	-0.0027999001811937476	0.007090762983795918	-0.0018268677112186424	-0.02355942019570256	0.016224254235994284	0.008790068110584914	0.0023659072737650397	0.018237493578856814	0.0017219176631294284	-0.007866750403404841	-0.0077630368076933	-0.006748871159939363	0.0025	0.0018035714285714287	0.0011071428571428573	0.0004107142857142855	-0.00028571428571428584	-0.0009821428571428572	-0.0016785714285714292	-0.002375	0.0	0.0	0.0	0.0	0.0	0.0	0.0	0.0	0.0	0.0	0.0	0.0	0.0	0.0	0.0	0.0	0.0	0.0	0.0	0.0	0.0	0.0	0.0	0.0	0.0	0.0	0.0	0.0	0.0	0.0	0.0	0.0	0.0	0.0	0.0	0.0	0.0	0.0	0.0	0.0	0.0	0.0	0.0	0.0	0.0	0.0	0.0	0.0	0.0	0.0	0.0	0.0	0.0	0.0	0.0	0.0	0.0	0.0	0.0	0.0	0.0	0.0	0.0	0.0	0.0	0.0	0.0	0.0	0.0	0.0	0.0	0.0	0.012385254426514879	0.0020119449572554267	0.0032375359760642855	0.00629592074841247	-0.007031853785101193	0.002261870344320211	0.010790659796017612	0.002685808964188031	-0.008867460657475276	-0.007919792303327702	0.005349485293843551	0.0034863649960659815	0.0061328421096847	0.0018802937283909362	0.004168831759520551	-0.0010605145672081158	0.0010625707953404932	-0.0027999979193345363	0.0021473033466333676	-0.009349028148816847	bear
2022-11-30	0.0034307214137087104	0.0048972295094691	0.026270447012829105	-0.0007127830952391215	-0.0113612091131844	0.007517738276462927	-0.008835058677480847	0.005886991769304089	-0.009709801662072769	0.025407092534412562	0.01824633722719037	-0.008292743125691908	0.009577090428070744	0.004349307199373239	0.001047159886383293	-0.005160052864850847	-0.008366786521519542	-0.01997071456572288	-0.0033748671014595336	-0.025902535089236792	-0.010131803381123895	0.00015773227838114306	0.02268447618159407	-0.016179538109268636	0.014076444537916913	-0.0037199167258853702	0.027224242649955977	0.0038196565606492933	-0.00556127018089319	-0.004845298632345192	0.010477275176984522	-0.00459627457928607	0.001869576561455051	-0.018510304710356248	0.024423653432359884	-0.018103378571362717	0.0048968758630036436	-0.018324236224817648	-0.002496792031494167	0.0007466617933386291	-0.005397312873782171	-0.009433939250548008	-0.00687517848802071	-0.007100925418462012	0.003214641708151564	3.4392362900337494e-06	-0.0040520186480211525	-0.0028970028875910307	-0.003536149664272052	-0.007825855332910518	-0.010100958371655607	0.003103929448002154	0.006904803412207571	-0.013299662807957595	0.0019069945854992248	-0.0015159062790903216	-0.005933446032657052	0.028062787389277682	-0.012650875679497381	-0.006261579837394299	0.006410196390426763	0.0022761600115230943	-0.028299972267391508	0.0014785747529289226	-0.006662709059119288	0.00819478648547484	-0.0004040166662061314	-0.007220491624719657	-0.015515730382454756	0.021263623572782754	-0.0155215749718744	0.01511616307419569	-0.010231978792375918	-0.0034217416884355883	-0.009128060399813615	0.006658265237123756	0.002064848511372985	0.0251092659615783	-0.003834115956458314	0.020545876021422067	0.0025	0.0018035714285714287	0.0011071428571428573	0.0004107142857142855	-0.00028571428571428584	-0.0009821428571428572	-0.0016785714285714292	-0.002375	0.0	0.0	0.0	0.0	0.0	0.0	0.0	0.0	0.0	0.0	0.0	0.0	0.0	0.0	0.0	0.0	0.0	0.0	0.0	0.0	0.0	0.0	0.0	0.0	0.0	0.0	0.0	0.0	0.0	0.0	0.0	0.0	0.0	0.0	0.0	0.0	0.0	0.0	0.0	0.0	0.0	0.0	0.0	0.0	0.0	0.0	0.0	0.0	0.0	0.0	0.0	0.0	0.0	0.0	0.0	0.0	0.0	0.0	0.0	0.0	0.0	0.0	0.0	0.0	0.0	0.0	0.0	0.0	0.0	0.0	0.0	0.0	-0.003239075891770496	0.013693685214195431	0.000980444061265662	-0.006575809705803971	-0.0032935049805996883	0.01668788728971162	0.008324038511380827	0.011763566311094716	0.003921853466267252	-0.0008781679118227098	0.0017216679090941663	0.0006847143941311105	-0.00429164639379783	0.001117566249086423	0.002569773093896161	0.011999035598926054	0.0009655278131111575	0.005643203640802322	-0.0015213194334587187	-0.0012780667051226972	bear
2022-12-31	-0.015290453707129068	-0.007600227735928122	-0.015655104236566634	0.0035017902744620645	0.010918189198632099	0.0024819097916603926	-0.010929721079828144	0.009260304705418687	0.009190622775478333	-0.005999596934244887	0.0094639294065807	-0.0007034827092487527	-0.0062167565079035295	-0.0023411180326510855	0.0009830960835421566	-0.013247206437402462	0.010709092010382913	0.0027103006238044843	-0.0034869956971620964	0.01951579660306382	0.0026240426672978403	0.006897658351731284	-0.001294148151010416	0.0025659621997310283	-0.013947882075074651	0.006118591531972738	0.004429050458917469	-0.01401607447290517	-0.014433708024026088	-0.00855448758140311	0.0030392823674187932	0.002689940284547275	-0.008390656562770965	-0.006618124378383767	0.006563141136079887	-0.007516665312545002	-0.007902671819657293	0.012984553803725487	-0.006592383532723047	0.003326168215550489	-0.016243770814576446	0.01304148981768202	0.00656290758208091	0.024769925939442078	-0.002701557685488725	-0.0027381803638290305	-0.0007820613352393387	0.0015042704822302016	-0.013450611945078501	-0.00041077090198293173	-0.0075675597943023485	0.007402916442823687	0.007930628476132916	0.00010428998614329035	-0.025208593940132282	0.005106426803085764	0.00912736871622152	0.016494443825116993	-0.02463104828145957	-0.01817470450104327	-0.00016441518885184768	-0.0015705532835962478	-0.005984065815184114	-0.009082154898239981	-0.005117713729493669	-0.01611069174042318	-0.011864005433158065	0.011452656803405398	-0.007233339772924467	0.004791513053036688	-0.0024050966931735635	-0.019280625976415448	-0.009977777310087702	0.009310192726054068	-0.0031378308598109888	0.0061195469072567905	0.003335069844137994	-0.0045402593220294305	-0.008679454742994572	0.0004972176563563018	0.0025	0.0018035714285714287	0.0011071428571428573	0.0004107142857142855	-0.00028571428571428584	-0.0009821428571428572	-0.0016785714285714292	-0.002375	0.0	0.0	0.0	0.0	0.0	0.0	0.0	0.0	0.0	0.0	0.0	0.0	0.0	0.0	0.0	0.0	0.0	0.0	0.0	0.0	0.0	0.0	0.0	0.0	0.0	0.0	0.0	0.0	0.0	0.0	0.0	0.0	0.0	0.0	0.0	0.0	0.0	0.0	0.0	0.0	0.0	0.0	0.0	0.0	0.0	0.0	0.0	0.0	0.0	0.0	0.0	0.0	0.0	0.0	0.0	0.0	0.0	0.0	0.0	0.0	0.0	0.0	0.0	0.0	0.0	0.0	0.0	0.0	0.0	0.0	0.0	0.0	-0.011002849523201672	0.015629630472394195	-0.003479325098945011	0.00686831211241002	0.0011965440028684322	0.007272716684026494	-0.007361147911205347	0.0070263034604262425	-0.005424168971428955	-0.0005377839551467167	-0.0030709622491496558	0.0002919198432067622	0.0016973694498917317	0.00441803674520619	-0.005121993910305303	0.00538305871051906	-0.0006218503711554931	-0.0037787765065167836	-0.005134435227473159	0.0018085661926121655	bear
2023-01-31	-0.007975927718758167	0.0014535287785605526	0.002021303138676567	-0.006109414117220357	-0.0168336085981107	-0.019129893177454386	0.0018076083092441197	0.033769918283137794	-0.017467921485924038	-0.008575357629533722	-0.004042279555649253	0.008841093886236873	-0.005660460682538025	0.008216271685727854	-0.005908190404901688	0.004261837211271554	0.00025754073039768033	-0.0020692395227841043	-0.005090264859966021	0.02074869564162267	0.01768881044689826	-0.005589330924375915	0.003404889103526907	-0.012396899229340865	-0.018484316932099495	-0.007662730544255268	0.0049487252759553855	0.0003231961846995441	-0.011416307663043364	0.005373875730287862	-0.0023542422270172586	-0.006200415595516265	0.0067356112517331325	0.02020256853895618	0.007289262662507841	-0.009266245519978905	-0.009041998165561314	0.0015003134597308856	-0.0015630814315019436	0.0011725162777499853	-0.018441204023460108	-0.025138732272597414	-0.02381866319054262	0.02181372961453659	-0.0011080635394236699	-0.0033857970305010868	0.020689802901657003	-0.011180607532756423	-0.03276727485276009	0.01512609928400665	0.002714241930252835	-0.0071212197918119335	0.008014637776945875	0.010360965443759255	-0.018476115671587464	-0.007387186712803253	-0.003248421275156832	0.015894519435976383	-0.02946236261540218	-0.0004544719863036454	0.0031267438557896067	0.010647815053896613	-0.02255315263030884	-0.003190681959665647	0.013181732227177391	-0.007768466154420572	-0.008984882854906341	0.00248148748738766	-0.011646515109335301	0.009340574589889288	0.02121807769689982	0.007995214374180243	0.024802741291131684	0.0031550301282270337	-0.017887362074380537	0.0017508826082893115	-0.02790917182934777	-0.003970898819885546	-0.005130843372063302	0.009211521658352064	0.0025	0.0018035714285714287	0.0011071428571428573	0.0004107142857142855	-0.00028571428571428584	-0.0009821428571428572	-0.0016785714285714292	-0.002375	0.0	0.0	0.0	0.0	0.0	0.0	0.0	0.0	0.0	0.0	0.0	0.0	0.0	0.0	0.0	0.0	0.0	0.0	0.0	0.0	0.0	0.0	0.0	0.0	0.0	0.0	0.0	0.0	0.0	0.0	0.0	0.0	0.0	0.0	0.0	0.0	0.0	0.0	0.0	0.0	0.0	0.0	0.0	0.0	0.0	0.0	0.0	0.0	0.0	0.0	0.0	0.0	0.0	0.0	0.0	0.0	0.0	0.0	0.0	0.0	0.0	0.0	0.0	0.0	0.0	0.0	0.0	0.0	0.0	0.0	0.0	0.0	-0.018272587049554048	0.012464482750270709	-0.006907845098908585	-0.006344909096071162	-0.006707479502725868	-0.002643742188260279	-0.0058012231054031796	0.020145017587208405	-0.0010785580735671691	-0.004169857543242039	-0.01658026794473714	0.004440468256152687	0.0030467595050490764	0.009546435397488876	0.010318081075926829	-0.001106516707907429	0.006574479753326426	0.004029336858249076	-0.006978404089347976	-0.0020122813507192343	bear
2023-02-28	-0.01901340760211954	-0.001718895168210281	-0.0006612579469777149	-0.013919773200317473	-0.02031223887619293	-0.0073437471208276026	-0.009287314080226747	0.00466216562074934	0.009299959456394431	0.02879801758290442	-0.020623951993856058	0.008006669261254415	0.021307074918222566	0.009295537537064014	0.006601126326080138	0.0013301809641374782	0.012716286450255618	-0.004638912960507124	-0.017490407949182968	0.010047572607369468	-0.006546473438932572	0.011441661184931357	-0.01826428949935315	-0.020092733926686788	0.009639405961571186	0.007353520507494329	-0.003696848456869526	-0.023702622785246097	0.016354488758506595	0.005088394242856921	0.009964862858577592	-0.011310305390754578	-0.02056621216266355	0.014421734748526203	0.016031294060050025	-0.022691211960984687	-0.011258905587709601	0.00955264118611191	0.003336860342810827	-0.00451584057344204	-0.01934427594988068	-0.004800894075769139	0.005843025508717325	0.007393306389768567	-0.005780671527928342	0.008496183200115097	-0.015621630973051496	0.009749863190703386	-0.007316500457743903	0.005267586126869238	0.009595636361600659	0.006364029621310317	0.0044605580012834255	0.0007951618315698028	-0.019884847365297973	-0.01083718700352148	0.013990091957750353	0.0026134018568575762	0.0028097202176050914	0.011856849367053342	-0.0038612972171785677	-0.01622813306350467	-0.006186363442402865	-0.01294165512670837	0.001791412354018249	0.004228945101591445	-0.006187697490844656	0.0030523958320103468	0.02652779193364133	-0.013464172796649116	0.010011445739912046	0.011211239753467817	-0.0018795127814159455	0.008105775667863618	0.005914845508677548	0.005426233257913983	-0.015807566283149766	0.007952763193388657	-0.005690861503571117	-0.018125360802555595	0.0025	0.0018035714285714287	0.0011071428571428573	0.0004107142857142855	-0.00028571428571428584	-0.0009821428571428572	-0.0016785714285714292	-0.002375	0.0	0.0	0.0	0.0	0.0	0.0	0.0	0.0	0.0	0.0	0.0	0.0	0.0	0.0	0.0	0.0	0.0	0.0	0.0	0.0	0.0	0.0	0.0	0.0	0.0	0.0	0.0	0.0	0.0	0.0	0.0	0.0	0.0	0.0	0.0	0.0	0.0	0.0	0.0	0.0	0.0	0.0	0.0	0.0	0.0	0.0	0.0	0.0	0.0	0.0	0.0	0.0	0.0	0.0	0.0	0.0	0.0	0.0	0.0	0.0	0.0	0.0	0.0	0.0	0.0	0.0	0.0	0.0	0.0	0.0	0.0	0.0	0.006413117316349887	-0.00037799407907057104	-0.00723631470131103	-0.0033450483865990473	0.01085209369559349	0.010503084122170445	-0.007087534376972913	-0.01231486211266597	-0.00819622418777875	0.0051500099257099086	-0.0007883522186029684	0.0039652373786645215	0.0032213799283991283	0.003950465346663305	-0.005279010915083756	-0.0010234745565539827	0.003603608506624613	-0.00263522879928962	0.00234864343360338	-0.005184801798162342	bear
2023-03-31	0.024287608699438197	0.0029915117262948017	-0.0022149413057468747	-0.004465418227847387	-0.00901844533972071	0.010398966692504782	-0.003692273252480965	-0.005608385826242364	0.005537409539108455	0.0036852267901857525	0.002331663318910842	0.005833465528415308	0.004656223123653596	-0.006302709745348409	-0.022072983994201475	0.00538375372724259	-0.0016997451750529714	-0.002488035643951168	-0.0038796692185706703	-0.026600943577688302	0.0037230058660346218	-0.01717329841380306	0.027559688393951978	-0.0006954500890320568	0.0008370841732214705	0.008410792804735199	0.008970689504560326	-0.018152222050429847	0.010577758973251302	-0.0075492931453344445	-0.0009686788374022151	0.003251809765982723	-0.012963302271999929	0.002387769939133298	0.002691388144733989	-0.00019971998225901515	0.013573269107034729	-0.003716197476696697	0.0007119679579088788	-0.01992337585626028	0.009274407268259333	0.005521930631033588	-0.008817995398813786	0.0010087454879577989	0.009102815942298916	0.0021842360847375325	-0.00391910288762345	-0.009870319442560054	-0.012239162313035042	0.03232758073793769	-0.022396586413850388	-0.010551480203518007	0.02550995493737826	0.01079404329323379	-0.012033895092449698	-0.010175498846561904	0.007825674779716865	0.014716252811889648	-0.003979760554061932	-0.00885148342761661	-0.006334186627518198	-0.0008171109684017527	0.0018440474054504598	-0.009132453587566904	-0.00841729022205132	-0.01464950963142288	-0.0106624751598883	0.013903982652692062	0.013438830943962341	0.007085410129251626	-0.024875241149903395	0.014091879933732085	0.030059972625722055	-0.027408465434550444	0.012619398023843983	0.008207325766360848	0.007663135859354942	0.007859053694218297	-0.018863897746998398	-0.005706546089105031	0.0025	0.0018035714285714287	0.0011071428571428573	0.0004107142857142855	-0.00028571428571428584	-0.0009821428571428572	-0.0016785714285714292	-0.002375	0.0	0.0	0.0	0.0	0.0	0.0	0.0	0.0	0.0	0.0	0.0	0.0	0.0	0.0	0.0	0.0	0.0	0.0	0.0	0.0	0.0	0.0	0.0	0.0	0.0	0.0	0.0	0.0	0.0	0.0	0.0	0.0	0.0	0.0	0.0	0.0	0.0	0.0	0.0	0.0	0.0	0.0	0.0	0.0	0.0	0.0	0.0	0.0	0.0	0.0	0.0	0.0	0.0	0.0	0.0	0.0	0.0	0.0	0.0	0.0	0.0	0.0	0.0	0.0	0.0	0.0	0.0	0.0	0.0	0.0	0.0	0.0	0.004693288631489086	-0.0056283697551187135	-0.002779043324069284	0.012015168826107573	-0.00847840045168916	-0.0006043678868713522	-0.028868953227256067	0.0059726233848894	0.0005221766227613387	0.00257152445703016	0.005379664097030448	0.007008149077344565	0.0006034786066469107	0.0057906881775004	0.01105326089744487	-0.0013237837350824836	0.006179023590442956	-0.0009229197551439547	-0.000978484482794109	0.0027772302149011887	bear
2023-04-30	0.023843410418208533	0.0024932260605794324	0.016448816467736545	0.012249435034991284	-0.014992263696914185	-0.007983091865434987	0.01642180033417334	0.0002170960073755294	0.0014586512010066536	-0.005634693230786089	0.04740049240137398	0.005784132570010665	-0.012550404591901942	-0.005035189372476611	-0.02395970790209158	-0.0078069049119098176	-0.017501124498638793	0.012882939353254986	-0.004189129329905603	-0.021356866169317132	0.012362564863077699	0.020221399913423647	0.0049727203942679255	-0.011994866832859287	-0.013341726021229613	-0.00543052316346962	0.01934066917858075	0.009802513632789646	0.007532194119387662	-0.009318217093313284	0.011159641445239026	0.009263598088635479	0.0016252124779358018	-0.02431099998299507	0.017545852200637993	0.013497680716839605	-0.009842744218721703	-0.006820457288885527	0.010016364043519339	-0.017649061562559475	0.0031869805819606557	-0.010517438997069145	-0.019248988241557585	-0.012247234459638077	-0.012888079610382354	0.008803822324867034	-0.0016663375047238783	0.002299167080747727	-0.005272737673863476	-0.006001596722773821	-0.013412778807102692	-0.01059473621864606	-0.010684445002651932	0.013906674097184771	0.0005181341125711671	0.011599043984024192	-0.005999874577311609	-0.010320445023959953	-0.004324898396465267	-0.010196854266280352	0.011025452616238628	0.0034490739312883693	-0.0029597537257351134	0.0029060715841895124	-0.008756244738976404	-0.006403321136966976	0.006895146114504163	0.012255206322627376	0.00739925441915123	-0.003612056293186674	0.0014690505988732088	-0.020974484312094074	-0.009355060199621535	0.015909259346443022	0.01960611113090539	0.015413374598571507	-0.013882803613593212	0.0003678568767264643	0.0021217535260780523	-0.004834654100245702	0.0055	0.004482142857142857	0.0034642857142857145	0.002446428571428571	0.0014285714285714284	0.00041071428571428563	-0.0006071428571428575	-0.0016250000000000001	0.0	0.0	0.0	0.0	0.0	0.0	0.0	0.0	0.0	0.0	0.0	0.0	0.0	0.0	0.0	0.0	0.0	0.0	0.0	0.0	0.0	0.0	0.0	0.0	0.0	0.0	0.0	0.0	0.0	0.0	0.0	0.0	0.0	0.0	0.0	0.0	0.0	0.0	0.0	0.0	0.0	0.0	0.0	0.0	0.0	0.0	0.0	0.0	0.0	0.0	0.0	0.0	0.0	0.0	0.0	0.0	0.0	0.0	0.0	0.0	0.0	0.0	0.0	0.0	0.0	0.0	0.0	0.0	0.0	0.0	0.0	0.0	-0.016608283265221332	0.009214901460580151	-0.004108603336914563	0.004147238288912898	-0.0009732553531628801	0.0030103944425845207	-0.005973092043486618	0.0043470442834356885	0.0036463983845821737	0.0005623039671961847	-0.009644222135660867	0.002080513658430946	-0.010824675249857833	0.00457680884382624	-0.0030007886952165904	-0.0030489295357276377	0.006528924678363645	-0.005930562001466382	0.002507273143988104	0.003561421543075513	bull
2023-05-31	0.0012384685983411383	-0.011718906363786159	0.023214393913799872	0.00019710536327841597	0.010390300129056123	-0.004028917889759991	0.005534967866418417	0.014250423133190736	0.0031720645676158983	0.004646676754858962	-0.00602467781750524	0.001747492625538636	-0.017159637160272297	-0.016239298203801877	-0.0038459898190940957	0.006093088846539486	-0.01261617117337221	-0.01550988238960968	-0.009793407554466182	-0.009224952849834126	0.0017058827186535385	-0.016113942059830265	0.002036888067100328	0.020858758607619356	-0.006028088255645001	-0.010355260441748842	-0.0030599068251299915	-0.0005472236987770693	0.01684153825341812	-0.009443841441658999	-0.023415093008653087	0.002219610260629133	-0.00728870077377801	-0.021734709870671276	-0.0026683569964700534	0.009817668107812887	0.009065911346541916	0.004985345936270905	0.005014145917663063	0.009293451029665346	0.035660445548623465	0.015853939404775502	0.004038291164486169	-0.0030954195943692186	-0.011628845841084878	0.009454037363434331	0.008361560970280674	-0.0006082857373893947	0.004761339577372255	-0.005704137399419051	0.021616145443945488	0.008158300769282045	0.004491514431022229	0.008150380808693828	0.009459195526575294	-0.0238621626465618	-0.012681603184868702	0.013891462870658598	0.011712002682465155	-0.016521263908165905	-0.003350115542933551	0.011457842590225269	-0.013142248236001157	0.015731095493856095	0.003255464667249384	0.013939973816693882	0.0262590840162838	0.028206497210822593	0.01894726234041767	-0.010331395687893805	0.0059969191594801555	-0.006335217353115488	-0.003977721335756547	0.014516504326712339	-0.014769563057977837	-0.003458062728052356	0.017226699478439782	0.007832819580282068	-0.006500655759568571	0.005947524144756738	0.0055	0.004482142857142857	0.0034642857142857145	0.002446428571428571	0.0014285714285714284	0.00041071428571428563	-0.0006071428571428575	-0.0016250000000000001	0.0	0.0	0.0	0.0	0.0	0.0	0.0	0.0	0.0	0.0	0.0	0.0	0.0	0.0	0.0	0.0	0.0	0.0	0.0	0.0	0.0	0.0	0.0	0.0	0.0	0.0	0.0	0.0	0.0	0.0	0.0	0.0	0.0	0.0	0.0	0.0	0.0	0.0	0.0	0.0	0.0	0.0	0.0	0.0	0.0	0.0	0.0	0.0	0.0	0.0	0.0	0.0	0.0	0.0	0.0	0.0	0.0	0.0	0.0	0.0	0.0	0.0	0.0	0.0	0.0	0.0	0.0	0.0	0.0	0.0	0.0	0.0	-0.00018017202806700546	-0.005661906854728624	0.007441176973168572	0.002230621929240913	0.008134657274722679	-0.008257666889967966	-0.004557150560210005	0.014201769910150448	0.004836841981188901	0.010668888913458284	-0.010969067371733275	-0.001380905589507036	-0.003792361272322786	-0.008020636394935438	0.0035892860794214747	0.0030330679566156833	0.012951812100871703	0.00022085515650363085	0.003635055726963318	-0.003675869794350639	bull
2023-06-30	0.004887670862679543	0.009988430512507803	0.004608333732560609	-0.0066630900054024216	-0.017007575713334902	-0.008678971407327856	0.01136467316908423	-0.013449622748925328	0.00010055396312675895	0.0034264565109330294	0.0019801580070501657	-0.017807364068463928	-0.007166038153255602	-0.012515732583439288	-0.008378768546589319	0.005858888769918617	0.008738784968217566	-0.008683910184883863	0.028283237776755496	-0.010895462483720473	0.026015490759380894	0.005963796462434038	-0.00234453187946507	0.003579209297059446	-0.023399951645707028	-0.001796730572297323	-0.002839653611771724	-0.018801048826909788	-0.0020932720013005363	-0.012224051760955777	-0.0043487352451218155	0.014620277009603954	-0.020604106159766194	-0.002894599516322082	-0.013341890092833087	0.014601188686555014	0.0018886338164621583	-0.013908129942599238	0.0022722352730689174	0.011482454300741067	0.0058951873260330995	-0.016781635197343336	0.0046744598207507345	0.007397479357570365	-0.0015412324743631284	0.000515002024166119	0.00894048140909426	-0.013002185599380019	0.006877703232131104	-0.010631563335303488	0.0074472780177234875	-0.005753016974698028	0.011124104440032433	0.0049580638520475475	0.021947769220178694	0.0034785481517110245	-0.028015723611646788	-0.009502806667358516	0.00867754182866919	-0.004443723827085629	0.004617512210474141	0.007882784288391995	0.011013393883313245	0.011855666729762994	-0.0051451059720976685	0.010453810720831734	-0.0043668421244538	-0.005145733680941282	-0.014954382603571969	0.0014219037724390474	-0.008703272511048243	0.0109262567340532	0.028062689984441645	-0.00866151098974008	-0.008793841930875597	0.002219599522643341	0.0068577339448196205	0.0012241579791009171	-0.013608442989688094	0.025855461912333032	0.0055	0.004482142857142857	0.0034642857142857145	0.002446428571428571	0.0014285714285714284	0.00041071428571428563	-0.0006071428571428575	-0.0016250000000000001	0.0	0.0	0.0	0.0	0.0	0.0	0.0	0.0	0.0	0.0	0.0	0.0	0.0	0.0	0.0	0.0	0.0	0.0	0.0	0.0	0.0	0.0	0.0	0.0	0.0	0.0	0.0	0.0	0.0	0.0	0.0	0.0	0.0	0.0	0.0	0.0	0.0	0.0	0.0	0.0	0.0	0.0	0.0	0.0	0.0	0.0	0.0	0.0	0.0	0.0	0.0	0.0	0.0	0.0	0.0	0.0	0.0	0.0	0.0	0.0	0.0	0.0	0.0	0.0	0.0	0.0	0.0	0.0	0.0	0.0	0.0	0.0	-0.006299823030067774	-0.0009145079908128356	-0.0011890010176512796	0.01804048014661053	0.004438843514386311	-0.0034146393403539617	-0.010146923261771992	0.008618180658257237	-0.0029793247580544766	-0.0026233613613210493	0.006911860353351142	-0.0035086760532747393	0.009004291810659823	-0.004331649608215847	0.00105510817193019	0.00034095717508666014	0.008665791029923818	0.001983225563660127	-0.004198117222493513	-0.001537460785900322	bull
2023-07-31	0.03227347241209393	-0.007492744577062807	0.00796766961558997	0.00837529162556326	0.004242408658922843	0.003574899325857413	0.0023091951057006366	0.022214144568291086	-0.0031164042454061027	0.011700415405744038	-0.008261956659481312	0.002477900425586431	0.014180426172883648	0.009143065801835765	-0.009409608724543578	0.004919503838139871	0.008241840320252053	-0.014156021037336246	-0.0004580570147391786	-0.006848705335386704	-0.01751723243775339	-0.017456721076555687	-0.012909651108905434	0.01033342389434542	-0.011974711094780818	-0.023650924707690958	-0.016196224907625324	-0.0068310117855389756	0.005295753534382127	-0.0007817760197012511	0.00569475774776394	-0.0002185123709638884	-0.01785838949526231	0.0044650943226456	0.006874821917069151	0.0055768461713101075	-0.0079070122235022	-0.009855513966666883	-0.019871143997296867	-0.009737709651695943	-0.0006389425553177619	0.023496369493854183	0.004280507925985562	0.014211788661199017	0.0009870924382303359	-0.014411485612572264	0.00706204507078725	-0.008896878848085812	-0.007823400051397443	0.007151417027996358	0.01014412306082603	-0.009231422789008407	0.009261542404749391	0.032060703121417414	0.0027715662039673994	0.004480061120906115	-0.008623004605354595	-0.0133139079414686	-0.00495324069872216	0.017801608886705886	0.012867255700883921	-0.0021800743904638667	-0.014204173517297011	0.008324846666811709	-0.007592194838633706	-0.01573542655331002	0.017129790431445673	-0.010373235286788048	-0.01982091760433698	0.001138350140282506	0.007103683683651439	-0.002300820819131261	-0.01077406208954483	0.006310843696734481	-0.012233040669741308	0.0031195818625493446	-0.005049748624846726	-0.0029790189604874387	0.02195089112409571	-0.0006939057014004906	0.0055	0.004482142857142857	0.0034642857142857145	0.002446428571428571	0.0014285714285714284	0.00041071428571428563	-0.0006071428571428575	-0.0016250000000000001	0.0	0.0	0.0	0.0	0.0	0.0	0.0	0.0	0.0	0.0	0.0	0.0	0.0	0.0	0.0	0.0	0.0	0.0	0.0	0.0	0.0	0.0	0.0	0.0	0.0	0.0	0.0	0.0	0.0	0.0	0.0	0.0	0.0	0.0	0.0	0.0	0.0	0.0	0.0	0.0	0.0	0.0	0.0	0.0	0.0	0.0	0.0	0.0	0.0	0.0	0.0	0.0	0.0	0.0	0.0	0.0	0.0	0.0	0.0	0.0	0.0	0.0	0.0	0.0	0.0	0.0	0.0	0.0	0.0	0.0	0.0	0.0	-0.002066474102915594	-0.009017258262978185	0.006217171022837665	0.010795224122990357	0.001345193372882924	0.0021138420564348593	0.00021114970647483772	0.012103884103638867	-0.005345777038681384	0.0012839223601236616	0.0018344728803440017	-0.0011259870360072414	0.00692662429066819	0.01242049229202761	0.006551370014678888	0.00801447208525468	-0.004067087988293692	-0.00023113972658340872	-0.0154413746199826	0.000801395190085765	bull
2023-08-31	-0.022410610561785255	0.0017221451678215306	-0.012889164177596477	-0.002767907715780105	-0.01123081330974943	0.010655533565269947	-0.020879652675346687	0.004829331205425618	-0.009703847054008567	-0.016740166601226496	0.0023505747012755544	-0.0058650494631847854	0.006355760241556222	-0.018663345267126475	-0.018741306701545942	-0.017716940012683847	-0.0019628374107535903	-0.01077905565007181	-0.00598749028431757	0.01676952636732625	-0.006482764342984272	-0.0006056320396801575	-0.013122039207864668	-0.0021545436953909914	0.013388857291852815	-0.014529199218712058	-0.005200098441393542	0.01330509644007595	-0.01796907707651002	0.014562407613620777	-0.010541529618531838	0.003837811449273216	0.009314270770250193	-0.002496285006526461	0.003287377645735119	0.012243263049076638	0.005040834131226018	0.016833454383066587	-0.006621852331627308	0.0015263937042038858	-0.014592947703136886	-0.015580476672123762	0.002787760103650521	0.017865108810048578	-0.004989967182857123	-0.0008723502769926876	0.015156514899089053	-0.011853033579902271	0.005369399245890429	0.011075867766532908	0.003332853425350935	-0.017936990584398453	0.005146511030947266	0.018359763631569836	-0.004531806235198655	-0.01866197043764084	0.008281981728404776	0.0023321508103581975	-0.007093702893347729	0.01103439828982227	0.0038222953872627586	-0.003550950441304091	0.015426253105281652	0.020509305473611038	-0.00949556475732342	-0.0029141241501456534	-0.0020970873959838994	-0.014850074945191243	0.0009780458805468272	0.020333201857737536	-0.006514438891587088	0.006012381402685789	-0.008519547098730242	-0.007464394896222574	-0.009297759564984237	-0.008970820441160203	-0.002072349464230163	0.022920625102549774	-0.02269391821083932	0.0068391629164967875	0.0055	0.004482142857142857	0.0034642857142857145	0.002446428571428571	0.0014285714285714284	0.00041071428571428563	-0.0006071428571428575	-0.0016250000000000001	0.0	0.0	0.0	0.0	0.0	0.0	0.0	0.0	0.0	0.0	0.0	0.0	0.0	0.0	0.0	0.0	0.0	0.0	0.0	0.0	0.0	0.0	0.0	0.0	0.0	0.0	0.0	0.0	0.0	0.0	0.0	0.0	0.0	0.0	0.0	0.0	0.0	0.0	0.0	0.0	0.0	0.0	0.0	0.0	0.0	0.0	0.0	0.0	0.0	0.0	0.0	0.0	0.0	0.0	0.0	0.0	0.0	0.0	0.0	0.0	0.0	0.0	0.0	0.0	0.0	0.0	0.0	0.0	0.0	0.0	0.0	0.0	-0.004356857239079648	-0.017763661079323447	-0.009678408051441217	0.010356250611228692	0.01129693013127486	-0.006092917368288978	-0.009963040867184931	-0.00035641064140831376	0.005668950216771945	-0.006911787140955673	0.005324096787754678	0.002689486843182652	0.006279600221079594	-0.005930899990665706	0.0010944778606296617	0.0008818850395197449	0.005515223901910652	-0.011147644717618869	0.0027547303463090218	-0.00020749632646514013	bull
2023-09-30	0.020539381000910184	0.012795703623129574	0.041517107977928736	-0.0017544011981744938	0.004773042808952186	0.0028719003460557216	-0.015407975828445906	0.0036731861744851413	0.02025729700214933	0.025000429213005264	-0.007405994324497187	-0.003017371232372974	-0.0019032923227081692	0.008157662291458277	0.0029679421334769564	0.015011726589414699	0.012081828763272767	-0.0062867798213596	0.007697487043091805	0.010837862542962814	0.015675250720138773	0.004886179636008761	0.0033714583230820844	0.0033138574963583627	-0.010028541407139777	0.007671758271881449	0.007311674759778405	-0.0030908879013717334	0.014634844795684925	0.002208065263992167	0.005947209493356624	0.017379026879533545	0.02151767728510676	0.0032379395717734407	-0.021408395952872247	0.017693464098646708	-0.0011444952846302273	0.010776979051557443	-0.007961858440424343	0.011009293251485997	0.016362661176821884	-0.004526025993607422	-0.0048425381666192075	0.025074019242987675	-0.007388796305984671	0.004588669997166372	0.01226180192898692	0.0010270871158699596	0.0038304478455391147	-0.019425190717911007	-0.005775269160863469	-0.0038852543977496465	0.01648440204757582	-0.016737800717367076	0.006555796384084894	0.0018510482060484774	-0.011556564685621532	0.0057713990699035074	0.0028142091155086662	0.014834646801797843	-0.01731614510383056	0.00414157658387731	0.022483683563181013	0.008566968424813658	0.005837735681418651	-0.00022154069109043967	-0.005646922245502116	-0.014888244264319679	0.014010624352774684	0.004857455059289111	0.004736385090990916	0.002942853542463545	0.009849038686137436	-0.004620458760051309	-0.03316732087813039	-0.005703063825255956	0.009442467347971526	-0.008387323474696675	-0.0039681169810086925	0.017527004563316736	0.0055	0.004482142857142857	0.0034642857142857145	0.002446428571428571	0.0014285714285714284	0.00041071428571428563	-0.0006071428571428575	-0.0016250000000000001	0.0	0.0	0.0	0.0	0.0	0.0	0.0	0.0	0.0	0.0	0.0	0.0	0.0	0.0	0.0	0.0	0.0	0.0	0.0	0.0	0.0	0.0	0.0	0.0	0.0	0.0	0.0	0.0	0.0	0.0	0.0	0.0	0.0	0.0	0.0	0.0	0.0	0.0	0.0	0.0	0.0	0.0	0.0	0.0	0.0	0.0	0.0	0.0	0.0	0.0	0.0	0.0	0.0	0.0	0.0	0.0	0.0	0.0	0.0	0.0	0.0	0.0	0.0	0.0	0.0	0.0	0.0	0.0	0.0	0.0	0.0	0.0	-0.004662036907597717	-0.01889968432010696	-0.01188695922139593	0.006655632661509092	0.013861947545117902	0.0006704606465948424	-0.0011869095311265933	-0.002071583893622217	0.0017869161558675597	0.009208091226964461	-0.0012366362031096829	0.005951795502867914	-0.0011311203044835666	0.002443415729630023	0.0007273556011618849	-0.0042989503405667625	0.00273400645451502	0.006335541992403675	-0.00043280669933580735	-0.003995955329694117	bull
2023-10-31	0.013490083291971051	0.002214055560720238	0.01486343753121991	0.01518495871450564	0.007216031230021281	-0.003670406925706127	-0.013002731000700199	-0.00842795450524206	0.01669296738478869	0.004987349577500698	-0.002190909165266922	-0.007789060564468177	-0.0012792724131938681	0.003036968747504264	0.013324015545748842	-0.006793257852408186	0.00034678827756038207	0.01920445203872768	-0.010459015407792364	-0.02526618447078934	0.01770305438172045	0.002576459383501037	-0.005370445787958982	0.013063552657039556	0.004420663048289924	0.0015367076026739878	-0.0240770490443859	-0.0049772171725593764	0.024244375152651286	0.011334714920486369	0.010014240542525888	0.011063459878522258	-0.0197510679818662	-0.009490167939751498	-0.02718193017171847	0.012086295549727318	0.006675738600594184	0.03116499044030553	-0.020070206510851833	-0.0007334721111338399	-0.0011951882378692243	0.00058133988484163	-0.008896266884042625	0.00524596408958686	0.000948259073297715	0.018464327214661968	-0.004348024029141735	-0.00571068017096778	0.010459212134638135	0.02326906047831804	0.020753749202001567	-0.013671156413874347	0.0040217333091891756	-0.011926886140168168	0.01764382792377611	0.0005821901406949789	0.0030432624054732983	-0.0029736919612613514	-0.01228657089049215	0.0009931268754784963	-0.012849426520492646	-0.0034057606864401073	0.0006673694235298942	0.022171458100296065	-0.008178770807984435	-0.014303319335956025	0.009806480674133977	-0.004634984449655171	-0.005141809205953989	-0.007318362037908209	-0.009435321834035065	0.005773037085980604	-0.026783536256102698	-0.022827860445168397	-0.0006761416777934265	0.005424319802357024	-0.012235995957375512	0.01715724787261457	-0.019704147950490535	0.0076397193427196084	0.0055	0.004482142857142857	0.0034642857142857145	0.002446428571428571	0.0014285714285714284	0.00041071428571428563	-0.0006071428571428575	-0.0016250000000000001	0.0	0.0	0.0	0.0	0.0	0.0	0.0	0.0	0.0	0.0	0.0	0.0	0.0	0.0	0.0	0.0	0.0	0.0	0.0	0.0	0.0	0.0	0.0	0.0	0.0	0.0	0.0	0.0	0.0	0.0	0.0	0.0	0.0	0.0	0.0	0.0	0.0	0.0	0.0	0.0	0.0	0.0	0.0	0.0	0.0	0.0	0.0	0.0	0.0	0.0	0.0	0.0	0.0	0.0	0.0	0.0	0.0	0.0	0.0	0.0	0.0	0.0	0.0	0.0	0.0	0.0	0.0	0.0	0.0	0.0	0.0	0.0	-0.0036287867994775165	-0.011013379174236554	0.014202418465333053	0.005412615305996108	-0.015767908584588698	-7.163956024541416e-05	0.001479479580385695	0.00477813496130025	-0.003319788331226652	0.016046260257649034	-0.00047448988082344806	0.003494528390459484	0.0049630323603564955	0.009022575449068662	0.005963657919736629	0.006589783023306017	0.0007225042877073489	0.0013381311784639845	-0.0015731653073780278	-0.003889803357284804	bull
2023-11-30	-0.0016883242303416925	0.013327329992223583	0.017719194168720753	0.002053352319106218	0.01583081619264081	-0.006152431919920194	0.004840798535142569	-0.008987059489425098	-0.011208844667197102	-0.007398586716556972	0.011763000888031797	0.01206849988433396	-0.0029380355736406236	-0.005904270574310491	0.003002315184011749	-0.004647240751660302	0.021530574512519406	-0.0066183065226685205	0.00413600020458819	0.001682700144020543	-0.014292804206511255	-0.0019289632996528172	0.006601201902258242	-0.010142541308021455	-0.0003551533414422356	-0.02028810343000549	0.007042624375444539	0.0037661181604070272	0.006781802196842563	0.007721382015180446	0.0039872740528413015	-0.00600113441650085	-0.009140901899485465	0.00968669298643763	0.014947744488398935	-0.01586006230561535	-0.008559026059799343	-0.028515321432577678	0.0003141995387291889	-0.0020302255568096853	0.009471033152229047	-0.003797435427151802	0.0011624867506360359	-0.004818160440840942	0.013764378958917807	0.006269053383406087	0.017987090092502683	-0.002208840851013229	0.009051417161064475	-0.002939143129452313	0.0017010786469145286	0.002895677815118569	-0.011585505758888589	0.009833315484713374	-0.0027687507837340967	-0.0008850407059701069	0.020923469719927083	-0.01353857121010391	-0.002379527873718831	-0.006845994393931427	-0.02823454829813825	-0.007511876589484644	0.014160574397142654	-0.006405395533199921	-0.0008314492770433817	-0.006652298733922835	0.001278411950316273	0.013669240926178338	-0.01794006594372844	0.02819974144005963	0.020734874502963456	0.01635491708949369	0.010089015222471206	-0.0012388274377262095	0.019216776697515845	0.003838730155015129	-0.010031463171873853	0.011016000667354283	-0.014786507528877205	-0.008699948415412174	0.0055	0.004482142857142857	0.0034642857142857145	0.002446428571428571	0.0014285714285714284	0.00041071428571428563	-0.0006071428571428575	-0.0016250000000000001	0.0	0.0	0.0	0.0	0.0	0.0	0.0	0.0	0.0	0.0	0.0	0.0	0.0	0.0	0.0	0.0	0.0	0.0	0.0	0.0	0.0	0.0	0.0	0.0	0.0	0.0	0.0	0.0	0.0	0.0	0.0	0.0	0.0	0.0	0.0	0.0	0.0	0.0	0.0	0.0	0.0	0.0	0.0	0.0	0.0	0.0	0.0	0.0	0.0	0.0	0.0	0.0	0.0	0.0	0.0	0.0	0.0	0.0	0.0	0.0	0.0	0.0	0.0	0.0	0.0	0.0	0.0	0.0	0.0	0.0	0.0	0.0	-0.01294868006053433	-0.01076387666299551	-0.004086150729737646	-0.0007984900294061098	-0.011959234011583789	0.0007001000492707489	0.0014217445163410268	0.0001492280047021904	-0.007762052922779849	0.01830703436927675	0.007429293000927357	0.009118266708810885	-0.006780271914818162	0.005437191144818809	-0.0006686905532053071	0.009621370856589984	0.007493272987300977	0.0035518049779624497	0.002422578088309389	0.002412611741121395	bull
2023-12-31	0.007891816401824342	0.004724221009952081	0.013292817664315155	0.007558832334069367	0.02079079062940102	0.004330541663272421	0.013990560876395705	0.00760031923565012	0.0012726549948133532	0.007068555419898624	0.0037405507222837537	0.01758491525011002	-0.01661746409116392	0.017950764671752394	-0.0037934853932410856	-0.007502940969824701	-0.028967601242994436	0.0055828434236605915	0.018424966246827174	-0.003754176072398192	-0.008739640903904328	0.009395546458514219	0.020023133341406464	-0.006940121434421672	0.014223846030164071	-0.005001894940104401	-0.001032751511690803	0.020100556870891198	0.0002671105498171573	0.0046674585546815795	0.003919979989513825	0.011491543921929824	0.006701482976167508	0.009459652332839847	-0.01771419221835447	0.014004676612114719	-0.006147284292659717	0.012257315722345995	-0.002193994551530202	0.0020832478427374197	0.007285024156896924	-0.014017229013135324	0.004091983190465088	0.008917526392877064	-0.006490134233773756	0.004485974159917741	0.010183662245072984	0.0014472409172357338	0.016485225583691667	-0.0039214173341828515	0.018937081779769122	0.0013693397622313267	0.005225242289461133	0.0009367325960682897	0.023679640821257127	-0.002125127180391874	-0.011613202790285578	0.0036284560715485943	0.008256713024206221	-0.01262952085096962	-0.008167602868284806	-0.01830920752448679	-0.0016120801008019073	0.012100473999758254	-0.015807603183655268	0.011024402969792362	-0.012208088085169976	0.00011405728509875216	-0.003220859299674336	-0.01764831370523633	-0.0072772715140238765	0.024133478704439985	0.008310286810003424	-0.00741361071041904	-0.004957681496833504	0.007977617915011576	0.005791619642380236	-4.64242219042607e-05	0.005962315419141724	0.012207306367656262	0.0055	0.004482142857142857	0.0034642857142857145	0.002446428571428571	0.0014285714285714284	0.00041071428571428563	-0.0006071428571428575	-0.0016250000000000001	0.0	0.0	0.0	0.0	0.0	0.0	0.0	0.0	0.0	0.0	0.0	0.0	0.0	0.0	0.0	0.0	0.0	0.0	0.0	0.0	0.0	0.0	0.0	0.0	0.0	0.0	0.0	0.0	0.0	0.0	0.0	0.0	0.0	0.0	0.0	0.0	0.0	0.0	0.0	0.0	0.0	0.0	0.0	0.0	0.0	0.0	0.0	0.0	0.0	0.0	0.0	0.0	0.0	0.0	0.0	0.0	0.0	0.0	0.0	0.0	0.0	0.0	0.0	0.0	0.0	0.0	0.0	0.0	0.0	0.0	0.0	0.0	-0.003305144459949303	0.011128961664615	0.012045939593110821	0.0014331921181986534	-0.003141417674060767	0.004897997937485793	-0.001924724614853097	-0.020162076259851735	0.0006481489607182258	0.008690048569152446	-0.003861268721988748	-0.0026718935138060223	-0.004042465368652813	0.010993789814070632	0.0020370239833493444	-0.0016561652347812828	0.005056360732399973	0.005059897900488814	-0.0005941523367242134	-0.004197734610532859	bull
2024-01-31	-0.00971174653675991	-0.008447635961712524	-0.013880917964784151	0.003363659242621874	0.008626511198304812	-0.012132182473493515	0.004059960615328222	-0.006064284937629444	-0.011203437561198702	-0.00017721608952139212	0.017682853960593523	-0.0023636650628397755	-0.008893076245986637	0.0032671532802083197	-0.006502450836581583	-0.006912363011164898	0.00507391145194197	0.014811647318031834	0.011314002139319958	0.0028715439103498227	0.009291179049936737	0.0051381623054489066	-0.010756610270358796	-0.009653530678987837	-0.02036479403539378	0.016124017359031056	0.002371393270668815	0.00556401492491421	-0.005194886837091619	0.002472405404979221	0.008851124544165546	-0.007656686788669436	-0.015931858009408464	0.011450057719324377	0.0113768089113064	2.332862229984557e-06	-0.008257986725511752	0.006630522742043861	0.02223100200137251	-0.010201242844551177	0.013789252169443147	0.0011000860685971081	0.021477104471000586	-0.0161795892207637	-0.0248123482914564	0.007095481424850752	0.02524509952350184	-0.018445704923307712	0.009218545278170176	-0.0021544258687354605	0.008900531609145527	0.004681236085589655	-0.006796837469597025	0.0036197290506428223	0.003077210227515173	-0.017175780829101338	-0.005354160790485849	-0.01756265587122251	0.004053411621014749	0.012556227960088411	-6.635353858520361e-05	0.018377666749631854	0.019798549628013487	0.005424817555035733	0.020670122154657113	-0.0012626995719894933	0.01162731449208037	0.006522644357667351	-0.017594907361980335	-0.008759672124955212	0.00909248676308892	-0.006797405492837064	-0.0037381293029865393	0.02075475216949703	0.002049555996815996	0.005413398515245236	0.0014205826636944784	-0.005847061822117845	0.0024998634294069433	0.0008162007593283028	0.0055	0.004482142857142857	0.0034642857142857145	0.002446428571428571	0.0014285714285714284	0.00041071428571428563	-0.0006071428571428575	-0.0016250000000000001	0.0	0.0	0.0	0.0	0.0	0.0	0.0	0.0	0.0	0.0	0.0	0.0	0.0	0.0	0.0	0.0	0.0	0.0	0.0	0.0	0.0	0.0	0.0	0.0	0.0	0.0	0.0	0.0	0.0	0.0	0.0	0.0	0.0	0.0	0.0	0.0	0.0	0.0	0.0	0.0	0.0	0.0	0.0	0.0	0.0	0.0	0.0	0.0	0.0	0.0	0.0	0.0	0.0	0.0	0.0	0.0	0.0	0.0	0.0	0.0	0.0	0.0	0.0	0.0	0.0	0.0	0.0	0.0	0.0	0.0	0.0	0.0	0.0003854357515544997	0.0024195414114831755	-0.012565432975812828	-0.010887798332132857	0.008293695587933126	-0.0010353812024214057	-0.011031387926620798	0.00019316288227493646	-0.0007542625462768375	-0.003137668252902551	0.006292514558890761	0.011456998421012898	0.00598171969650032	0.011633456372372824	0.004717157604923508	0.005942319411589015	0.013180151794583737	-0.000222569437448236	0.006375452193715643	-0.004436516741787528	bull
2024-02-29	-0.0005636187077742126	0.008994234014349515	-0.004275558746197972	-0.009401658175355727	-0.00034434926915641426	-0.0037646759209459574	-0.020286740186951934	-0.0120554565310474	0.003201927369643432	-0.01350437421889799	-0.008226046940465455	0.008296538518144369	0.0010016563437811412	0.025486776077127137	0.0009103765462586753	0.008188708037589806	-0.010735030227777907	0.00945097308207602	-0.0031676393592957154	0.0006421682952756208	-0.00024226703377551274	0.006135978527006982	-0.023321019234973293	0.023647178329469786	-0.0012183581191151046	0.01076178927330248	0.013854054715681173	-0.0018753753161221652	0.005258594335103085	0.0046788323139922965	-0.016965238676094313	0.005756666100702323	0.006571482565451428	-0.00488023427867986	-0.007569094935420706	0.014590932578721476	-0.00865780987067871	-0.040060734258427246	-0.014317677427541437	0.00855954693174275	-0.012007087975877882	0.013604132565372556	0.003949719030412002	0.006851341094759095	-0.013945829747498356	0.004282384780012836	0.00019477486922757432	-0.023232005405242416	-0.008981885058150715	-0.018145489922870052	-0.003953555327522356	0.013777250422786876	0.01864389997221122	0.009439307032268753	0.00024906634487278456	0.006861232213036998	0.004007788332156177	0.003274221717165415	-0.0011819609513588098	-0.007119284994368279	0.015366907537735041	-0.0017395437550468257	0.023572080702936656	-0.014401797333506345	0.008402948995566541	-0.03344824122522167	-0.006551574476598366	0.00440218067941146	-0.00510959253266658	0.0020053961488845436	-0.016356605877318128	-0.004053512976435318	-0.012484994327778115	0.0054481217974771045	-0.024638368505453385	0.003925906565458625	-0.005930578732093292	-0.0020225304698845174	-0.004868782505974373	0.026524734122759793	0.0055	0.004482142857142857	0.0034642857142857145	0.002446428571428571	0.0014285714285714284	0.00041071428571428563	-0.0006071428571428575	-0.0016250000000000001	0.0	0.0	0.0	0.0	0.0	0.0	0.0	0.0	0.0	0.0	0.0	0.0	0.0	0.0	0.0	0.0	0.0	0.0	0.0	0.0	0.0	0.0	0.0	0.0	0.0	0.0	0.0	0.0	0.0	0.0	0.0	0.0	0.0	0.0	0.0	0.0	0.0	0.0	0.0	0.0	0.0	0.0	0.0	0.0	0.0	0.0	0.0	0.0	0.0	0.0	0.0	0.0	0.0	0.0	0.0	0.0	0.0	0.0	0.0	0.0	0.0	0.0	0.0	0.0	0.0	0.0	0.0	0.0	0.0	0.0	0.0	0.0	0.010874078343786805	-0.007440833654999621	-0.007959391025055428	-0.0020476169788417545	-0.005738742760203886	-0.008570387044244145	-0.01688130851537817	-0.009111662119411694	-0.0014055422290713386	-0.007391892454304788	0.0008721204603837408	-0.0009280932018766448	0.00484642669573398	0.012776257853755647	-0.00243700158740842	0.01277860037533061	-0.01007629961184789	0.0017600903366240554	0.003746893742788208	-0.000781701212101003	bull
2024-03-31	0.027331375718508473	0.0020891389745207253	0.01437090704119597	0.007070244580688377	0.01622839393246535	0.015324817388455666	-0.002893922331741356	-0.005425015910632597	-0.00998439472454198	0.006328185141548064	0.004111965048625377	0.007583807397200137	0.0051794870542614295	-0.0038425256519008435	-0.00917605845438229	0.010324877037619501	0.008560652653378562	0.011829621567795176	0.0018095979636206787	-0.01805580807107986	-0.014218513950125243	0.005374597134414472	0.008136701385449275	-0.02738687027538276	0.0025166093353107388	-0.020148110728287448	0.007668649498115179	0.018335372999237567	0.0035300472370099964	0.012488528231566829	-0.017017976815478394	-0.007762756666440384	-0.003540959181048046	0.002325374594052657	-0.012159577525257884	0.006088901801780111	0.003856519391378235	0.0024944261390259788	-0.016618330252663762	0.013279091514598917	-0.011193731679645047	0.0015504964358731932	0.005605667177980655	-0.008419556136930066	0.011866302113511371	0.010249665791489991	-0.010439509831825719	0.0006115738633761644	-0.01313790200406803	0.025772918539061773	0.011360583818870236	0.0020936966598057386	-0.0028565208638074574	0.03541431929998999	-0.0035006245043392114	-0.005135119224146273	0.012451633321568225	0.007033998984802001	-0.009453203204095501	-0.004150125929235808	-0.00107417430454533	-0.015659255983159936	-0.004469591294086817	-0.016258067599293716	0.012243520631639698	0.005860487747783727	-0.004880321231377821	0.010977403089134885	-0.0073176226791056495	0.004665233417856707	-0.009695610510864067	0.025774504672537918	0.01348974461043434	-0.011532913173825142	0.004091372734626272	0.010007959866037143	0.016484690016307656	-0.006352574161607196	0.016661612423118755	0.008898697095633642	0.0055	0.004482142857142857	0.0034642857142857145	0.002446428571428571	0.0014285714285714284	0.00041071428571428563	-0.0006071428571428575	-0.0016250000000000001	0.0	0.0	0.0	0.0	0.0	0.0	0.0	0.0	0.0	0.0	0.0	0.0	0.0	0.0	0.0	0.0	0.0	0.0	0.0	0.0	0.0	0.0	0.0	0.0	0.0	0.0	0.0	0.0	0.0	0.0	0.0	0.0	0.0	0.0	0.0	0.0	0.0	0.0	0.0	0.0	0.0	0.0	0.0	0.0	0.0	0.0	0.0	0.0	0.0	0.0	0.0	0.0	0.0	0.0	0.0	0.0	0.0	0.0	0.0	0.0	0.0	0.0	0.0	0.0	0.0	0.0	0.0	0.0	0.0	0.0	0.0	0.0	-0.0007279682837215769	-0.011795758684424755	-0.0004109994757294054	-0.005551362658742184	-0.007317578044331662	0.0002772327186191148	-0.004569790818705172	-0.0050275261923290815	0.015140753145840175	-0.008015215037066458	-0.0012175156102317217	-0.00608851543954911	0.0014997599766556925	-0.006562836430315102	0.009189404088973247	0.004275273444533837	-0.010196057507200837	0.0017588306704679967	0.006615624167558251	-0.009096692946200564	bull
2024-04-30	-0.0068335554053117545	0.012532391494817219	0.003929324703431081	0.006193966576514571	-0.002615325695719312	-0.02640980258985309	0.007514496681244968	0.0041259934102986055	-0.031765195809523014	0.002279051647148077	0.00571576657762756	-0.0007042730170970338	0.0018134906867881251	-0.020246808962354163	0.008205061470160882	-0.0066496834303571145	0.009050494865270913	-0.01234939581427125	0.005195964805041565	0.015906738241210555	-0.00678378650144116	0.0034161063402973514	-0.0003919988578228291	0.008185307609293226	0.017524354033686462	-0.0011452323482968644	0.0019001917842402178	-0.005593079939838562	0.010986633795650461	0.005683630151283428	-0.006366349232506218	-0.0006095316439777964	0.012429346308926614	-0.009440271153128413	-0.00013946302540758087	0.003640305792944724	0.008065245449756878	0.0003970434529438461	0.00929798724790517	-0.014325453598639043	-0.005011679123073657	0.005398890797794458	-0.009429023317099721	-0.015407792096516354	-0.014890124611681871	0.005944910907587004	-0.004344792547038227	-0.026081407106044285	-0.00895140463281239	-0.0051722923861586495	-0.009019090426117538	-0.005670302079389664	-0.01472317431865881	-0.010929596466608996	-0.012420544401131616	-0.019092591166695885	0.0022984907620800716	0.001344333921640529	-0.010676835300041881	0.0200019262663734	-0.002653844042038456	-0.01222807868571659	0.003601128704900639	-0.00811515348737468	0.018762118329316665	0.0044231163021367596	0.024936853319395016	-0.002341256339781624	-0.0031919318471074474	0.008133444579356715	-0.016555910979667077	-0.0008340714365865505	0.0209015207267909	0.00018865150601079356	-0.016421493838406607	0.0032281005808205473	-0.006084373656855849	-0.003644610781672317	-0.006796483167367144	0.019756709586188338	0.0055	0.004482142857142857	0.0034642857142857145	0.002446428571428571	0.0014285714285714284	0.00041071428571428563	-0.0006071428571428575	-0.0016250000000000001	0.0	0.0	0.0	0.0	0.0	0.0	0.0	0.0	0.0	0.0	0.0	0.0	0.0	0.0	0.0	0.0	0.0	0.0	0.0	0.0	0.0	0.0	0.0	0.0	0.0	0.0	0.0	0.0	0.0	0.0	0.0	0.0	0.0	0.0	0.0	0.0	0.0	0.0	0.0	0.0	0.0	0.0	0.0	0.0	0.0	0.0	0.0	0.0	0.0	0.0	0.0	0.0	0.0	0.0	0.0	0.0	0.0	0.0	0.0	0.0	0.0	0.0	0.0	0.0	0.0	0.0	0.0	0.0	0.0	0.0	0.0	0.0	-0.0175390247706813	-0.0005415664458882337	-0.002046483505929137	0.006327332797790111	-0.01180500964014426	0.016596872679363835	-0.005117851824797253	-0.009539669677609936	0.011245366197469214	0.003976451718872638	0.005956642861746059	-0.004848267745185343	0.0005750091621608069	0.0012600963304562139	0.005079418202571306	-0.001164693966512075	-0.003685908240790972	-0.004497144869204458	-0.0022040616096853016	-0.0007545948877260187	bull
2024-05-31	0.015100082187033246	0.03280769445134227	-0.016766148064444177	-0.0041570275660170325	-0.0020445230639740864	-0.013871363159860206	0.01294011515675815	0.00028506208781337136	0.011280386232075472	0.004213823186512048	0.0090872147362164	-0.00881108536180924	-0.005392626800621003	-0.006301864561898842	-0.025292659907779527	-0.008923321054239939	-0.005956746757661142	-0.01782641568860447	0.014133109802631999	0.01106667210553524	0.014376203633063068	0.010693164623997595	-0.0019398119032272777	-0.0033646415463566607	-0.014301026337235677	-0.02612142790460566	0.0048864243201160095	-0.015204882867858439	-0.0011996613249436088	-0.00505700919402171	-0.013329979559992692	-0.010900401383644372	0.016539630917943693	-0.008918040900108472	0.0018316758409936686	-0.01609789682783241	0.018791644806102334	0.0024719701946255774	-0.025052112212881995	-0.011314608436981805	-0.011661329872513075	0.0010736195328887256	-0.0006900438422787007	0.005334033403253428	-0.0030545784440012746	-0.008070946601557901	-0.022000205010472867	-0.012668772424554883	0.03018925797665528	-0.00626507113059169	-0.004613404778835876	0.0022013336609836517	0.003298376361552545	-0.01748598394953321	0.00045634051130661327	-0.022047642453586532	0.00016953816352387584	-0.02220737937420416	0.011396046950916306	-0.0023078980417291723	-0.002836182384557913	0.022761838215071484	0.004724395308877678	0.002296320970178659	-0.013663809356636884	-0.00010039690306569408	0.02006986468382272	-0.000390384162385938	0.010997041035202767	-0.008927320528556638	0.013466997151379606	-0.013744067047622276	0.009373735045059688	-0.014258614609462568	-0.007978448687999204	0.00799324459118937	0.0012385961492312086	-0.009832511137313949	-0.002306757547040377	-0.005976514662955222	0.0055	0.004482142857142857	0.0034642857142857145	0.002446428571428571	0.0014285714285714284	0.00041071428571428563	-0.0006071428571428575	-0.0016250000000000001	0.0	0.0	0.0	0.0	0.0	0.0	0.0	0.0	0.0	0.0	0.0	0.0	0.0	0.0	0.0	0.0	0.0	0.0	0.0	0.0	0.0	0.0	0.0	0.0	0.0	0.0	0.0	0.0	0.0	0.0	0.0	0.0	0.0	0.0	0.0	0.0	0.0	0.0	0.0	0.0	0.0	0.0	0.0	0.0	0.0	0.0	0.0	0.0	0.0	0.0	0.0	0.0	0.0	0.0	0.0	0.0	0.0	0.0	0.0	0.0	0.0	0.0	0.0	0.0	0.0	0.0	0.0	0.0	0.0	0.0	0.0	0.0	0.004619580906058442	0.007128622527354867	0.0024083555002946577	-0.0014579262535998185	0.003065695617274378	0.010149279003908466	-0.0007681553092713327	-0.008913643313233813	0.005828692848269182	-0.006133063783262657	0.0038852694541554452	0.006478173390471937	-0.00699160970054717	-0.003399327072254252	-0.0008878628063189616	-0.004399644794432444	-0.0003319494758909884	0.0025554159030721246	0.006481577491714841	0.006509032748680129	bull
2024-06-30	0.009477673736996844	0.03385501080554384	0.006639572611675564	-0.01840033247255461	-0.028106787473818867	-0.0022337709492188684	-0.016326862690014272	-0.005061569914483373	-0.0072623035090379736	-0.008401088480077005	-8.168855886451076e-05	0.00500587698179544	0.00895840127063015	-0.004215982170030234	-0.004246113733092067	0.02418635343904456	0.0004327741045465823	0.0008727622138433141	0.015819501689748126	-0.0029330240070980533	0.015451852815206469	-0.006253284744314607	-0.007059519090771003	0.011480974963406202	0.01183316376932521	0.00041370438781683164	-0.026263701001959062	-0.009143020383102125	-0.000570258993233766	-0.01056097859647398	0.0123371847962401	0.02469194008050178	0.0014736601849151116	-0.0024373206914378148	-0.0009464274118011963	0.0075923031218856395	-0.0008040745681914736	-0.006577909452959503	-0.009601807531053492	-0.010312197037643267	-0.004054609701834479	0.0028697092653566405	0.0010837120397185133	-0.004493090631351899	0.012189313825667404	0.010218114180996826	0.014821665830965563	0.005865844197170755	0.002707929408721802	-0.025747245314684954	-0.009490066658154512	0.003536655514028713	0.020613538699377713	0.01365432129612557	-0.017056644267501666	-0.005632227752000432	-0.006801423068969124	0.01486636640413696	0.002577759294550332	-0.016464137930551345	-0.017367353719918186	-0.006957486346263577	-0.0029968624526520984	-0.0035642125572044408	-0.0024918046541763553	-0.007534411042270777	0.0013545033043726906	-0.004234986117852094	0.016474751898480838	-0.02212375433464661	0.03399677485719148	0.025191042102780222	-0.0003279166071021559	-0.017719975824836066	0.01493422739893738	0.015522266896145965	-0.0022029997392216815	0.010245384361761178	-0.002884066001068341	-0.01553964824971092	0.0055	0.004482142857142857	0.0034642857142857145	0.002446428571428571	0.0014285714285714284	0.00041071428571428563	-0.0006071428571428575	-0.0016250000000000001	0.0	0.0	0.0	0.0	0.0	0.0	0.0	0.0	0.0	0.0	0.0	0.0	0.0	0.0	0.0	0.0	0.0	0.0	0.0	0.0	0.0	0.0	0.0	0.0	0.0	0.0	0.0	0.0	0.0	0.0	0.0	0.0	0.0	0.0	0.0	0.0	0.0	0.0	0.0	0.0	0.0	0.0	0.0	0.0	0.0	0.0	0.0	0.0	0.0	0.0	0.0	0.0	0.0	0.0	0.0	0.0	0.0	0.0	0.0	0.0	0.0	0.0	0.0	0.0	0.0	0.0	0.0	0.0	0.0	0.0	0.0	0.0	0.002360198575071554	-0.005065269545177687	-0.00449006917189574	-0.008528463085386939	-0.0087998905104747	0.0042834413783952845	-0.003562810940715179	-0.01804384424621599	-0.00021216328325413458	0.015670312943117642	0.002566872451376508	0.007616675408512094	-0.0021508510227951456	-0.01813341562815828	-0.0050471027061940385	-0.0007931234237995601	-0.0014905721837017822	-0.006607725859747374	0.014351669632082708	-0.0009640749759699126	bull
2024-07-31	0.01283466703400225	0.0081403393007654	0.011055140099954276	-0.03727401900523929	0.008864017434408313	-0.014517116183317958	0.0033146221023307608	0.006617341574051146	0.0017439353132813076	0.004914189453164439	-0.00797533080029746	0.004462254115131719	-0.0008988446164293659	0.016233566651388996	0.020414762810053357	0.006142744500013607	0.011288682133489865	-0.006125472393864398	0.00199648560093263	-0.01681051929865166	-0.019218850831423172	-0.007167087538123928	-0.03297905746816716	-0.024049571159113946	-0.0005100821122782844	0.0035298712707982453	0.004648286516097047	0.003338406773180576	0.010966230868531579	0.019857472346987332	-0.0003610649418364228	0.0029335229171809423	-0.010319976299407877	-0.010751694605137248	0.0002698169398542088	-0.019351696847272084	-0.004705564925624159	-0.00037575055776785366	-0.0006533839051982862	-0.0018554248894433868	-0.02288183571912786	-0.004307949027519962	0.016807143748057255	-0.000966014747271625	0.010919638278057942	-0.0057898625629907476	-0.002339786416126617	0.007777053226715691	-0.011382339705188298	-0.012025367380642648	-0.009900565762304726	0.007892924983154005	-0.015606020732209054	0.0011853271164218044	0.0013309663437082943	0.0024091841741163814	0.001036147420107296	-0.0003899156128789413	0.005460659587335782	0.002210380806941623	-0.0162221189014052	-0.005301941912308981	0.020324651230292378	-0.013098682122466211	0.00945696578052744	-0.013741587318180773	-0.0002670867341938141	-0.024777070685427272	-0.0034567072446612013	-0.021172777620056135	0.004806143643797089	0.018846678147945026	-0.011238142385336488	-0.0011730619780283146	-0.01921903113540987	-0.014578087450733983	-0.009034040629938492	0.00792419904012143	0.01057758827106626	-0.012147327959838939	0.0055	0.004482142857142857	0.0034642857142857145	0.002446428571428571	0.0014285714285714284	0.00041071428571428563	-0.0006071428571428575	-0.0016250000000000001	0.0	0.0	0.0	0.0	0.0	0.0	0.0	0.0	0.0	0.0	0.0	0.0	0.0	0.0	0.0	0.0	0.0	0.0	0.0	0.0	0.0	0.0	0.0	0.0	0.0	0.0	0.0	0.0	0.0	0.0	0.0	0.0	0.0	0.0	0.0	0.0	0.0	0.0	0.0	0.0	0.0	0.0	0.0	0.0	0.0	0.0	0.0	0.0	0.0	0.0	0.0	0.0	0.0	0.0	0.0	0.0	0.0	0.0	0.0	0.0	0.0	0.0	0.0	0.0	0.0	0.0	0.0	0.0	0.0	0.0	0.0	0.0	0.007907129508119911	-0.01993351432405892	-0.0034129661903916876	-0.010549977761103174	0.006192003083199163	0.012077656060078521	0.015068909639839763	-0.01855934518985041	-0.001750605675249969	0.0018673226611519672	0.001039523791175456	0.007152573035076876	0.006310841503879664	-0.009760232609984274	0.0013211051814719568	0.011668355628323714	-0.0015193815257225824	0.0010061049635914415	-0.0005132288096349378	0.0017280269745685844	bull
2024-08-31	0.031848599226588475	0.0019867190892007653	0.01510436903059223	-0.016907403949233752	0.001182562951126623	0.0005198018933143219	-0.007830572106150523	-0.010851840958606264	-0.01476356427238058	-0.006812946517789423	0.001559137615993813	0.0027945413780839927	-0.0014730045730944835	0.0008678331801180158	-0.024761667161578342	0.0022092220619364345	0.005680916515246283	0.0008430809813400894	0.024620724744585345	-0.016030522691779948	0.012496524054150417	-0.018866287945599636	0.0035377416264986195	0.006751970820452001	0.0001521028899999943	-0.01512836579844582	0.017865343479342287	0.02127829906002806	-0.014430033295133284	0.003685177890500845	-0.005081357224268797	-0.03307907818669098	0.018498192188434667	0.0009233048120048903	-0.006838374196081291	0.011866935802034597	-0.025703596467651694	-0.0061379823004322565	0.011224031826107364	-0.0032503557165897883	-0.015386850485585152	0.0057948078335860916	0.015451091622933144	0.022489871460771905	0.00952760203337513	0.02110721552633506	0.003814327224528677	0.010526254969406589	0.0002600319647868085	-0.016511609123683452	0.0029560679720558153	-0.007323895008688254	-0.0007463565113669895	-0.0152262851817521	-0.014408876414063616	-0.006675539960918925	-0.007389776445182228	0.011133783397950245	0.01135488914008912	0.0008037155013617753	0.006597910676592089	-0.015957339800039775	-0.022806532083723026	-0.0036019624848282698	-0.010298299429462067	-0.003478498145281532	0.003223081494638684	-0.0020490942219515015	-0.02013241698529449	0.007712589620170649	-0.007549290987039914	-0.016740962205288347	0.006031766449985472	-0.0032732109248912265	0.010460654512333486	0.01122290135966233	-0.022885088917817886	0.008829121385407392	-0.018079659917603467	-0.002442032682260399	0.0055	0.004482142857142857	0.0034642857142857145	0.002446428571428571	0.0014285714285714284	0.00041071428571428563	-0.0006071428571428575	-0.0016250000000000001	0.0	0.0	0.0	0.0	0.0	0.0	0.0	0.0	0.0	0.0	0.0	0.0	0.0	0.0	0.0	0.0	0.0	0.0	0.0	0.0	0.0	0.0	0.0	0.0	0.0	0.0	0.0	0.0	0.0	0.0	0.0	0.0	0.0	0.0	0.0	0.0	0.0	0.0	0.0	0.0	0.0	0.0	0.0	0.0	0.0	0.0	0.0	0.0	0.0	0.0	0.0	0.0	0.0	0.0	0.0	0.0	0.0	0.0	0.0	0.0	0.0	0.0	0.0	0.0	0.0	0.0	0.0	0.0	0.0	0.0	0.0	0.0	-0.0025997569638579214	-0.01514797014452523	-0.002036918853081554	-0.009907504584311617	0.007262511704292446	0.014766573325390506	-0.003483470470428439	0.00331577695604132	-0.0038724741685200767	0.008910433502375985	0.0057848651658799245	0.005087037845111932	0.0038334793567718064	-0.0045266257768062194	0.005941023427896465	0.005309226316108673	0.005225092727545586	-0.015915298326561925	-0.00032883941085765696	0.005076918655259122	bull
2024-09-30	-0.0014412683217914129	-0.02610878623808525	-0.002056693942322122	0.01436172906810406	0.004141026630469286	-0.0022172286988127354	-0.004462951550342349	-0.022864375288596823	-0.009712726204095785	-0.002640025203195862	-0.005997961380873197	-0.007312242457129653	0.011984123576646442	-0.005130492211254047	0.025072987842037583	-0.005757229009581409	-0.010696096455214897	0.007897999608566117	-0.004710585044327254	0.012749850436685915	0.010221573220040159	0.009040807829214553	-0.0004844357525015007	-0.009907450617232885	0.009812499963260078	0.0025479944191374297	-0.0014095542185708992	-0.005409237191484902	-0.006038130567844817	0.01860981813192828	-0.014899151359200362	0.0025137300779583907	-0.002327336094527354	0.0019466632905088186	-0.009849706168131857	0.00516589097651636	-0.003413002236050491	-0.0032780236872632204	-0.002974639737394467	-0.003027060199635104	0.03122325578059927	0.0049664017845520644	-0.028167325457528366	0.004442706109810334	0.003930074035979617	-0.005912134281627831	0.005531583205290442	0.013081987595443418	0.01400483964774482	-0.0055064510149233255	-0.009011084496036643	0.010657802095650558	0.0017722208862796605	0.0023328989738063332	0.023335907018268643	0.009770940956336306	-0.000378864651718772	0.02417394592777295	0.005679053603770792	-0.013989319448964685	0.002044095496016279	0.005347573545226296	-0.021020386352300646	0.019273789517946012	0.006156148730197014	-0.014938522998555814	-0.009561098734476836	-0.004369180588660844	0.000663640252946145	-0.012964856541028875	0.017247632284935595	0.013667557783413038	0.01404611659652692	0.011660644612839659	0.009022350095538693	0.0042678736029800445	-0.014700577573396137	0.015201944189971246	-0.012534555951059078	-0.013341598655427004	0.0055	0.004482142857142857	0.0034642857142857145	0.002446428571428571	0.0014285714285714284	0.00041071428571428563	-0.0006071428571428575	-0.0016250000000000001	0.0	0.0	0.0	0.0	0.0	0.0	0.0	0.0	0.0	0.0	0.0	0.0	0.0	0.0	0.0	0.0	0.0	0.0	0.0	0.0	0.0	0.0	0.0	0.0	0.0	0.0	0.0	0.0	0.0	0.0	0.0	0.0	0.0	0.0	0.0	0.0	0.0	0.0	0.0	0.0	0.0	0.0	0.0	0.0	0.0	0.0	0.0	0.0	0.0	0.0	0.0	0.0	0.0	0.0	0.0	0.0	0.0	0.0	0.0	0.0	0.0	0.0	0.0	0.0	0.0	0.0	0.0	0.0	0.0	0.0	0.0	0.0	0.011974276063542365	-0.0002502820924649776	-0.00024565204574567045	-0.001464627347053433	0.016964564316850082	0.005574667956212586	-0.002125129145857152	-0.0025470593329914434	0.001995230443006752	0.005663051632224412	0.0005028305418828495	0.004658362730725885	-0.0029596768417175403	0.0008124968642910508	-0.004325562908163397	0.00080534843263028	0.015633764600129735	-0.003288171946634208	-0.008101320314275821	0.004990298940818887	bull
2024-10-31	0.017395666843989487	0.009241079913083376	-0.001402784686420451	-0.005601976936933409	0.01960640877676992	-0.004422455095130366	0.018463431823226576	-0.006331726539452328	0.01730585443364741	0.008071062862782212	0.0029417793770440018	0.005936965912278891	-0.009982296255907965	0.001988696833670296	0.005594429574384304	0.01890733639092449	-0.005926287783437997	-0.016786969273568108	-0.006352909986636278	-0.019051938111575826	0.014519523674266562	0.015756578150146007	-0.0072155327805077515	-0.00985032270170449	0.010683292881916983	-0.003733174489363157	-0.006991311692066917	-0.010183440051731451	-0.004869607315153245	-0.01952581050913698	0.0074073690716865296	-0.01495176911037283	0.01839382825515583	0.0038011865319554383	0.0028373339212213904	0.02001203450626502	-0.002021721380895537	-0.014012695586988642	0.028805654841292286	-0.006294735323894217	0.013757494015434595	-0.00130582081460423	-0.011259382846244947	-0.01355844693816646	0.016281816656025093	0.003249066590801636	0.013568085404697741	0.002958543471418389	-0.0016817245058067002	-0.01739060847937257	-0.00396852934217252	-0.01588915924626104	0.007431696737822812	0.019315084272954523	-0.009932924845939335	0.001710885201484644	-0.0019758353917608594	0.0010516279095508683	0.003846207651986036	0.005804878748327219	-0.017975995761564913	-0.0006470832105356459	-0.004450325306524078	0.012174804619051823	-0.01176285418454217	0.011032800538261002	0.0008520438513760578	0.0034635150974962037	-0.017520283962397014	-0.0045922218820882476	-0.005603156997618934	0.009430586982645678	0.016531981163622506	0.013187451130927908	0.00929667344664577	0.0009911569575036514	0.0007334333979903755	0.011077781285825877	0.0014810833056715263	-0.01556941285022509	0.0055	0.004482142857142857	0.0034642857142857145	0.002446428571428571	0.0014285714285714284	0.00041071428571428563	-0.0006071428571428575	-0.0016250000000000001	0.0	0.0	0.0	0.0	0.0	0.0	0.0	0.0	0.0	0.0	0.0	0.0	0.0	0.0	0.0	0.0	0.0	0.0	0.0	0.0	0.0	0.0	0.0	0.0	0.0	0.0	0.0	0.0	0.0	0.0	0.0	0.0	0.0	0.0	0.0	0.0	0.0	0.0	0.0	0.0	0.0	0.0	0.0	0.0	0.0	0.0	0.0	0.0	0.0	0.0	0.0	0.0	0.0	0.0	0.0	0.0	0.0	0.0	0.0	0.0	0.0	0.0	0.0	0.0	0.0	0.0	0.0	0.0	0.0	0.0	0.0	0.0	0.00811814176846688	0.005802859997379072	-0.0013742108031290579	0.0025302623159690544	-0.001952829374306196	0.006498719899151366	-0.018016710358883564	0.006454630238893502	-0.009095289356640997	0.011707228588384716	-0.006730322222957422	0.003480881954060603	0.006667698882502995	-0.0003143572441316782	-0.012077545182188395	-0.004761712954980697	0.0019369989949385516	-0.003297453288811719	8.365097664655465e-05	-0.001106162863297528	bull
2024-11-30	0.0038419419375453202	0.018989658417425875	0.026070296661260147	-0.020768849970390958	0.013579039711224553	-0.028025384317779505	-0.0028773716688082753	0.018456456811148776	-0.009614111008944904	-0.0032217800714496683	-0.004352676358689622	-0.020381923018199466	0.010343914402516512	-0.00126426397997704	0.005918645603635743	-0.01624589003868073	0.0012892415592869798	-0.023819284702069374	0.01156611589922304	0.0007337678622299556	0.02402414811732487	0.00355110454054174	-0.0037260948971074488	0.013058005019967203	0.013777091427297253	0.0008972633345590258	0.016148040107886855	-0.024984709751369814	-0.019807264430966205	-0.003697041986223653	0.0060875302645833655	0.011029195359954906	0.006398254793302305	0.009330463605096498	-0.0003805586710159575	-0.004266101479133067	0.008116148823392538	-0.006701555277895542	-0.00033102340340709685	0.00950718202496997	-0.012518527338503626	0.0053741508798157605	0.00031661703805894775	-0.011394733795022264	0.010506456466975015	-0.02008706537235132	0.0027118340660940298	-0.014134615713697493	-0.0022567777108313844	-0.0039432065965398075	0.017001227677221443	0.016878049855767678	-0.004548343210646972	-0.011709505101837759	-0.00014158247086332081	-0.011277691762681155	-0.004264231980836238	0.0012253426389819172	-0.008167220600336358	0.008334639863934543	0.004903892797573175	-0.018023508874239737	-0.029685242891001242	0.007436218407036325	0.00038461020468071754	0.0006119980274259444	-0.022810776727656343	0.016659783984146415	-0.0028705715842570665	0.0038281379347195523	-0.006501409954108713	0.021898080530421	-0.009080583897689138	0.01372051329425727	0.005270378588647135	-0.009492718692892498	-0.014700225628404638	-0.00996471015114971	-0.0032220130079077245	-0.00902834354473343	0.0055	0.004482142857142857	0.0034642857142857145	0.002446428571428571	0.0014285714285714284	0.00041071428571428563	-0.0006071428571428575	-0.0016250000000000001	0.0	0.0	0.0	0.0	0.0	0.0	0.0	0.0	0.0	0.0	0.0	0.0	0.0	0.0	0.0	0.0	0.0	0.0	0.0	0.0	0.0	0.0	0.0	0.0	0.0	0.0	0.0	0.0	0.0	0.0	0.0	0.0	0.0	0.0	0.0	0.0	0.0	0.0	0.0	0.0	0.0	0.0	0.0	0.0	0.0	0.0	0.0	0.0	0.0	0.0	0.0	0.0	0.0	0.0	0.0	0.0	0.0	0.0	0.0	0.0	0.0	0.0	0.0	0.0	0.0	0.0	0.0	0.0	0.0	0.0	0.0	0.0	-0.003299708864808376	0.0031870505122964963	-0.008060341546539373	0.009332907528454235	-0.01213020176180473	0.00026758752073207954	-0.0026434112651262586	-0.005066319076723543	-0.011149350881507999	0.01074368920730436	-0.00511776780799207	0.0006248495549498042	0.010223952059444095	0.012335969563233178	-0.003521555637952188	-0.008372794764181582	0.009041014339833125	-0.0026316979670527093	0.004878205405984141	0.011965867785546098	bull
2024-12-31	0.02874145734756929	0.0080119937815487	-0.0029752860081282205	0.007676164479295124	0.009797398677587882	0.00045297434970967683	-0.0062756324616149925	0.012611008623809043	-0.0017962242017940256	0.007877938865260031	-0.028027958920550104	0.027842208058002634	-0.0008143358072662726	0.013307786564543329	-0.009456923042426462	0.019444844700424017	0.00814627002939231	0.009780318337363795	0.027355939762266537	0.010673140202567929	-0.014947436155621757	-0.031027215617193304	-0.0009861865780373049	-0.002338283244202863	-0.009746354903076106	-0.0008950759042776991	-0.01890132811746014	-0.0037249264637546557	-0.005784265030653284	8.139763512311822e-05	-0.009977071820227607	0.009202202056230565	0.013434760597612337	0.010969800233102005	0.028530906272920636	0.011155084359627029	-0.010752411624365014	0.0023315548066266062	0.012650588961659699	-0.0070494023741327905	0.0057517725756545774	0.0004267216783407649	-0.002435530257604345	0.008582557162036776	-0.0017584892471360816	-0.008697940715677095	0.0061994158555893275	0.0045548067133002815	0.004105607323493935	-0.006920596868890108	-0.0028222717617697214	-0.01339793065052418	0.004047776223502289	-0.0007487558635045856	-0.008958860163635852	0.014939395738199602	-0.010468524499227225	-0.02554975205417394	-0.007224309931635181	0.00125056526023503	0.0027174728236193852	-0.02390440103071942	-0.01729523954420784	0.012408290049021518	-0.01936727945774284	0.007037570928135048	0.009741764413728319	0.007696627590059084	0.00703815150565638	-0.005043120247564135	-0.0052216435747045875	0.01144839342722616	0.00022142312054098434	0.006551048037266137	-0.009353296948360519	0.003508629576882021	-0.002179735533004355	-0.021530525575592156	-0.007500213925208356	0.013149459077391859	0.0055	0.004482142857142857	0.0034642857142857145	0.002446428571428571	0.0014285714285714284	0.00041071428571428563	-0.0006071428571428575	-0.0016250000000000001	0.0	0.0	0.0	0.0	0.0	0.0	0.0	0.0	0.0	0.0	0.0	0.0	0.0	0.0	0.0	0.0	0.0	0.0	0.0	0.0	0.0	0.0	0.0	0.0	0.0	0.0	0.0	0.0	0.0	0.0	0.0	0.0	0.0	0.0	0.0	0.0	0.0	0.0	0.0	0.0	0.0	0.0	0.0	0.0	0.0	0.0	0.0	0.0	0.0	0.0	0.0	0.0	0.0	0.0	0.0	0.0	0.0	0.0	0.0	0.0	0.0	0.0	0.0	0.0	0.0	0.0	0.0	0.0	0.0	0.0	0.0	0.0	0.013519680885281373	-0.009743010065731335	-0.005751939370627407	-0.014763998781608927	-0.009200302619065326	-0.00800144805079363	-0.0068530572560026575	-0.01678285527953821	0.0004015265195123339	0.0007027880305731993	-0.003271182445782143	0.002717794457999632	-0.00436301469925973	-0.0010182437983681449	-0.0054116576609750475	-0.006613181963772598	0.007994979404477937	-2.6270130935797636e-05	0.007675406382170265	0.011640493805740141	bull
2025-01-31	-0.016583244713709748	0.01097343711399809	0.012693936478751496	0.008886800067411627	0.009537291039153482	0.014561530302683744	-0.019197696570046104	0.005943268216170248	0.0235728601966453	0.013735127274714685	-0.015754476416628853	-0.004737134192301349	0.006456514677345636	-0.005761863792009761	0.008514686287188534	0.007077407304354343	-0.008045647406397747	-0.02374405462051454	0.0009094831896599328	-0.010671056401830647	-0.0010217231700851953	-0.02425071608898522	0.011074955796379519	-0.006078563201244634	0.008702517552608985	0.007485509882285992	-0.024811180013146583	-0.013601509117517755	-0.0008022124000606521	-0.0170084085677313	0.008220246384299242	-0.006919411587149227	-0.0031284303492149696	0.010801101503411233	0.007607278717706108	-0.0037055370190955195	-0.003617183452640173	0.0013904351720293022	0.003987741537832538	-0.015444121927817082	-0.006481674702450617	-0.005807768417558911	-0.013269224180825524	0.008600284379373904	0.019130356268323778	0.023237332453429238	0.004192818401797117	-0.024660477856461267	0.012338524038361571	-0.024235426669328555	-0.0022028203622261582	0.015093451665907354	0.01845258103177259	0.00020098836875750013	-0.01512847040862882	0.008661806164952006	-0.004738466745691253	-0.005958805153561943	-0.013682816273996819	0.030860637683133563	-0.024754247661206177	-0.016248643912068504	-0.02480751370579944	-0.004197045109406735	0.01436988427135213	0.004796674646344551	0.008044959706353293	-0.0017230137269332341	-0.005530546073149575	-0.0070313756669531545	-0.010010416407588733	-0.0008225265705144599	0.022390958308690805	-0.00924944582397174	-0.005031829157865001	0.0008458177876652173	-0.004692018470089766	-0.021853479060308517	0.013077214834159013	0.01980544921402889	0.0025	0.0018035714285714287	0.0011071428571428573	0.0004107142857142855	-0.00028571428571428584	-0.0009821428571428572	-0.0016785714285714292	-0.002375	0.0	0.0	0.0	0.0	0.0	0.0	0.0	0.0	0.0	0.0	0.0	0.0	0.0	0.0	0.0	0.0	0.0	0.0	0.0	0.0	0.0	0.0	0.0	0.0	0.0	0.0	0.0	0.0	0.0	0.0	0.0	0.0	0.0	0.0	0.0	0.0	0.0	0.0	0.0	0.0	0.0	0.0	0.0	0.0	0.0	0.0	0.0	0.0	0.0	0.0	0.0	0.0	0.0	0.0	0.0	0.0	0.0	0.0	0.0	0.0	0.0	0.0	0.0	0.0	0.0	0.0	0.0	0.0	0.0	0.0	0.0	0.0	0.011079436025100992	-0.011070746063418423	0.0025143507435177004	0.014640534881361139	0.0020763052833400243	-0.0045419355461584245	-0.0052966271662976735	0.0033722072265316844	0.01318796640661527	-0.015068977417255474	-0.0006652417692933909	-0.004110144512274952	-0.001166591344781328	0.0024286471104239572	-0.008354819763805543	-0.009129613480651024	-0.0007286924348035586	-0.004041852263884636	0.006022810413666914	0.010190012007782223	bear
2025-02-28	-0.00610239855356195	-0.00771848585152202	-0.013999486623038272	0.028697642826368306	0.008639631866880618	-0.007782904259794219	-0.022716957835054466	-0.017202239312892987	-0.005772095820697824	-0.006980490522288542	0.009701184402672	0.020827454981385784	0.011027977499875266	-0.010901144415923695	-0.011368011440555962	0.01211627713807411	-0.008827312890129174	0.003493379303782452	0.020622266468771543	-0.007875375199325506	0.0024117273350354944	-0.0028430982663200702	-0.005749318090058214	0.0009997463998321265	0.015299966411175536	-0.021464692711011396	0.00933671864589968	0.020640374452411233	0.0022382103102322978	-0.01452856348227503	-0.003212988704391725	0.004266710110174991	0.0015955640920533773	-0.010672634572420969	0.002227297572146057	-0.008530780295148812	-0.0015102018486811356	-0.006932415431473181	0.02301767387544624	0.03458578624723399	-0.004835591990134971	0.005032102207678411	-0.011039435244654536	-0.008424439413953861	0.001663699974606956	-0.00895889443822001	0.006253045806730212	0.005478977118123257	0.002319886981004953	0.016950565419437038	-0.0088668719684843	-0.027343484506346504	0.016738492245243982	0.011936965165580711	-0.005672547161500241	-0.009772989098489959	0.01965485172568005	-0.0026509153626973793	-0.01086562629246216	-0.013375156120992925	0.007607129198520108	0.00872504979768156	0.01443851692299823	-0.0008685260622014114	-0.0037250056407621404	0.002062120270347473	0.010317518840734577	0.020278797471411123	-0.007302722738742017	-0.017116481976930338	-0.010520867775114162	-0.012515762029631184	0.014641610611829845	-0.01633124444462785	-0.01015790243538778	0.009408932082473422	-0.0028117034259708055	-0.008900902025767146	-0.00941623133038872	0.004618626119463966	0.0025	0.0018035714285714287	0.0011071428571428573	0.0004107142857142855	-0.00028571428571428584	-0.0009821428571428572	-0.0016785714285714292	-0.002375	0.0	0.0	0.0	0.0	0.0	0.0	0.0	0.0	0.0	0.0	0.0	0.0	0.0	0.0	0.0	0.0	0.0	0.0	0.0	0.0	0.0	0.0	0.0	0.0	0.0	0.0	0.0	0.0	0.0	0.0	0.0	0.0	0.0	0.0	0.0	0.0	0.0	0.0	0.0	0.0	0.0	0.0	0.0	0.0	0.0	0.0	0.0	0.0	0.0	0.0	0.0	0.0	0.0	0.0	0.0	0.0	0.0	0.0	0.0	0.0	0.0	0.0	0.0	0.0	0.0	0.0	0.0	0.0	0.0	0.0	0.0	0.0	-0.00818374433236213	0.00050027856162716	-0.004782176842340131	0.0027588793947674723	-0.002854459335588716	0.0049941827438767334	-0.005984913422607482	0.01688504171206899	0.015514969587601768	-0.002625963574421237	-0.002589797230229318	-0.006309399156263109	-0.005315382435273146	0.001405554990269133	0.0074163757766687825	-0.004271049706410117	-0.003939090720685119	-0.008519128224172175	-0.005253556020829607	-0.001927478767353343	bear
2025-03-31	0.029997718939141195	-0.006665814406986777	0.02052851821121975	0.013794160603575523	-0.0019710267770202718	0.01510024917291486	0.0039660390918119775	-0.007664169163089691	-0.01081834156630545	0.0031745091698106164	0.007837936010668818	-0.006293494051122781	-0.016954949937141615	0.012188602838929651	-0.011425421605021161	0.013409799429789497	0.010878914146452702	-0.012577679653750626	0.00211651730624725	-0.012895783196613681	0.0014167027942964838	0.005996376808843321	-0.007261424436401013	-0.015932498320764245	0.01343263691149184	0.005609625964481318	-0.013746333303469638	-0.004968559481099949	0.009467613212492803	0.011651286465528418	0.0009027003334948003	-0.01496930943600499	-0.008110395951102226	0.008155845851042206	-0.0015060349230160044	-0.008088441058554477	-0.01273947752031636	0.028071229392695084	-0.0014845828932035139	0.01659792615466426	0.005690461977135777	-0.008895395497766476	0.01765062808626474	0.02548286054313405	0.015419662863584399	0.010344830236796521	-0.008166116481443782	-0.006924599093167189	-0.005227205617931475	-0.014670987295273902	-0.016786690088238743	0.015340745503282472	-0.0016789868941114443	0.018693248175525996	-0.0030874745331255114	0.0084623646197072	0.03715587780442131	-0.005923627022545731	-0.020047095864064238	0.011530450949716088	-0.009765035789115476	0.013754506428734182	0.014071472108712065	-0.008573264090836925	0.000582515868687061	-0.0011180838216278825	0.005584278564693135	0.015945526555753035	0.008517955188988858	0.0016542808988639955	0.0012038593379279342	-0.015087375390138519	-0.01393231845421462	-0.004223684906197393	-0.013229266883778096	0.00011770305649433915	-0.032445173937109356	0.008650924699374651	-0.01752510065208139	-0.00987222487166329	0.0025	0.0018035714285714287	0.0011071428571428573	0.0004107142857142855	-0.00028571428571428584	-0.0009821428571428572	-0.0016785714285714292	-0.002375	0.0	0.0	0.0	0.0	0.0	0.0	0.0	0.0	0.0	0.0	0.0	0.0	0.0	0.0	0.0	0.0	0.0	0.0	0.0	0.0	0.0	0.0	0.0	0.0	0.0	0.0	0.0	0.0	0.0	0.0	0.0	0.0	0.0	0.0	0.0	0.0	0.0	0.0	0.0	0.0	0.0	0.0	0.0	0.0	0.0	0.0	0.0	0.0	0.0	0.0	0.0	0.0	0.0	0.0	0.0	0.0	0.0	0.0	0.0	0.0	0.0	0.0	0.0	0.0	0.0	0.0	0.0	0.0	0.0	0.0	0.0	0.0	-0.0019447659327074983	-0.010628693600748168	-0.0012624013611945207	0.00802430597592325	-0.006818481158073381	0.002195209058515484	0.0019042785434143913	0.013353224927175835	0.012243686860577283	-0.00878044107983585	-0.003046092150485073	0.005897709705597709	0.002979439332802272	-0.005043401830429812	-0.0044046943976301075	-0.0012136016628780508	-0.00018861481860527897	-0.005750248680911646	-0.008910125209352904	0.0015475589544310425	bear
2025-04-30	-0.019023501875267284	-0.009667397085724533	0.014700764931903402	0.0004256499629453975	-0.0016485928807978558	-0.008894948258553824	-0.029628695417665503	0.012916105171726417	-0.0037214822231675373	-0.015571824837444957	0.02059935710454702	0.006884627753297403	-0.024750601536622598	0.002314107431886228	0.012367090188398105	-0.008628466731522774	0.002400274931141476	-0.02397362047964286	0.01751979350931644	-0.002428933786344815	0.00489316442267299	0.00892179860884589	-0.0007477949073635843	-0.01566766295572611	-0.008416241002140515	0.0017903083944090096	-0.020939814493771945	-0.00624414503379929	0.001183688130062744	-0.01170999582969953	0.020596469152614417	-0.017302759582892697	-0.00020317232622129583	-0.011318102949087671	-0.014659023852461017	0.002301931450153544	0.0010510274253514972	0.016506810015717324	-0.017311715356608668	-0.011785265435398777	0.0013750112467008308	0.004088754397344982	-0.01606854560862693	0.001845052539270366	-0.006792750686408134	-0.022051738459066418	0.008163929907522018	-0.008911793915316808	0.013298510267404827	-0.0038442598172546746	0.009581959531474568	-0.01658230132019761	0.003242022177839643	0.02562562625572283	-0.013073591324638938	0.00320777243305687	-0.00028570597985857864	0.000443960500632522	0.015365892866953156	0.0017765897720720862	0.0034638720182576777	0.016434693853729327	0.01646838888398768	-0.010331776936893433	0.010974099964362832	-0.0060373294959831635	0.019577908172574463	0.010296438190559223	-0.0013291503314021816	0.007261714892665618	-0.0038957003172876282	0.003346224848071092	-0.005123133285647512	0.007351668090518665	0.005460839458633381	0.014011959802920039	-0.0009800024067802638	-0.017935639671885908	0.00981803924979536	0.01502143079609674	0.0025	0.0018035714285714287	0.0011071428571428573	0.0004107142857142855	-0.00028571428571428584	-0.0009821428571428572	-0.0016785714285714292	-0.002375	0.0	0.0	0.0	0.0	0.0	0.0	0.0	0.0	0.0	0.0	0.0	0.0	0.0	0.0	0.0	0.0	0.0	0.0	0.0	0.0	0.0	0.0	0.0	0.0	0.0	0.0	0.0	0.0	0.0	0.0	0.0	0.0	0.0	0.0	0.0	0.0	0.0	0.0	0.0	0.0	0.0	0.0	0.0	0.0	0.0	0.0	0.0	0.0	0.0	0.0	0.0	0.0	0.0	0.0	0.0	0.0	0.0	0.0	0.0	0.0	0.0	0.0	0.0	0.0	0.0	0.0	0.0	0.0	0.0	0.0	0.0	0.0	-0.0068435114543172	-0.00150457633853727	-0.012683595955734275	0.007395647384504473	-0.005358433714642717	0.011445649833597332	0.004821702771396696	0.020481957643726827	0.013907941080021503	-0.004579662051731742	0.002276212288949794	-0.0010718461953549536	0.009589196884575919	-0.002795004766589792	0.007608992633817744	0.006747754752777968	-0.009609820457556921	-0.0036795719149135273	0.002272916499367336	0.006528300794988734	bear
2025-05-31	-0.004414658534428682	-0.0022815948249539477	-0.0023321964892959396	-0.000670101983763177	-0.006950730550370634	-0.013016498717732411	-0.0045405096462528185	0.0008684712570386434	-0.001809928571740852	-0.00384893602925209	0.0021392038947283983	0.0011075079681130157	0.005754203381832329	-0.007097706947616287	-0.0023778876168136444	-0.00041203705255328824	0.013897300722483127	3.2269767820534284e-05	0.008751316079174093	0.009956138126400749	0.005295137274714175	0.023157122600783016	-0.004402672775700489	0.00844330374143023	0.008780174924486902	-0.0009003708250312782	-0.008118911174051092	-0.008537537213962098	-0.004869356100345868	0.007706541570970047	-0.001712777376540039	0.010426320691736863	-0.004479992699330588	-0.00034159622109628164	0.014803408889420965	-0.005315291481734871	-0.010050219800644638	-1.601284701385671e-05	0.0020216707169868563	-0.0013635431953090966	-0.007928835437078277	-0.007516487812653638	0.0018559814674540143	-0.0009198204817648804	-0.009807163072950523	-0.01913924261108875	-0.0033100310687445875	-0.022487198034812743	0.0006175185348428614	0.0032194818110835377	-0.004161521931321837	0.013243645768911074	-0.004866219646305892	0.002919459054183668	0.013827093651372793	0.030197783811492438	-0.005622147670183663	-0.004483356819463799	0.014770312523973733	-0.0011007183765088689	-0.009003469199236686	-0.027031415788189427	-0.009034641088196632	0.014183056068039617	-0.000646503706230075	-0.014904304088393824	0.009439486666499852	0.018970220838384955	0.0031217359389515945	0.010103978569212694	-0.0065420611935584315	-0.00597453240815491	0.002168829915196763	-0.0022663224488148376	-0.019396021872092908	-0.01982762146728734	-0.010320107999636806	0.01729184085186228	0.008446642296728915	-0.013969673031831161	0.0025	0.0018035714285714287	0.0011071428571428573	0.0004107142857142855	-0.00028571428571428584	-0.0009821428571428572	-0.0016785714285714292	-0.002375	0.0	0.0	0.0	0.0	0.0	0.0	0.0	0.0	0.0	0.0	0.0	0.0	0.0	0.0	0.0	0.0	0.0	0.0	0.0	0.0	0.0	0.0	0.0	0.0	0.0	0.0	0.0	0.0	0.0	0.0	0.0	0.0	0.0	0.0	0.0	0.0	0.0	0.0	0.0	0.0	0.0	0.0	0.0	0.0	0.0	0.0	0.0	0.0	0.0	0.0	0.0	0.0	0.0	0.0	0.0	0.0	0.0	0.0	0.0	0.0	0.0	0.0	0.0	0.0	0.0	0.0	0.0	0.0	0.0	0.0	0.0	0.0	0.006462790720515109	0.0031140222062579137	-0.005187847006521024	-0.0052089782997867375	0.001981993828127503	0.011453813616225385	0.00644796304917679	0.007254697085078193	0.00971547766589181	-0.00452062752044107	0.0068999934987796045	0.007801840023853326	0.003013492906520262	-0.007738524385703636	0.0003229876214887182	0.010251024496643257	0.014812734769717279	0.0005180101917284406	0.005466107955149546	0.003087388553426005	bear
2025-06-30	0.005470698203370563	0.013269908583650842	-0.01089380446221002	-0.017213435444063084	-0.023471359780887102	0.009156688490910005	0.012455443496079617	0.004615250008648954	0.003285528838861251	0.011659736543690754	-0.01170097038666399	-0.013963489631723823	-0.00565262182325471	-0.010607330188610712	0.0023410688831607285	0.0031990020138568053	-0.006003532597744688	-0.0016660068737336207	-0.006602530997442964	-0.011764915492007363	0.0009263277027840993	-0.0013287033061290122	0.04438857430791558	-0.005199705458594608	-0.001542200013184011	0.01533619510977034	0.016030950688412846	-0.0010885842280945913	0.018878785189735407	0.0029449591290555896	0.017146119849253447	0.014902645103119444	0.005779014390680572	0.0020931347382311385	0.02015322347226747	0.007675456182501994	-0.006490074442737302	-0.006700912656482413	-0.016205114131193233	0.004880317635287604	0.011688259696521026	-0.01200962443677499	0.02269082923627943	-0.0008043540109845902	0.01296696308084274	0.011045988974386028	0.015090040923067378	0.003218603064412855	-0.012298510944829909	0.0042373947149537735	0.002198882681265483	-0.01636297697047809	-0.014149062022860927	0.002080792079783007	0.02251334865951356	0.0013274367574518105	0.0029516777832696885	0.01763395223156162	0.013950964732653115	0.000629243777760316	0.005481736815508479	0.008857247464488781	-0.002320599212036892	0.003407097879099919	-0.01820818871851897	-0.008458879737362517	-0.005622918108037466	-0.012640156306621093	0.013158698869226269	0.01878219953337807	0.012329111541966557	0.004914500067063863	0.003420543836685979	0.008537920062119573	-0.013614663960126911	0.0027013935113964194	0.007346640399970834	-0.0030345316751733773	0.021183741941377298	0.0074942796752254515	0.0025	0.0018035714285714287	0.0011071428571428573	0.0004107142857142855	-0.00028571428571428584	-0.0009821428571428572	-0.0016785714285714292	-0.002375	0.0	0.0	0.0	0.0	0.0	0.0	0.0	0.0	0.0	0.0	0.0	0.0	0.0	0.0	0.0	0.0	0.0	0.0	0.0	0.0	0.0	0.0	0.0	0.0	0.0	0.0	0.0	0.0	0.0	0.0	0.0	0.0	0.0	0.0	0.0	0.0	0.0	0.0	0.0	0.0	0.0	0.0	0.0	0.0	0.0	0.0	0.0	0.0	0.0	0.0	0.0	0.0	0.0	0.0	0.0	0.0	0.0	0.0	0.0	0.0	0.0	0.0	0.0	0.0	0.0	0.0	0.0	0.0	0.0	0.0	0.0	0.0	-0.0053967323694478625	-0.004827858804476916	0.018649282305369472	-0.0030366652953852883	0.012440228006778797	-0.0018131979559102927	-0.016721705910836285	9.364300019813537e-05	-0.010414622185847985	-0.006516778915690828	-0.0015680744945421408	-0.001870073888806716	-0.0032950338031848907	0.00148874942972722	-0.0054780950521036344	-0.00015347875396077041	-0.002195800201862612	-0.0035609118471315654	-0.006567895325719698	0.009969156959674794	bear
2025-07-31	-0.01769333755311629	0.021844253594133303	0.0037968487692836748	0.00018837729603173533	-0.008560356671394424	0.004302901746722564	0.018262477382310575	-0.005065849093221158	0.0030891072453953046	-0.003991195326024868	0.009365332382670963	0.006362869774574784	0.006119863116518509	0.008812472824064858	0.000581127111824503	0.0036087461495688134	0.004106764486787638	0.006451974403725473	-0.008562980850206773	-0.0011789113896729976	0.00832293474453336	-0.030743379395282693	0.0016539895972429866	-0.013914393969557686	-0.006341362428678154	0.004932291686572372	-0.01938991225149384	-0.01717988229057844	-0.013184075105825675	-0.01943843623152354	0.003234268437991123	0.0024717217096796203	0.005209474057787798	0.01722325665847167	-0.0065092383364778305	-0.013024265785985388	0.006761167937323148	-0.000586717409253466	0.002756398527245644	0.0005715146169734563	0.004886312816586579	0.027482869666647553	0.01893480097613297	-0.005135650447510823	-0.023450202290771566	-0.010959625719634486	0.0034852994893088732	-0.004454852476117944	-0.005052668137977169	-0.00041403863713981035	-0.003231864737533645	0.0058430764303544795	0.0034935930398864454	0.006641279762045627	-0.026882638965422184	-0.011082055605634675	0.021196419840104945	0.0025586706392809553	0.0038165731544696833	0.007260841848641288	0.0028426532928532283	0.006483829269925092	-0.0026197589667615534	-0.005287811071893068	0.007727092087933771	0.01865437186909179	0.006646276559051329	0.008197349415510516	0.004025497338681683	-0.002053435040852078	-0.0019329369240313338	0.005879225912587328	0.005192204754633708	-0.01095984584462829	-0.026315578914849643	-0.006480340413246169	-0.0023163153141595462	0.013123139635968726	0.006341753741300311	-0.0022760023070433582	0.0025	0.0018035714285714287	0.0011071428571428573	0.0004107142857142855	-0.00028571428571428584	-0.0009821428571428572	-0.0016785714285714292	-0.002375	0.0	0.0	0.0	0.0	0.0	0.0	0.0	0.0	0.0	0.0	0.0	0.0	0.0	0.0	0.0	0.0	0.0	0.0	0.0	0.0	0.0	0.0	0.0	0.0	0.0	0.0	0.0	0.0	0.0	0.0	0.0	0.0	0.0	0.0	0.0	0.0	0.0	0.0	0.0	0.0	0.0	0.0	0.0	0.0	0.0	0.0	0.0	0.0	0.0	0.0	0.0	0.0	0.0	0.0	0.0	0.0	0.0	0.0	0.0	0.0	0.0	0.0	0.0	0.0	0.0	0.0	0.0	0.0	0.0	0.0	0.0	0.0	-0.00021496599350357738	-0.01433113287848609	0.027236681624243222	-0.0017439709776231823	0.0026342293340995437	0.01314463047815304	-0.013979701132051749	0.00767381237890728	-0.010582571784770586	-0.006708656694959953	-0.0017481702332951795	-0.01725668719192162	-0.006513613555235157	0.01987724637872468	-0.015552992556455923	-0.0009981754466400494	7.598888013609246e-05	-0.0010765377248350074	-0.008493836026495668	0.0008644837765796679	bear
2025-08-31	0.02178507522221386	0.0031347424536895757	0.014364069313719993	-0.005896740114893944	0.010169698077221123	0.0003173750140681023	-0.0005191771797860584	-0.01708917599812322	-0.008091649568275166	-0.02960328900094961	0.004622326508982599	-0.013768192044779857	0.006669485185206183	0.023269268596778036	0.003575473278019048	-0.005508199345069251	-0.015011612526619266	0.015152572018895858	-0.002382380815805517	-0.024561973895402347	-0.0018940133125934118	-0.009767904299411356	0.003889018138527533	-0.007784326812545047	0.011993660243553986	0.00608619570590708	0.00695542475821708	-0.010119380736021035	0.006339535024404448	0.007417068269640663	3.560086126178624e-06	-0.005918645414626098	-0.018879589219993897	0.020518151577256522	0.0035337514280048567	0.013542839045692074	0.01690498818327683	-0.012850320515266285	-0.00233058444516411	-0.0076085258221196125	-0.02006712222663493	-0.014144714379408627	-0.00748432810930821	-0.019872634979285816	-0.009431576415689214	0.003989309322653578	0.006746036297817682	0.00400809541139429	-0.0020047961916748527	-0.01955548352620882	-0.020880142020802493	0.0014788109359172015	-0.0033264878685147145	0.00794211544740368	-0.011719840420726713	-0.0033275284152569687	0.0006208145007788173	-0.003320917112328357	0.002665244648623967	0.006051345488659914	0.00958155475605886	0.008476416178028733	-0.0005189233646174335	-0.005257043982666329	0.005547897885999133	-0.0026641434524228703	0.0077833722039035375	0.01242028054132065	-0.02189719185269088	0.0026041623041155766	-0.004249923658486928	0.0013365247924559593	4.91759989040004e-05	0.017541279200360815	0.0015037229413270294	0.02172096472919629	-0.0005999096767907	-0.007343468593808998	-0.007635379469372875	0.0024005005116109197	0.0025	0.0018035714285714287	0.0011071428571428573	0.0004107142857142855	-0.00028571428571428584	-0.0009821428571428572	-0.0016785714285714292	-0.002375	0.0	0.0	0.0	0.0	0.0	0.0	0.0	0.0	0.0	0.0	0.0	0.0	0.0	0.0	0.0	0.0	0.0	0.0	0.0	0.0	0.0	0.0	0.0	0.0	0.0	0.0	0.0	0.0	0.0	0.0	0.0	0.0	0.0	0.0	0.0	0.0	0.0	0.0	0.0	0.0	0.0	0.0	0.0	0.0	0.0	0.0	0.0	0.0	0.0	0.0	0.0	0.0	0.0	0.0	0.0	0.0	0.0	0.0	0.0	0.0	0.0	0.0	0.0	0.0	0.0	0.0	0.0	0.0	0.0	0.0	0.0	0.0	0.001252434712526974	0.005263411049100768	-0.0006436455659156563	0.01219135802282461	-0.0039303552218743765	0.01951109653237542	0.00022894957888715478	0.0074687975112445884	0.009205608302582406	-0.01080510646289047	0.007569350361284075	0.0025144511374684585	-0.013239931260002547	0.0016570242289864119	-0.0016862338397882052	0.0076194743199237075	-0.01469526472077359	-6.58285330635089e-05	0.0007108856931316893	0.0038991491758045907	bear
2025-09-30	0.0075897114922746315	0.026923717399371952	-0.008013105373444946	-0.003268985821911177	-0.012559541971099038	-0.003980459534316619	-0.0031127252551095804	0.008291093442204411	0.0030740677366685953	-0.0186813470239421	0.011479553690110793	-0.0104027877518032	0.001570455692172592	-0.00047898793303061875	0.00014140663121682624	-0.0011850903651145623	-0.0022791516384616877	-0.027925850026134943	-0.014827146988103381	0.00920278045033436	0.02608082082081456	-0.0008739902142294944	0.015014846300224914	-0.009457690261541757	-0.015432317760873726	-0.015106899228260981	0.011242529054673238	-0.0009895005626975684	0.016213858591298685	0.011260119455796438	0.013326792850809859	0.011541082582978719	-0.01744056506536438	0.009117767502787474	0.0074248696632469085	-0.00917726860131879	0.010202377414419251	0.01090714602201831	0.003466507562020545	0.0019174081356067595	0.0011393754301467387	0.009197505560097494	-0.016486101196087385	0.012430031186660737	-0.008258051560113685	-0.013457896984430267	0.0028467278533867916	0.00350252039103449	-0.01447873202363511	0.01067654687296432	0.015303743244723963	0.0112441978933665	-0.007179350107396318	-0.011575003712931346	0.001973258605306536	-0.026158586142072154	-0.00930458776408167	-0.0026775624497055906	-0.0013145671721412813	0.0010584183133658435	-0.006143956666248617	0.013849515086536405	0.0013433451059099337	0.0030684254079004214	-0.006025538090045807	0.017031165676995388	0.010213939515437285	-0.012417787377139593	0.0071255293342229195	0.0014876300661601956	-0.019722411186833898	0.0012777830765094505	0.002033892679729705	0.008379422010282963	0.006445485784342161	0.00804275026647022	0.013682207103453413	0.016202326399879424	-0.0011383471879715488	0.004547907701588942	0.0025	0.0018035714285714287	0.0011071428571428573	0.0004107142857142855	-0.00028571428571428584	-0.0009821428571428572	-0.0016785714285714292	-0.002375	0.0	0.0	0.0	0.0	0.0	0.0	0.0	0.0	0.0	0.0	0.0	0.0	0.0	0.0	0.0	0.0	0.0	0.0	0.0	0.0	0.0	0.0	0.0	0.0	0.0	0.0	0.0	0.0	0.0	0.0	0.0	0.0	0.0	0.0	0.0	0.0	0.0	0.0	0.0	0.0	0.0	0.0	0.0	0.0	0.0	0.0	0.0	0.0	0.0	0.0	0.0	0.0	0.0	0.0	0.0	0.0	0.0	0.0	0.0	0.0	0.0	0.0	0.0	0.0	0.0	0.0	0.0	0.0	0.0	0.0	0.0	0.0	-0.006761505138014394	0.011115617995268744	-0.00011502051813083464	0.0038707158210868056	4.4437965330117526e-05	-0.0028003688595791363	0.0033292817905093606	0.0023637374654175633	-0.004799652136281366	-0.0003868290558156134	-0.008572460907174883	-0.006484240158756508	0.0036413698493282442	0.0035920226006399486	2.0573144420279414e-06	-0.01390055815855257	-0.004360363314787898	0.0003012497614267777	0.0032404657194424124	0.01299461389089141	bear
2025-10-31	0.018095695588144067	0.00678544225048877	-0.0021578814321803084	0.023720077939974583	-0.0008304584880895531	0.002621105838316819	0.006619383374005997	-0.021789141805091776	-0.0010378114125763527	0.008729866572376349	-0.008905049477843353	-0.023653088341159083	-0.012167991273430994	0.01146558991006929	-0.006098713105485684	0.0023168404048457152	0.013009500910974673	-0.022249089738380783	-0.008418813134798519	-0.004455534487732395	0.002905185155798755	0.008850744849436435	0.013638034220211436	0.003831975608795985	-0.003339745722679223	0.007936570717019396	-0.011076130901485319	0.004838817213521266	-0.005997128999176688	-0.017749563897279344	0.014915227689066652	-0.02390500947472113	-0.01625204061314058	0.019297791723002698	-0.005137986778094036	0.006147804946229294	0.0021656947400994753	0.0018865713815052274	0.0011816207717100843	0.014205152443080304	-0.019317337557745128	0.010111160332073812	0.0030768860178822925	-0.02206980559713362	-0.0019965202169787742	-0.00952993771135214	-0.0011683595779327712	0.017785874290180154	0.009531156151194395	0.007571821933320026	-0.00202185550716993	0.010313953212427597	-0.006779359875983625	0.006586559578996014	-0.012401988508286053	-0.011436397066593369	-0.00582996752927423	0.006193638102104716	-7.817229710414689e-05	-0.001468988899189657	-0.005479315838495098	-0.018379070710879478	0.010717260296149653	0.0071837073594203365	-0.004490340925933071	0.021778670110615794	0.009402698342866715	-0.00026934108572262624	-0.004577485959237527	0.0034300141869204057	0.012946646971461532	-0.003324550333891609	-0.002025621315499704	-0.009919384687060022	0.02623250468660731	-0.015640563016953258	0.008838769735198723	0.0034832399110149904	0.0026281404428535283	-0.008364674331189703	0.0025	0.0018035714285714287	0.0011071428571428573	0.0004107142857142855	-0.00028571428571428584	-0.0009821428571428572	-0.0016785714285714292	-0.002375	0.0	0.0	0.0	0.0	0.0	0.0	0.0	0.0	0.0	0.0	0.0	0.0	0.0	0.0	0.0	0.0	0.0	0.0	0.0	0.0	0.0	0.0	0.0	0.0	0.0	0.0	0.0	0.0	0.0	0.0	0.0	0.0	0.0	0.0	0.0	0.0	0.0	0.0	0.0	0.0	0.0	0.0	0.0	0.0	0.0	0.0	0.0	0.0	0.0	0.0	0.0	0.0	0.0	0.0	0.0	0.0	0.0	0.0	0.0	0.0	0.0	0.0	0.0	0.0	0.0	0.0	0.0	0.0	0.0	0.0	0.0	0.0	-0.0031411533785376845	-0.001957435262478372	-0.0015918606924701785	0.008511498053681545	0.0008423769607509476	-0.0011647368958231418	0.019894200678542907	-0.0027742647083218025	-0.0013473922958965492	0.008954168145431745	-0.00695371789836612	-0.005506975965334402	-0.007045891347611237	0.004937794700121352	0.005827822716145315	0.0033152983124413848	0.006965627337278361	-0.003020252099593878	0.0031950143580995504	0.007846804482547862	bear
2025-11-30	-0.005590588580033992	0.007980702274492685	-0.006364293787963757	0.011420157378934216	0.011257608709741861	-0.007946603782851886	-0.00959715515305797	-0.01214128468337837	-0.005316064235502998	-0.007237431917833868	-0.02368472950295487	-0.010544445285982609	0.009350028687516972	-0.010074730292673634	-0.007817737636451565	-0.013729985810760292	-0.011338124374673283	-0.0086692613311925	-0.020964237440306167	0.0073922758892023925	-0.03585705906768364	0.0030805018484396617	0.02604627515715689	-0.00045776877095682453	-0.011490684830952795	-0.013856793621338239	0.0004524185261000789	-0.021084924464617887	-0.0068359138995792825	0.006645650511432069	0.01825598667561387	-0.0030021918395736233	0.012758733808432546	0.009371672611514273	0.0013069892334433618	0.015294764685947131	0.01800215450026881	-0.025789505109022833	0.00040740085242361166	-0.004176997688251591	0.003357009611940636	-0.004923039467949621	-0.007565961913709451	-0.0056281849637130925	0.015551207434886135	0.013280032144739945	-0.009550474796451566	-0.02218799848323355	0.004866714803014679	0.01568662298131895	0.005546241477462695	0.02375927196056449	-0.010238132360842216	-0.012026353220882349	0.015894026245693343	0.012066162222831198	0.01135463115862258	0.014791510846764258	0.0005915289284141764	-0.0023148166906085807	-0.002529259618587443	0.018264870632667872	0.006960747118427828	-0.025322403190763353	0.02864882634299382	-0.019402669422255443	-0.0005815539179221258	-0.0012758406106594612	0.00013827626658128507	-0.002628220131498827	-0.022445352895950704	-0.0032588614259913043	0.0070192179316143416	0.008929363837251894	-0.019522911736971495	-0.01409146267294049	0.0070264342537155085	0.005036012391122496	0.004349435095758017	0.004494704106473244	0.0025	0.0018035714285714287	0.0011071428571428573	0.0004107142857142855	-0.00028571428571428584	-0.0009821428571428572	-0.0016785714285714292	-0.002375	0.0	0.0	0.0	0.0	0.0	0.0	0.0	0.0	0.0	0.0	0.0	0.0	0.0	0.0	0.0	0.0	0.0	0.0	0.0	0.0	0.0	0.0	0.0	0.0	0.0	0.0	0.0	0.0	0.0	0.0	0.0	0.0	0.0	0.0	0.0	0.0	0.0	0.0	0.0	0.0	0.0	0.0	0.0	0.0	0.0	0.0	0.0	0.0	0.0	0.0	0.0	0.0	0.0	0.0	0.0	0.0	0.0	0.0	0.0	0.0	0.0	0.0	0.0	0.0	0.0	0.0	0.0	0.0	0.0	0.0	0.0	0.0	0.002681021905598299	0.00015060366201818227	0.0004369709173758943	0.012471731301299083	0.008609752654423415	-0.0006890133791379692	-0.0005366817376193673	0.007183920108589673	-0.0032931463392360675	0.01223913308253631	-0.007423767416838159	-0.00541545187182994	0.002497460344685228	-0.0006161185855798822	0.0018734185848505902	-0.0038766233642602184	0.003619006171303384	-0.003600999434400907	-0.0019284890239880713	0.005291022640914097	bear
2025-12-31	0.004424636431283759	-0.0058640901956407915	0.008733333960239854	0.004109209926202354	0.0020707927497937845	0.006567545342387434	-0.014026713372675283	0.0026515963176948656	0.0025750618311480107	-0.011386155901285527	-0.0009134839664474824	-0.019648059906784077	0.006804619029330905	0.008643516573749193	0.0028750158892618546	0.004502682263356961	0.006850165295911814	-0.000884678626642532	0.016770952163435753	-0.011901278741398243	0.014157624250167028	0.003915951853383298	-0.0014539160660811234	0.0059759047278768185	-0.003559366727831866	0.006444356515522053	-0.028070473527153136	0.00505867808336343	-0.0005168105129821042	-0.012242797794387084	0.0017469177849339923	-0.0007822546070028397	0.006999392355280155	0.0012119348970830567	0.012154067032373542	-0.013467671588646531	-0.025800924027786405	-0.0031697153235466257	0.005096149255653557	0.01618690905504808	-0.01587790688262982	0.0156721703549914	-0.008412507219299665	-0.00628620203468755	0.003844482159698074	0.002231689407898018	-0.007691561789338255	-0.017808771720894134	0.012534682829053553	-0.0026313425506528064	-0.011712668853821181	-0.0014754860319238683	-0.014045602531588075	-0.0022829209506773354	0.024068594725788157	-0.01611751854905122	-0.011033767500189189	0.02545024883919546	0.004828187066741545	-0.006094409745684557	-0.018173950185225288	-0.01325492617463456	-0.007382396148976248	-0.010935529933262817	-0.0011649690231413305	-0.00832933686959476	0.019501159574566558	-0.0024993189633605983	0.014167111856858908	-0.02357639399251016	0.00042465492814642474	-0.017317380436584904	-0.004882564406082144	0.01223826184429655	-0.019549142704490652	-0.012899515012367534	-0.008197563636300571	-0.00954542819550629	-0.00526155560348758	0.015484647442407703	0.0025	0.0018035714285714287	0.0011071428571428573	0.0004107142857142855	-0.00028571428571428584	-0.0009821428571428572	-0.0016785714285714292	-0.002375	0.0	0.0	0.0	0.0	0.0	0.0	0.0	0.0	0.0	0.0	0.0	0.0	0.0	0.0	0.0	0.0	0.0	0.0	0.0	0.0	0.0	0.0	0.0	0.0	0.0	0.0	0.0	0.0	0.0	0.0	0.0	0.0	0.0	0.0	0.0	0.0	0.0	0.0	0.0	0.0	0.0	0.0	0.0	0.0	0.0	0.0	0.0	0.0	0.0	0.0	0.0	0.0	0.0	0.0	0.0	0.0	0.0	0.0	0.0	0.0	0.0	0.0	0.0	0.0	0.0	0.0	0.0	0.0	0.0	0.0	0.0	0.0	0.0037046550833282716	-0.002960467799186141	-0.0026417642211928266	0.0006582901978214599	0.00804986611931749	-0.02164473826917935	-0.008377908474095865	0.007127513860263249	0.0011248198562341517	-0.0012856159238601081	-0.0016352083033917505	-0.0028255920194022502	-0.008996560765320199	-0.00261520439643695	-0.00172049270694181	-0.0074268946923851725	0.0016371260867314326	-0.0026931489345135462	0.004117921690682044	0.005691944014550103	bear
